2026-06-10 16:16:36 WARN main - Load default HA Service: DefaultHAService
2026-06-10 16:16:36 INFO main - /home/rocketmq/store/commitlog mkdir OK
2026-06-10 16:16:36 INFO main - /home/rocketmq/store/consumequeue mkdir OK
2026-06-10 16:16:36 INFO main - /home/rocketmq/store/config mkdir OK
2026-06-10 16:16:36 INFO main - timer checkpoint file not exists, /home/rocketmq/store/config/timercheck
2026-06-10 16:16:36 INFO main - last shutdown normally, store path root dir: /home/rocketmq/store
2026-06-10 16:16:36 INFO main - load commit log OK
2026-06-10 16:16:36 INFO main - load SimpleCQ all over, OK
2026-06-10 16:16:36 INFO main - load BatchCQ all over, OK
2026-06-10 16:16:36 INFO main - compactionStore /home/rocketmq/store/compaction/compactionLog:/home/rocketmq/store/compaction/compactionCq load completed.
2026-06-10 16:16:36 INFO main - loop to scan all topicConfig with fixed delay 30000ms
2026-06-10 16:16:36 INFO main - store checkpoint file not exists, /home/rocketmq/store/checkpoint
2026-06-10 16:16:36 INFO main - message store recover mode: normal
2026-06-10 16:16:36 WARN main - The commitlog files are deleted, and delete the consume queue files
2026-06-10 16:16:36 INFO main - message store recover total cost: 0 ms, recoverConsumeQueue: 0 ms, recoverCommitLog: 0 ms, recoverOffsetTable: 0 ms
2026-06-10 16:16:36 INFO main - message store recover end, and the max phy offset = 0
2026-06-10 16:16:36 INFO main - load over, and the max phy offset = 0
2026-06-10 16:16:36 INFO main - Begin to recover timerLog offset:0 check:true
2026-06-10 16:16:36 INFO main - Timer recover ok currReadTimerMs:1780474656000 currQueueOffset:0 checkQueueOffset:0 processOffset:0
2026-06-10 16:16:37 INFO AllocateMappedFileService - AllocateMappedFileService service started
2026-06-10 16:16:37 INFO ReputMessageService - ReputMessageService service started
2026-06-10 16:16:37 INFO FlushConsumeQueueService - FlushConsumeQueueService service started
2026-06-10 16:16:37 INFO main - start commitLog successfully. storeRoot: /home/rocketmq/store
2026-06-10 16:16:37 INFO FlushRealTimeService - FlushRealTimeService service started
2026-06-10 16:16:37 INFO main - Default ConsumeQueueStore start!
2026-06-10 16:16:37 INFO StoreStatsService - StoreStatsService service started
2026-06-10 16:16:37 INFO GroupTransferService - GroupTransferService service started
2026-06-10 16:16:37 INFO HAConnectionStateNotificationService - HAConnectionStateNotificationService service started
2026-06-10 16:16:37 INFO main - /home/rocketmq/store/abort create OK
2026-06-10 16:16:37 INFO org.apache.rocketmq.store.util.PerfCounter$Ticks - org.apache.rocketmq.store.util.PerfCounter$Ticks get started
2026-06-10 16:16:37 INFO TimerEnqueueGetService - TimerEnqueueGetService service start
2026-06-10 16:16:37 INFO TimerEnqueuePutService - TimerEnqueuePutService service start
2026-06-10 16:16:37 INFO TimerDequeueWarmService - TimerDequeueWarmService service start
2026-06-10 16:16:37 INFO TimerDequeueGetService - TimerDequeueGetService service start
2026-06-10 16:16:37 INFO TimerDequeueGetMessageService - TimerDequeueGetMessageService service start
2026-06-10 16:16:37 INFO TimerDequeueGetMessageService - TimerDequeueGetMessageService service start
2026-06-10 16:16:37 INFO TimerDequeueGetMessageService - TimerDequeueGetMessageService service start
2026-06-10 16:16:37 INFO TimerDequeuePutMessageService - TimerDequeuePutMessageService service start
2026-06-10 16:16:37 INFO TimerDequeuePutMessageService - TimerDequeuePutMessageService service start
2026-06-10 16:16:37 INFO TimerDequeuePutMessageService - TimerDequeuePutMessageService service start
2026-06-10 16:16:37 INFO TimerFlushService - TimerFlushService service start
2026-06-10 16:16:37 INFO main - Timer start ok currReadTimerMs:[2026-06-03 08:17:36.0] queueOffset:[0]
2026-06-10 16:16:47 INFO TimerFlushService - [ASYNC_MASTER]Timer progress-check commitRead:[06-10 08:16:47] currRead:[06-10 08:16:47] currWrite:[06-10 08:16:47] readBehind:0 currReadOffset:0 offsetBehind:0 behindMaster:0 enqPutQueue:0 deqGetQueue:0 deqPutQueue:0 allCongestNum:0 enqExpiredStoreTime:01-01 00:00:00
2026-06-10 16:16:47 INFO FlushRealTimeService - PERF_COUNTER_FLUSH_DATA_TIME_MS[2026-06-10 08:16:47.883] num:21 cost:10004 tps:2.1092 min:0 max:99999999 tp50:0 tp80:0 tp90:0 tp99:0 tp999:0 0_1:21 2_5:0 6_10:0 11_50:0 51_100:0 101_500:0 501_999:0 1000_:0
2026-06-10 16:16:57 INFO FlushRealTimeService - PERF_COUNTER_FLUSH_DATA_TIME_MS[2026-06-10 08:16:57.892] num:20 cost:10006 tps:2.0088 min:0 max:99999999 tp50:0 tp80:0 tp90:0 tp99:0 tp999:0 0_1:20 2_5:0 6_10:0 11_50:0 51_100:0 101_500:0 501_999:0 1000_:0
2026-06-10 16:16:58 INFO TimerFlushService - [ASYNC_MASTER]Timer progress-check commitRead:[06-10 08:16:58] currRead:[06-10 08:16:58] currWrite:[06-10 08:16:58] readBehind:0 currReadOffset:0 offsetBehind:0 behindMaster:0 enqPutQueue:0 deqGetQueue:0 deqPutQueue:0 allCongestNum:0 enqExpiredStoreTime:01-01 00:00:00
2026-06-10 16:17:06 INFO compactionSchedule_1 - start to scan all topicConfig
2026-06-10 16:17:06 INFO compactionSchedule_1 - scan all topicConfig over
2026-06-10 16:17:07 INFO FlushRealTimeService - PERF_COUNTER_FLUSH_DATA_TIME_MS[2026-06-10 08:17:07.897] num:20 cost:10005 tps:2.0090 min:0 max:99999999 tp50:0 tp80:0 tp90:0 tp99:0 tp999:0 0_1:20 2_5:0 6_10:0 11_50:0 51_100:0 101_500:0 501_999:0 1000_:0
2026-06-10 16:17:08 INFO TimerFlushService - [ASYNC_MASTER]Timer progress-check commitRead:[06-10 08:17:08] currRead:[06-10 08:17:08] currWrite:[06-10 08:17:08] readBehind:0 currReadOffset:0 offsetBehind:0 behindMaster:0 enqPutQueue:0 deqGetQueue:0 deqPutQueue:0 allCongestNum:0 enqExpiredStoreTime:01-01 00:00:00
2026-06-10 16:17:17 INFO FlushRealTimeService - PERF_COUNTER_FLUSH_DATA_TIME_MS[2026-06-10 08:17:17.9] num:20 cost:10003 tps:2.0094 min:0 max:99999999 tp50:0 tp80:0 tp90:0 tp99:0 tp999:0 0_1:20 2_5:0 6_10:0 11_50:0 51_100:0 101_500:0 501_999:0 1000_:0
2026-06-10 16:17:18 INFO TimerFlushService - [ASYNC_MASTER]Timer progress-check commitRead:[06-10 08:17:18] currRead:[06-10 08:17:18] currWrite:[06-10 08:17:18] readBehind:0 currReadOffset:0 offsetBehind:0 behindMaster:0 enqPutQueue:0 deqGetQueue:0 deqPutQueue:0 allCongestNum:0 enqExpiredStoreTime:01-01 00:00:00
2026-06-10 16:17:27 INFO FlushRealTimeService - PERF_COUNTER_FLUSH_DATA_TIME_MS[2026-06-10 08:17:27.905] num:20 cost:10005 tps:2.0090 min:0 max:99999999 tp50:0 tp80:0 tp90:0 tp99:0 tp999:0 0_1:20 2_5:0 6_10:0 11_50:0 51_100:0 101_500:0 501_999:0 1000_:0
2026-06-10 16:17:29 INFO TimerFlushService - [ASYNC_MASTER]Timer progress-check commitRead:[06-10 08:17:29] currRead:[06-10 08:17:29] currWrite:[06-10 08:17:29] readBehind:0 currReadOffset:0 offsetBehind:0 behindMaster:0 enqPutQueue:0 deqGetQueue:0 deqPutQueue:0 allCongestNum:0 enqExpiredStoreTime:01-01 00:00:00
2026-06-10 16:17:36 INFO StoreStatsService - [STORETPS] put_tps  get_found_tps  get_miss_tps  get_transferred_tps 
2026-06-10 16:17:36 INFO StoreStatsService - findPutMessageEntireTimePX 0.99=0.00ms cost 2ms
2026-06-10 16:17:36 INFO StoreStatsService - findPutMessageEntireTimePX 0.999=0.00ms cost 0ms
2026-06-10 16:17:36 INFO StoreStatsService - [PAGECACHERT] TotalPut 0, PutMessageDistributeTime [<=0ms]:0 [0~10ms]:0 [10~50ms]:0 [50~100ms]:0 [100~200ms]:0 [200~500ms]:0 [500ms~1s]:0 [1~2s]:0 [2~3s]:0 [3~4s]:0 [4~5s]:0 [5~10s]:0 [10s~]:0 
2026-06-10 16:17:36 INFO compactionSchedule_1 - start to scan all topicConfig
2026-06-10 16:17:36 INFO compactionSchedule_1 - scan all topicConfig over
2026-06-10 16:17:37 INFO FlushRealTimeService - PERF_COUNTER_FLUSH_DATA_TIME_MS[2026-06-10 08:17:37.908] num:20 cost:10003 tps:2.0094 min:0 max:99999999 tp50:0 tp80:0 tp90:0 tp99:0 tp999:0 0_1:20 2_5:0 6_10:0 11_50:0 51_100:0 101_500:0 501_999:0 1000_:0
2026-06-10 16:17:39 INFO TimerFlushService - [ASYNC_MASTER]Timer progress-check commitRead:[06-10 08:17:39] currRead:[06-10 08:17:39] currWrite:[06-10 08:17:39] readBehind:0 currReadOffset:0 offsetBehind:0 behindMaster:0 enqPutQueue:0 deqGetQueue:0 deqPutQueue:0 allCongestNum:0 enqExpiredStoreTime:01-01 00:00:00
2026-06-10 16:17:47 INFO FlushRealTimeService - PERF_COUNTER_FLUSH_DATA_TIME_MS[2026-06-10 08:17:47.911] num:20 cost:10003 tps:2.0094 min:0 max:99999999 tp50:0 tp80:0 tp90:0 tp99:0 tp999:0 0_1:20 2_5:0 6_10:0 11_50:0 51_100:0 101_500:0 501_999:0 1000_:0
2026-06-10 16:17:50 INFO TimerFlushService - [ASYNC_MASTER]Timer progress-check commitRead:[06-10 08:17:49] currRead:[06-10 08:17:49] currWrite:[06-10 08:17:50] readBehind:1 currReadOffset:0 offsetBehind:0 behindMaster:0 enqPutQueue:0 deqGetQueue:0 deqPutQueue:0 allCongestNum:0 enqExpiredStoreTime:01-01 00:00:00
2026-06-10 16:17:57 INFO FlushRealTimeService - PERF_COUNTER_FLUSH_DATA_TIME_MS[2026-06-10 08:17:57.914] num:20 cost:10002 tps:2.0096 min:0 max:99999999 tp50:0 tp80:0 tp90:0 tp99:0 tp999:0 0_1:20 2_5:0 6_10:0 11_50:0 51_100:0 101_500:0 501_999:0 1000_:0
2026-06-10 16:18:00 INFO TimerFlushService - [ASYNC_MASTER]Timer progress-check commitRead:[06-10 08:18:00] currRead:[06-10 08:18:00] currWrite:[06-10 08:18:00] readBehind:0 currReadOffset:0 offsetBehind:0 behindMaster:0 enqPutQueue:0 deqGetQueue:0 deqPutQueue:0 allCongestNum:0 enqExpiredStoreTime:01-01 00:00:00
2026-06-10 16:18:06 INFO compactionSchedule_2 - start to scan all topicConfig
2026-06-10 16:18:06 INFO compactionSchedule_2 - scan all topicConfig over
2026-06-10 16:18:07 INFO FlushRealTimeService - PERF_COUNTER_FLUSH_DATA_TIME_MS[2026-06-10 08:18:07.916] num:20 cost:10002 tps:2.0096 min:0 max:99999999 tp50:0 tp80:0 tp90:0 tp99:0 tp999:0 0_1:20 2_5:0 6_10:0 11_50:0 51_100:0 101_500:0 501_999:0 1000_:0
2026-06-10 16:18:10 INFO TimerFlushService - [ASYNC_MASTER]Timer progress-check commitRead:[06-10 08:18:10] currRead:[06-10 08:18:10] currWrite:[06-10 08:18:10] readBehind:0 currReadOffset:0 offsetBehind:0 behindMaster:0 enqPutQueue:0 deqGetQueue:0 deqPutQueue:0 allCongestNum:0 enqExpiredStoreTime:01-01 00:00:00
2026-06-10 16:18:17 INFO FlushRealTimeService - PERF_COUNTER_FLUSH_DATA_TIME_MS[2026-06-10 08:18:17.919] num:20 cost:10002 tps:2.0096 min:0 max:99999999 tp50:0 tp80:0 tp90:0 tp99:0 tp999:0 0_1:20 2_5:0 6_10:0 11_50:0 51_100:0 101_500:0 501_999:0 1000_:0
2026-06-10 16:18:20 INFO TimerFlushService - [ASYNC_MASTER]Timer progress-check commitRead:[06-10 08:18:20] currRead:[06-10 08:18:20] currWrite:[06-10 08:18:20] readBehind:0 currReadOffset:0 offsetBehind:0 behindMaster:0 enqPutQueue:0 deqGetQueue:0 deqPutQueue:0 allCongestNum:0 enqExpiredStoreTime:01-01 00:00:00
2026-06-10 16:18:27 INFO FlushRealTimeService - PERF_COUNTER_FLUSH_DATA_TIME_MS[2026-06-10 08:18:27.922] num:20 cost:10002 tps:2.0096 min:0 max:99999999 tp50:0 tp80:0 tp90:0 tp99:0 tp999:0 0_1:20 2_5:0 6_10:0 11_50:0 51_100:0 101_500:0 501_999:0 1000_:0
2026-06-10 16:18:31 INFO TimerFlushService - [ASYNC_MASTER]Timer progress-check commitRead:[06-10 08:18:31] currRead:[06-10 08:18:31] currWrite:[06-10 08:18:31] readBehind:0 currReadOffset:0 offsetBehind:0 behindMaster:0 enqPutQueue:0 deqGetQueue:0 deqPutQueue:0 allCongestNum:0 enqExpiredStoreTime:01-01 00:00:00
2026-06-10 16:18:36 INFO StoreStatsService - [STORETPS] put_tps 0.0 get_found_tps 0.0 get_miss_tps 38.39296129043009 get_transferred_tps 0.0
2026-06-10 16:18:36 INFO StoreStatsService - findPutMessageEntireTimePX 0.99=0.00ms cost 0ms
2026-06-10 16:18:36 INFO StoreStatsService - findPutMessageEntireTimePX 0.999=0.00ms cost 1ms
2026-06-10 16:18:36 INFO StoreStatsService - [PAGECACHERT] TotalPut 0, PutMessageDistributeTime [<=0ms]:0 [0~10ms]:0 [10~50ms]:0 [50~100ms]:0 [100~200ms]:0 [200~500ms]:0 [500ms~1s]:0 [1~2s]:0 [2~3s]:0 [3~4s]:0 [4~5s]:0 [5~10s]:0 [10s~]:0 
2026-06-10 16:18:36 INFO compactionSchedule_1 - start to scan all topicConfig
2026-06-10 16:18:36 INFO compactionSchedule_1 - scan all topicConfig over
2026-06-10 16:18:37 INFO FlushRealTimeService - PERF_COUNTER_FLUSH_DATA_TIME_MS[2026-06-10 08:18:37.924] num:20 cost:10002 tps:2.0096 min:0 max:99999999 tp50:0 tp80:0 tp90:0 tp99:0 tp999:0 0_1:20 2_5:0 6_10:0 11_50:0 51_100:0 101_500:0 501_999:0 1000_:0
2026-06-10 16:18:41 INFO TimerFlushService - [ASYNC_MASTER]Timer progress-check commitRead:[06-10 08:18:41] currRead:[06-10 08:18:41] currWrite:[06-10 08:18:41] readBehind:0 currReadOffset:0 offsetBehind:0 behindMaster:0 enqPutQueue:0 deqGetQueue:0 deqPutQueue:0 allCongestNum:0 enqExpiredStoreTime:01-01 00:00:00
2026-06-10 16:18:47 INFO FlushRealTimeService - PERF_COUNTER_FLUSH_DATA_TIME_MS[2026-06-10 08:18:47.927] num:20 cost:10002 tps:2.0096 min:0 max:1 tp50:0 tp80:0 tp90:0 tp99:1 tp999:1 0_1:20 2_5:0 6_10:0 11_50:0 51_100:0 101_500:0 501_999:0 1000_:0
2026-06-10 16:18:51 INFO TimerFlushService - [ASYNC_MASTER]Timer progress-check commitRead:[06-10 08:18:51] currRead:[06-10 08:18:51] currWrite:[06-10 08:18:51] readBehind:0 currReadOffset:0 offsetBehind:0 behindMaster:0 enqPutQueue:0 deqGetQueue:0 deqPutQueue:0 allCongestNum:0 enqExpiredStoreTime:01-01 00:00:00
2026-06-10 16:18:57 INFO FlushRealTimeService - PERF_COUNTER_FLUSH_DATA_TIME_MS[2026-06-10 08:18:57.933] num:20 cost:10005 tps:2.0090 min:0 max:99999999 tp50:0 tp80:0 tp90:0 tp99:0 tp999:0 0_1:20 2_5:0 6_10:0 11_50:0 51_100:0 101_500:0 501_999:0 1000_:0
2026-06-10 16:19:02 INFO TimerFlushService - [ASYNC_MASTER]Timer progress-check commitRead:[06-10 08:19:01] currRead:[06-10 08:19:01] currWrite:[06-10 08:19:02] readBehind:1 currReadOffset:0 offsetBehind:0 behindMaster:0 enqPutQueue:0 deqGetQueue:0 deqPutQueue:0 allCongestNum:0 enqExpiredStoreTime:01-01 00:00:00
2026-06-10 16:19:06 INFO compactionSchedule_3 - start to scan all topicConfig
2026-06-10 16:19:06 INFO compactionSchedule_3 - scan all topicConfig over
2026-06-10 16:19:07 INFO FlushRealTimeService - PERF_COUNTER_FLUSH_DATA_TIME_MS[2026-06-10 08:19:07.937] num:20 cost:10004 tps:2.0092 min:0 max:99999999 tp50:0 tp80:0 tp90:0 tp99:0 tp999:0 0_1:20 2_5:0 6_10:0 11_50:0 51_100:0 101_500:0 501_999:0 1000_:0
2026-06-10 16:19:12 INFO TimerFlushService - [ASYNC_MASTER]Timer progress-check commitRead:[06-10 08:19:12] currRead:[06-10 08:19:12] currWrite:[06-10 08:19:12] readBehind:0 currReadOffset:0 offsetBehind:0 behindMaster:0 enqPutQueue:0 deqGetQueue:0 deqPutQueue:0 allCongestNum:0 enqExpiredStoreTime:01-01 00:00:00
2026-06-10 16:19:17 INFO FlushRealTimeService - PERF_COUNTER_FLUSH_DATA_TIME_MS[2026-06-10 08:19:17.94] num:20 cost:10003 tps:2.0094 min:0 max:1 tp50:0 tp80:0 tp90:0 tp99:1 tp999:1 0_1:20 2_5:0 6_10:0 11_50:0 51_100:0 101_500:0 501_999:0 1000_:0
2026-06-10 16:19:22 INFO TimerFlushService - [ASYNC_MASTER]Timer progress-check commitRead:[06-10 08:19:22] currRead:[06-10 08:19:22] currWrite:[06-10 08:19:22] readBehind:0 currReadOffset:0 offsetBehind:0 behindMaster:0 enqPutQueue:0 deqGetQueue:0 deqPutQueue:0 allCongestNum:0 enqExpiredStoreTime:01-01 00:00:00
2026-06-10 16:19:27 INFO FlushRealTimeService - PERF_COUNTER_FLUSH_DATA_TIME_MS[2026-06-10 08:19:27.944] num:20 cost:10003 tps:2.0094 min:0 max:99999999 tp50:0 tp80:0 tp90:0 tp99:0 tp999:0 0_1:20 2_5:0 6_10:0 11_50:0 51_100:0 101_500:0 501_999:0 1000_:0
2026-06-10 16:19:34 INFO TimerFlushService - [ASYNC_MASTER]Timer progress-check commitRead:[06-10 08:19:34] currRead:[06-10 08:19:34] currWrite:[06-10 08:19:34] readBehind:0 currReadOffset:0 offsetBehind:0 behindMaster:0 enqPutQueue:0 deqGetQueue:0 deqPutQueue:0 allCongestNum:0 enqExpiredStoreTime:01-01 00:00:00
2026-06-10 16:19:36 INFO StoreStatsService - [STORETPS] put_tps 0.0 get_found_tps 0.0 get_miss_tps 41.991601679664065 get_transferred_tps 0.0
2026-06-10 16:19:36 INFO StoreStatsService - findPutMessageEntireTimePX 0.99=0.00ms cost 0ms
2026-06-10 16:19:36 INFO StoreStatsService - findPutMessageEntireTimePX 0.999=0.00ms cost 0ms
2026-06-10 16:19:36 INFO StoreStatsService - [PAGECACHERT] TotalPut 0, PutMessageDistributeTime [<=0ms]:0 [0~10ms]:0 [10~50ms]:0 [50~100ms]:0 [100~200ms]:0 [200~500ms]:0 [500ms~1s]:0 [1~2s]:0 [2~3s]:0 [3~4s]:0 [4~5s]:0 [5~10s]:0 [10s~]:0 
2026-06-10 16:19:36 INFO compactionSchedule_2 - start to scan all topicConfig
2026-06-10 16:19:36 INFO compactionSchedule_2 - scan all topicConfig over
2026-06-10 16:19:37 INFO FlushRealTimeService - PERF_COUNTER_FLUSH_DATA_TIME_MS[2026-06-10 08:19:37.947] num:20 cost:10003 tps:2.0094 min:0 max:99999999 tp50:0 tp80:0 tp90:0 tp99:0 tp999:0 0_1:20 2_5:0 6_10:0 11_50:0 51_100:0 101_500:0 501_999:0 1000_:0
2026-06-10 16:19:44 INFO TimerFlushService - [ASYNC_MASTER]Timer progress-check commitRead:[06-10 08:19:44] currRead:[06-10 08:19:44] currWrite:[06-10 08:19:44] readBehind:0 currReadOffset:0 offsetBehind:0 behindMaster:0 enqPutQueue:0 deqGetQueue:0 deqPutQueue:0 allCongestNum:0 enqExpiredStoreTime:01-01 00:00:00
2026-06-10 16:19:47 INFO FlushRealTimeService - PERF_COUNTER_FLUSH_DATA_TIME_MS[2026-06-10 08:19:47.952] num:20 cost:10004 tps:2.0092 min:0 max:99999999 tp50:0 tp80:0 tp90:0 tp99:0 tp999:0 0_1:20 2_5:0 6_10:0 11_50:0 51_100:0 101_500:0 501_999:0 1000_:0
2026-06-10 16:19:55 INFO TimerFlushService - [ASYNC_MASTER]Timer progress-check commitRead:[06-10 08:19:55] currRead:[06-10 08:19:55] currWrite:[06-10 08:19:55] readBehind:0 currReadOffset:0 offsetBehind:0 behindMaster:0 enqPutQueue:0 deqGetQueue:0 deqPutQueue:0 allCongestNum:0 enqExpiredStoreTime:01-01 00:00:00
2026-06-10 16:19:57 INFO FlushRealTimeService - PERF_COUNTER_FLUSH_DATA_TIME_MS[2026-06-10 08:19:57.955] num:20 cost:10002 tps:2.0096 min:0 max:99999999 tp50:0 tp80:0 tp90:0 tp99:0 tp999:0 0_1:20 2_5:0 6_10:0 11_50:0 51_100:0 101_500:0 501_999:0 1000_:0
2026-06-10 16:20:06 INFO compactionSchedule_2 - start to scan all topicConfig
2026-06-10 16:20:06 INFO compactionSchedule_2 - scan all topicConfig over
2026-06-10 16:20:06 INFO TimerFlushService - [ASYNC_MASTER]Timer progress-check commitRead:[06-10 08:20:06] currRead:[06-10 08:20:06] currWrite:[06-10 08:20:06] readBehind:0 currReadOffset:0 offsetBehind:0 behindMaster:0 enqPutQueue:0 deqGetQueue:0 deqPutQueue:0 allCongestNum:0 enqExpiredStoreTime:01-01 00:00:00
2026-06-10 16:20:07 INFO FlushRealTimeService - PERF_COUNTER_FLUSH_DATA_TIME_MS[2026-06-10 08:20:07.958] num:20 cost:10003 tps:2.0094 min:0 max:99999999 tp50:0 tp80:0 tp90:0 tp99:0 tp999:0 0_1:20 2_5:0 6_10:0 11_50:0 51_100:0 101_500:0 501_999:0 1000_:0
2026-06-10 16:20:16 INFO TimerFlushService - [ASYNC_MASTER]Timer progress-check commitRead:[06-10 08:20:16] currRead:[06-10 08:20:16] currWrite:[06-10 08:20:16] readBehind:0 currReadOffset:0 offsetBehind:0 behindMaster:0 enqPutQueue:0 deqGetQueue:0 deqPutQueue:0 allCongestNum:0 enqExpiredStoreTime:01-01 00:00:00
2026-06-10 16:20:17 INFO FlushRealTimeService - PERF_COUNTER_FLUSH_DATA_TIME_MS[2026-06-10 08:20:17.961] num:20 cost:10002 tps:2.0096 min:0 max:99999999 tp50:0 tp80:0 tp90:0 tp99:0 tp999:0 0_1:20 2_5:0 6_10:0 11_50:0 51_100:0 101_500:0 501_999:0 1000_:0
2026-06-10 16:20:27 INFO TimerFlushService - [ASYNC_MASTER]Timer progress-check commitRead:[06-10 08:20:27] currRead:[06-10 08:20:27] currWrite:[06-10 08:20:27] readBehind:0 currReadOffset:0 offsetBehind:0 behindMaster:0 enqPutQueue:0 deqGetQueue:0 deqPutQueue:0 allCongestNum:0 enqExpiredStoreTime:01-01 00:00:00
2026-06-10 16:20:27 INFO FlushRealTimeService - PERF_COUNTER_FLUSH_DATA_TIME_MS[2026-06-10 08:20:27.964] num:20 cost:10002 tps:2.0096 min:0 max:99999999 tp50:0 tp80:0 tp90:0 tp99:0 tp999:0 0_1:20 2_5:0 6_10:0 11_50:0 51_100:0 101_500:0 501_999:0 1000_:0
2026-06-10 16:20:36 INFO StoreStatsService - [STORETPS] put_tps 0.0 get_found_tps 0.0 get_miss_tps 40.258614943677934 get_transferred_tps 0.0
2026-06-10 16:20:36 INFO StoreStatsService - findPutMessageEntireTimePX 0.99=0.00ms cost 0ms
2026-06-10 16:20:36 INFO StoreStatsService - findPutMessageEntireTimePX 0.999=0.00ms cost 0ms
2026-06-10 16:20:36 INFO StoreStatsService - [PAGECACHERT] TotalPut 0, PutMessageDistributeTime [<=0ms]:0 [0~10ms]:0 [10~50ms]:0 [50~100ms]:0 [100~200ms]:0 [200~500ms]:0 [500ms~1s]:0 [1~2s]:0 [2~3s]:0 [3~4s]:0 [4~5s]:0 [5~10s]:0 [10s~]:0 
2026-06-10 16:20:36 INFO compactionSchedule_2 - start to scan all topicConfig
2026-06-10 16:20:36 INFO compactionSchedule_2 - scan all topicConfig over
2026-06-10 16:20:37 INFO TimerFlushService - [ASYNC_MASTER]Timer progress-check commitRead:[06-10 08:20:37] currRead:[06-10 08:20:37] currWrite:[06-10 08:20:37] readBehind:0 currReadOffset:0 offsetBehind:0 behindMaster:0 enqPutQueue:0 deqGetQueue:0 deqPutQueue:0 allCongestNum:0 enqExpiredStoreTime:01-01 00:00:00
2026-06-10 16:20:37 INFO FlushRealTimeService - PERF_COUNTER_FLUSH_DATA_TIME_MS[2026-06-10 08:20:37.967] num:20 cost:10003 tps:2.0094 min:0 max:99999999 tp50:0 tp80:0 tp90:0 tp99:0 tp999:0 0_1:20 2_5:0 6_10:0 11_50:0 51_100:0 101_500:0 501_999:0 1000_:0
2026-06-10 16:20:47 INFO TimerFlushService - [ASYNC_MASTER]Timer progress-check commitRead:[06-10 08:20:47] currRead:[06-10 08:20:47] currWrite:[06-10 08:20:47] readBehind:0 currReadOffset:0 offsetBehind:0 behindMaster:0 enqPutQueue:0 deqGetQueue:0 deqPutQueue:0 allCongestNum:0 enqExpiredStoreTime:01-01 00:00:00
2026-06-10 16:20:47 INFO FlushRealTimeService - PERF_COUNTER_FLUSH_DATA_TIME_MS[2026-06-10 08:20:47.97] num:20 cost:10003 tps:2.0094 min:0 max:99999999 tp50:0 tp80:0 tp90:0 tp99:0 tp999:0 0_1:20 2_5:0 6_10:0 11_50:0 51_100:0 101_500:0 501_999:0 1000_:0
2026-06-10 16:20:57 INFO FlushRealTimeService - PERF_COUNTER_FLUSH_DATA_TIME_MS[2026-06-10 08:20:57.973] num:20 cost:10003 tps:2.0094 min:0 max:99999999 tp50:0 tp80:0 tp90:0 tp99:0 tp999:0 0_1:20 2_5:0 6_10:0 11_50:0 51_100:0 101_500:0 501_999:0 1000_:0
2026-06-10 16:20:58 INFO TimerFlushService - [ASYNC_MASTER]Timer progress-check commitRead:[06-10 08:20:58] currRead:[06-10 08:20:58] currWrite:[06-10 08:20:58] readBehind:0 currReadOffset:0 offsetBehind:0 behindMaster:0 enqPutQueue:0 deqGetQueue:0 deqPutQueue:0 allCongestNum:0 enqExpiredStoreTime:01-01 00:00:00
2026-06-10 16:21:06 INFO compactionSchedule_2 - start to scan all topicConfig
2026-06-10 16:21:06 INFO compactionSchedule_2 - scan all topicConfig over
2026-06-10 16:21:07 INFO FlushRealTimeService - PERF_COUNTER_FLUSH_DATA_TIME_MS[2026-06-10 08:21:07.976] num:20 cost:10003 tps:2.0094 min:0 max:99999999 tp50:0 tp80:0 tp90:0 tp99:0 tp999:0 0_1:20 2_5:0 6_10:0 11_50:0 51_100:0 101_500:0 501_999:0 1000_:0
2026-06-10 16:21:08 INFO TimerFlushService - [ASYNC_MASTER]Timer progress-check commitRead:[06-10 08:21:08] currRead:[06-10 08:21:08] currWrite:[06-10 08:21:08] readBehind:0 currReadOffset:0 offsetBehind:0 behindMaster:0 enqPutQueue:0 deqGetQueue:0 deqPutQueue:0 allCongestNum:0 enqExpiredStoreTime:01-01 00:00:00
2026-06-10 16:21:17 INFO FlushRealTimeService - PERF_COUNTER_FLUSH_DATA_TIME_MS[2026-06-10 08:21:17.98] num:20 cost:10004 tps:2.0092 min:0 max:99999999 tp50:0 tp80:0 tp90:0 tp99:0 tp999:0 0_1:20 2_5:0 6_10:0 11_50:0 51_100:0 101_500:0 501_999:0 1000_:0
2026-06-10 16:21:18 INFO TimerFlushService - [ASYNC_MASTER]Timer progress-check commitRead:[06-10 08:21:18] currRead:[06-10 08:21:18] currWrite:[06-10 08:21:18] readBehind:0 currReadOffset:0 offsetBehind:0 behindMaster:0 enqPutQueue:0 deqGetQueue:0 deqPutQueue:0 allCongestNum:0 enqExpiredStoreTime:01-01 00:00:00
2026-06-10 16:21:27 INFO FlushRealTimeService - PERF_COUNTER_FLUSH_DATA_TIME_MS[2026-06-10 08:21:27.986] num:20 cost:10005 tps:2.0090 min:0 max:99999999 tp50:0 tp80:0 tp90:0 tp99:0 tp999:0 0_1:20 2_5:0 6_10:0 11_50:0 51_100:0 101_500:0 501_999:0 1000_:0
2026-06-10 16:21:29 INFO TimerFlushService - [ASYNC_MASTER]Timer progress-check commitRead:[06-10 08:21:29] currRead:[06-10 08:21:29] currWrite:[06-10 08:21:29] readBehind:0 currReadOffset:0 offsetBehind:0 behindMaster:0 enqPutQueue:0 deqGetQueue:0 deqPutQueue:0 allCongestNum:0 enqExpiredStoreTime:01-01 00:00:00
2026-06-10 16:21:36 INFO StoreStatsService - [STORETPS] put_tps 0.0 get_found_tps 0.0 get_miss_tps 39.85935911749513 get_transferred_tps 0.0
2026-06-10 16:21:36 INFO StoreStatsService - findPutMessageEntireTimePX 0.99=0.00ms cost 0ms
2026-06-10 16:21:36 INFO StoreStatsService - findPutMessageEntireTimePX 0.999=0.00ms cost 0ms
2026-06-10 16:21:36 INFO StoreStatsService - [PAGECACHERT] TotalPut 0, PutMessageDistributeTime [<=0ms]:0 [0~10ms]:0 [10~50ms]:0 [50~100ms]:0 [100~200ms]:0 [200~500ms]:0 [500ms~1s]:0 [1~2s]:0 [2~3s]:0 [3~4s]:0 [4~5s]:0 [5~10s]:0 [10s~]:0 
2026-06-10 16:21:36 INFO compactionSchedule_2 - start to scan all topicConfig
2026-06-10 16:21:36 INFO compactionSchedule_2 - scan all topicConfig over
2026-06-10 16:21:37 INFO FlushRealTimeService - PERF_COUNTER_FLUSH_DATA_TIME_MS[2026-06-10 08:21:37.992] num:20 cost:10005 tps:2.0090 min:0 max:99999999 tp50:0 tp80:0 tp90:0 tp99:0 tp999:0 0_1:20 2_5:0 6_10:0 11_50:0 51_100:0 101_500:0 501_999:0 1000_:0
2026-06-10 16:21:39 INFO TimerFlushService - [ASYNC_MASTER]Timer progress-check commitRead:[06-10 08:21:39] currRead:[06-10 08:21:39] currWrite:[06-10 08:21:39] readBehind:0 currReadOffset:0 offsetBehind:0 behindMaster:0 enqPutQueue:0 deqGetQueue:0 deqPutQueue:0 allCongestNum:0 enqExpiredStoreTime:01-01 00:00:00
2026-06-10 16:21:47 INFO FlushRealTimeService - PERF_COUNTER_FLUSH_DATA_TIME_MS[2026-06-10 08:21:47.997] num:20 cost:10005 tps:2.0090 min:0 max:99999999 tp50:0 tp80:0 tp90:0 tp99:0 tp999:0 0_1:20 2_5:0 6_10:0 11_50:0 51_100:0 101_500:0 501_999:0 1000_:0
2026-06-10 16:21:50 INFO TimerFlushService - [ASYNC_MASTER]Timer progress-check commitRead:[06-10 08:21:50] currRead:[06-10 08:21:50] currWrite:[06-10 08:21:50] readBehind:0 currReadOffset:0 offsetBehind:0 behindMaster:0 enqPutQueue:0 deqGetQueue:0 deqPutQueue:0 allCongestNum:0 enqExpiredStoreTime:01-01 00:00:00
2026-06-10 16:21:58 INFO FlushRealTimeService - PERF_COUNTER_FLUSH_DATA_TIME_MS[2026-06-10 08:21:58.0] num:20 cost:10003 tps:2.0094 min:0 max:99999999 tp50:0 tp80:0 tp90:0 tp99:0 tp999:0 0_1:20 2_5:0 6_10:0 11_50:0 51_100:0 101_500:0 501_999:0 1000_:0
2026-06-10 16:22:00 INFO TimerFlushService - [ASYNC_MASTER]Timer progress-check commitRead:[06-10 08:22:00] currRead:[06-10 08:22:00] currWrite:[06-10 08:22:00] readBehind:0 currReadOffset:0 offsetBehind:0 behindMaster:0 enqPutQueue:0 deqGetQueue:0 deqPutQueue:0 allCongestNum:0 enqExpiredStoreTime:01-01 00:00:00
2026-06-10 16:22:06 INFO compactionSchedule_2 - start to scan all topicConfig
2026-06-10 16:22:06 INFO compactionSchedule_2 - scan all topicConfig over
2026-06-10 16:22:08 INFO FlushRealTimeService - PERF_COUNTER_FLUSH_DATA_TIME_MS[2026-06-10 08:22:08.003] num:20 cost:10003 tps:2.0094 min:0 max:99999999 tp50:0 tp80:0 tp90:0 tp99:0 tp999:0 0_1:20 2_5:0 6_10:0 11_50:0 51_100:0 101_500:0 501_999:0 1000_:0
2026-06-10 16:22:11 INFO TimerFlushService - [ASYNC_MASTER]Timer progress-check commitRead:[06-10 08:22:11] currRead:[06-10 08:22:11] currWrite:[06-10 08:22:11] readBehind:0 currReadOffset:0 offsetBehind:0 behindMaster:0 enqPutQueue:0 deqGetQueue:0 deqPutQueue:0 allCongestNum:0 enqExpiredStoreTime:01-01 00:00:00
2026-06-10 16:22:18 INFO FlushRealTimeService - PERF_COUNTER_FLUSH_DATA_TIME_MS[2026-06-10 08:22:18.009] num:20 cost:10006 tps:2.0088 min:0 max:99999999 tp50:0 tp80:0 tp90:0 tp99:0 tp999:0 0_1:20 2_5:0 6_10:0 11_50:0 51_100:0 101_500:0 501_999:0 1000_:0
2026-06-10 16:22:22 INFO TimerFlushService - [ASYNC_MASTER]Timer progress-check commitRead:[06-10 08:22:21] currRead:[06-10 08:22:21] currWrite:[06-10 08:22:22] readBehind:1 currReadOffset:0 offsetBehind:0 behindMaster:0 enqPutQueue:0 deqGetQueue:0 deqPutQueue:0 allCongestNum:0 enqExpiredStoreTime:01-01 00:00:00
2026-06-10 16:22:28 INFO FlushRealTimeService - PERF_COUNTER_FLUSH_DATA_TIME_MS[2026-06-10 08:22:28.016] num:20 cost:10007 tps:2.0086 min:0 max:99999999 tp50:0 tp80:0 tp90:0 tp99:0 tp999:0 0_1:20 2_5:0 6_10:0 11_50:0 51_100:0 101_500:0 501_999:0 1000_:0
2026-06-10 16:22:32 INFO TimerFlushService - [ASYNC_MASTER]Timer progress-check commitRead:[06-10 08:22:32] currRead:[06-10 08:22:32] currWrite:[06-10 08:22:32] readBehind:0 currReadOffset:0 offsetBehind:0 behindMaster:0 enqPutQueue:0 deqGetQueue:0 deqPutQueue:0 allCongestNum:0 enqExpiredStoreTime:01-01 00:00:00
2026-06-10 16:22:36 INFO StoreStatsService - [STORETPS] put_tps 0.0 get_found_tps 0.0 get_miss_tps 42.39152169566087 get_transferred_tps 0.0
2026-06-10 16:22:36 INFO StoreStatsService - findPutMessageEntireTimePX 0.99=0.00ms cost 0ms
2026-06-10 16:22:36 INFO StoreStatsService - findPutMessageEntireTimePX 0.999=0.00ms cost 0ms
2026-06-10 16:22:36 INFO StoreStatsService - [PAGECACHERT] TotalPut 0, PutMessageDistributeTime [<=0ms]:0 [0~10ms]:0 [10~50ms]:0 [50~100ms]:0 [100~200ms]:0 [200~500ms]:0 [500ms~1s]:0 [1~2s]:0 [2~3s]:0 [3~4s]:0 [4~5s]:0 [5~10s]:0 [10s~]:0 
2026-06-10 16:22:36 INFO compactionSchedule_2 - start to scan all topicConfig
2026-06-10 16:22:36 INFO compactionSchedule_2 - scan all topicConfig over
2026-06-10 16:22:38 INFO FlushRealTimeService - PERF_COUNTER_FLUSH_DATA_TIME_MS[2026-06-10 08:22:38.019] num:20 cost:10003 tps:2.0094 min:0 max:99999999 tp50:0 tp80:0 tp90:0 tp99:0 tp999:0 0_1:20 2_5:0 6_10:0 11_50:0 51_100:0 101_500:0 501_999:0 1000_:0
2026-06-10 16:22:43 INFO TimerFlushService - [ASYNC_MASTER]Timer progress-check commitRead:[06-10 08:22:43] currRead:[06-10 08:22:43] currWrite:[06-10 08:22:43] readBehind:0 currReadOffset:0 offsetBehind:0 behindMaster:0 enqPutQueue:0 deqGetQueue:0 deqPutQueue:0 allCongestNum:0 enqExpiredStoreTime:01-01 00:00:00
2026-06-10 16:22:48 INFO FlushRealTimeService - PERF_COUNTER_FLUSH_DATA_TIME_MS[2026-06-10 08:22:48.022] num:20 cost:10003 tps:2.0094 min:0 max:99999999 tp50:0 tp80:0 tp90:0 tp99:0 tp999:0 0_1:20 2_5:0 6_10:0 11_50:0 51_100:0 101_500:0 501_999:0 1000_:0
2026-06-10 16:22:53 INFO TimerFlushService - [ASYNC_MASTER]Timer progress-check commitRead:[06-10 08:22:53] currRead:[06-10 08:22:53] currWrite:[06-10 08:22:53] readBehind:0 currReadOffset:0 offsetBehind:0 behindMaster:0 enqPutQueue:0 deqGetQueue:0 deqPutQueue:0 allCongestNum:0 enqExpiredStoreTime:01-01 00:00:00
2026-06-10 16:22:58 INFO FlushRealTimeService - PERF_COUNTER_FLUSH_DATA_TIME_MS[2026-06-10 08:22:58.026] num:20 cost:10003 tps:2.0094 min:0 max:99999999 tp50:0 tp80:0 tp90:0 tp99:0 tp999:0 0_1:20 2_5:0 6_10:0 11_50:0 51_100:0 101_500:0 501_999:0 1000_:0
2026-06-10 16:23:04 INFO TimerFlushService - [ASYNC_MASTER]Timer progress-check commitRead:[06-10 08:23:04] currRead:[06-10 08:23:04] currWrite:[06-10 08:23:04] readBehind:0 currReadOffset:0 offsetBehind:0 behindMaster:0 enqPutQueue:0 deqGetQueue:0 deqPutQueue:0 allCongestNum:0 enqExpiredStoreTime:01-01 00:00:00
2026-06-10 16:23:06 INFO compactionSchedule_2 - start to scan all topicConfig
2026-06-10 16:23:06 INFO compactionSchedule_2 - scan all topicConfig over
2026-06-10 16:23:08 INFO FlushRealTimeService - PERF_COUNTER_FLUSH_DATA_TIME_MS[2026-06-10 08:23:08.029] num:20 cost:10003 tps:2.0094 min:0 max:99999999 tp50:0 tp80:0 tp90:0 tp99:0 tp999:0 0_1:20 2_5:0 6_10:0 11_50:0 51_100:0 101_500:0 501_999:0 1000_:0
2026-06-10 16:23:15 INFO TimerFlushService - [ASYNC_MASTER]Timer progress-check commitRead:[06-10 08:23:15] currRead:[06-10 08:23:15] currWrite:[06-10 08:23:15] readBehind:0 currReadOffset:0 offsetBehind:0 behindMaster:0 enqPutQueue:0 deqGetQueue:0 deqPutQueue:0 allCongestNum:0 enqExpiredStoreTime:01-01 00:00:00
2026-06-10 16:23:18 INFO FlushRealTimeService - PERF_COUNTER_FLUSH_DATA_TIME_MS[2026-06-10 08:23:18.031] num:20 cost:10002 tps:2.0096 min:0 max:99999999 tp50:0 tp80:0 tp90:0 tp99:0 tp999:0 0_1:20 2_5:0 6_10:0 11_50:0 51_100:0 101_500:0 501_999:0 1000_:0
2026-06-10 16:23:25 INFO TimerFlushService - [ASYNC_MASTER]Timer progress-check commitRead:[06-10 08:23:25] currRead:[06-10 08:23:25] currWrite:[06-10 08:23:25] readBehind:0 currReadOffset:0 offsetBehind:0 behindMaster:0 enqPutQueue:0 deqGetQueue:0 deqPutQueue:0 allCongestNum:0 enqExpiredStoreTime:01-01 00:00:00
2026-06-10 16:23:28 INFO FlushRealTimeService - PERF_COUNTER_FLUSH_DATA_TIME_MS[2026-06-10 08:23:28.034] num:20 cost:10002 tps:2.0096 min:0 max:99999999 tp50:0 tp80:0 tp90:0 tp99:0 tp999:0 0_1:20 2_5:0 6_10:0 11_50:0 51_100:0 101_500:0 501_999:0 1000_:0
2026-06-10 16:23:36 INFO TimerFlushService - [ASYNC_MASTER]Timer progress-check commitRead:[06-10 08:23:36] currRead:[06-10 08:23:36] currWrite:[06-10 08:23:36] readBehind:0 currReadOffset:0 offsetBehind:0 behindMaster:0 enqPutQueue:0 deqGetQueue:0 deqPutQueue:0 allCongestNum:0 enqExpiredStoreTime:01-01 00:00:00
2026-06-10 16:23:36 INFO StoreStatsService - [STORETPS] put_tps 0.0 get_found_tps 0.0 get_miss_tps 38.391042090178956 get_transferred_tps 0.0
2026-06-10 16:23:36 INFO StoreStatsService - findPutMessageEntireTimePX 0.99=0.00ms cost 1ms
2026-06-10 16:23:36 INFO StoreStatsService - findPutMessageEntireTimePX 0.999=0.00ms cost 0ms
2026-06-10 16:23:36 INFO StoreStatsService - [PAGECACHERT] TotalPut 0, PutMessageDistributeTime [<=0ms]:0 [0~10ms]:0 [10~50ms]:0 [50~100ms]:0 [100~200ms]:0 [200~500ms]:0 [500ms~1s]:0 [1~2s]:0 [2~3s]:0 [3~4s]:0 [4~5s]:0 [5~10s]:0 [10s~]:0 
2026-06-10 16:23:36 INFO compactionSchedule_2 - start to scan all topicConfig
2026-06-10 16:23:36 INFO compactionSchedule_2 - scan all topicConfig over
2026-06-10 16:23:38 INFO FlushRealTimeService - PERF_COUNTER_FLUSH_DATA_TIME_MS[2026-06-10 08:23:38.039] num:20 cost:10004 tps:2.0092 min:0 max:99999999 tp50:0 tp80:0 tp90:0 tp99:0 tp999:0 0_1:20 2_5:0 6_10:0 11_50:0 51_100:0 101_500:0 501_999:0 1000_:0
2026-06-10 16:23:47 INFO TimerFlushService - [ASYNC_MASTER]Timer progress-check commitRead:[06-10 08:23:47] currRead:[06-10 08:23:47] currWrite:[06-10 08:23:47] readBehind:0 currReadOffset:0 offsetBehind:0 behindMaster:0 enqPutQueue:0 deqGetQueue:0 deqPutQueue:0 allCongestNum:0 enqExpiredStoreTime:01-01 00:00:00
2026-06-10 16:23:48 INFO FlushRealTimeService - PERF_COUNTER_FLUSH_DATA_TIME_MS[2026-06-10 08:23:48.042] num:20 cost:10003 tps:2.0094 min:0 max:99999999 tp50:0 tp80:0 tp90:0 tp99:0 tp999:0 0_1:20 2_5:0 6_10:0 11_50:0 51_100:0 101_500:0 501_999:0 1000_:0
2026-06-10 16:23:57 INFO TimerFlushService - [ASYNC_MASTER]Timer progress-check commitRead:[06-10 08:23:57] currRead:[06-10 08:23:57] currWrite:[06-10 08:23:57] readBehind:0 currReadOffset:0 offsetBehind:0 behindMaster:0 enqPutQueue:0 deqGetQueue:0 deqPutQueue:0 allCongestNum:0 enqExpiredStoreTime:01-01 00:00:00
2026-06-10 16:23:58 INFO FlushRealTimeService - PERF_COUNTER_FLUSH_DATA_TIME_MS[2026-06-10 08:23:58.045] num:20 cost:10002 tps:2.0096 min:0 max:99999999 tp50:0 tp80:0 tp90:0 tp99:0 tp999:0 0_1:20 2_5:0 6_10:0 11_50:0 51_100:0 101_500:0 501_999:0 1000_:0
2026-06-10 16:24:06 INFO compactionSchedule_2 - start to scan all topicConfig
2026-06-10 16:24:06 INFO compactionSchedule_2 - scan all topicConfig over
2026-06-10 16:24:08 INFO FlushRealTimeService - PERF_COUNTER_FLUSH_DATA_TIME_MS[2026-06-10 08:24:08.051] num:20 cost:10006 tps:2.0088 min:0 max:99999999 tp50:0 tp80:0 tp90:0 tp99:0 tp999:0 0_1:20 2_5:0 6_10:0 11_50:0 51_100:0 101_500:0 501_999:0 1000_:0
2026-06-10 16:24:08 INFO TimerFlushService - [ASYNC_MASTER]Timer progress-check commitRead:[06-10 08:24:08] currRead:[06-10 08:24:08] currWrite:[06-10 08:24:08] readBehind:0 currReadOffset:0 offsetBehind:0 behindMaster:0 enqPutQueue:0 deqGetQueue:0 deqPutQueue:0 allCongestNum:0 enqExpiredStoreTime:01-01 00:00:00
2026-06-10 16:24:18 INFO FlushRealTimeService - PERF_COUNTER_FLUSH_DATA_TIME_MS[2026-06-10 08:24:18.054] num:20 cost:10003 tps:2.0094 min:0 max:99999999 tp50:0 tp80:0 tp90:0 tp99:0 tp999:0 0_1:20 2_5:0 6_10:0 11_50:0 51_100:0 101_500:0 501_999:0 1000_:0
2026-06-10 16:24:19 INFO TimerFlushService - [ASYNC_MASTER]Timer progress-check commitRead:[06-10 08:24:19] currRead:[06-10 08:24:19] currWrite:[06-10 08:24:19] readBehind:0 currReadOffset:0 offsetBehind:0 behindMaster:0 enqPutQueue:0 deqGetQueue:0 deqPutQueue:0 allCongestNum:0 enqExpiredStoreTime:01-01 00:00:00
2026-06-10 16:24:28 INFO FlushRealTimeService - PERF_COUNTER_FLUSH_DATA_TIME_MS[2026-06-10 08:24:28.057] num:20 cost:10003 tps:2.0094 min:0 max:99999999 tp50:0 tp80:0 tp90:0 tp99:0 tp999:0 0_1:20 2_5:0 6_10:0 11_50:0 51_100:0 101_500:0 501_999:0 1000_:0
2026-06-10 16:24:29 INFO TimerFlushService - [ASYNC_MASTER]Timer progress-check commitRead:[06-10 08:24:29] currRead:[06-10 08:24:29] currWrite:[06-10 08:24:29] readBehind:0 currReadOffset:0 offsetBehind:0 behindMaster:0 enqPutQueue:0 deqGetQueue:0 deqPutQueue:0 allCongestNum:0 enqExpiredStoreTime:01-01 00:00:00
2026-06-10 16:24:36 INFO StoreStatsService - [STORETPS] put_tps 0.0 get_found_tps 0.0 get_miss_tps 42.10894669310626 get_transferred_tps 0.0
2026-06-10 16:24:36 INFO StoreStatsService - findPutMessageEntireTimePX 0.99=0.00ms cost 1ms
2026-06-10 16:24:36 INFO StoreStatsService - findPutMessageEntireTimePX 0.999=0.00ms cost 0ms
2026-06-10 16:24:36 INFO StoreStatsService - [PAGECACHERT] TotalPut 0, PutMessageDistributeTime [<=0ms]:0 [0~10ms]:0 [10~50ms]:0 [50~100ms]:0 [100~200ms]:0 [200~500ms]:0 [500ms~1s]:0 [1~2s]:0 [2~3s]:0 [3~4s]:0 [4~5s]:0 [5~10s]:0 [10s~]:0 
2026-06-10 16:24:36 INFO compactionSchedule_2 - start to scan all topicConfig
2026-06-10 16:24:36 INFO compactionSchedule_2 - scan all topicConfig over
2026-06-10 16:24:38 INFO FlushRealTimeService - PERF_COUNTER_FLUSH_DATA_TIME_MS[2026-06-10 08:24:38.06] num:20 cost:10003 tps:2.0094 min:0 max:99999999 tp50:0 tp80:0 tp90:0 tp99:0 tp999:0 0_1:20 2_5:0 6_10:0 11_50:0 51_100:0 101_500:0 501_999:0 1000_:0
2026-06-10 16:24:40 INFO TimerFlushService - [ASYNC_MASTER]Timer progress-check commitRead:[06-10 08:24:40] currRead:[06-10 08:24:40] currWrite:[06-10 08:24:40] readBehind:0 currReadOffset:0 offsetBehind:0 behindMaster:0 enqPutQueue:0 deqGetQueue:0 deqPutQueue:0 allCongestNum:0 enqExpiredStoreTime:01-01 00:00:00
2026-06-10 16:24:48 INFO FlushRealTimeService - PERF_COUNTER_FLUSH_DATA_TIME_MS[2026-06-10 08:24:48.064] num:20 cost:10003 tps:2.0094 min:0 max:99999999 tp50:0 tp80:0 tp90:0 tp99:0 tp999:0 0_1:20 2_5:0 6_10:0 11_50:0 51_100:0 101_500:0 501_999:0 1000_:0
2026-06-10 16:24:51 INFO TimerFlushService - [ASYNC_MASTER]Timer progress-check commitRead:[06-10 08:24:51] currRead:[06-10 08:24:51] currWrite:[06-10 08:24:51] readBehind:0 currReadOffset:0 offsetBehind:0 behindMaster:0 enqPutQueue:0 deqGetQueue:0 deqPutQueue:0 allCongestNum:0 enqExpiredStoreTime:01-01 00:00:00
2026-06-10 16:24:58 INFO FlushRealTimeService - PERF_COUNTER_FLUSH_DATA_TIME_MS[2026-06-10 08:24:58.068] num:20 cost:10004 tps:2.0092 min:0 max:99999999 tp50:0 tp80:0 tp90:0 tp99:0 tp999:0 0_1:20 2_5:0 6_10:0 11_50:0 51_100:0 101_500:0 501_999:0 1000_:0
2026-06-10 16:25:01 INFO TimerFlushService - [ASYNC_MASTER]Timer progress-check commitRead:[06-10 08:25:01] currRead:[06-10 08:25:01] currWrite:[06-10 08:25:01] readBehind:0 currReadOffset:0 offsetBehind:0 behindMaster:0 enqPutQueue:0 deqGetQueue:0 deqPutQueue:0 allCongestNum:0 enqExpiredStoreTime:01-01 00:00:00
2026-06-10 16:25:06 INFO compactionSchedule_2 - start to scan all topicConfig
2026-06-10 16:25:06 INFO compactionSchedule_2 - scan all topicConfig over
2026-06-10 16:25:08 INFO FlushRealTimeService - PERF_COUNTER_FLUSH_DATA_TIME_MS[2026-06-10 08:25:08.071] num:20 cost:10003 tps:2.0094 min:0 max:99999999 tp50:0 tp80:0 tp90:0 tp99:0 tp999:0 0_1:20 2_5:0 6_10:0 11_50:0 51_100:0 101_500:0 501_999:0 1000_:0
2026-06-10 16:25:12 INFO TimerFlushService - [ASYNC_MASTER]Timer progress-check commitRead:[06-10 08:25:11] currRead:[06-10 08:25:11] currWrite:[06-10 08:25:12] readBehind:1 currReadOffset:0 offsetBehind:0 behindMaster:0 enqPutQueue:0 deqGetQueue:0 deqPutQueue:0 allCongestNum:0 enqExpiredStoreTime:01-01 00:00:00
2026-06-10 16:25:18 INFO FlushRealTimeService - PERF_COUNTER_FLUSH_DATA_TIME_MS[2026-06-10 08:25:18.073] num:20 cost:10002 tps:2.0096 min:0 max:99999999 tp50:0 tp80:0 tp90:0 tp99:0 tp999:0 0_1:20 2_5:0 6_10:0 11_50:0 51_100:0 101_500:0 501_999:0 1000_:0
2026-06-10 16:25:22 INFO TimerFlushService - [ASYNC_MASTER]Timer progress-check commitRead:[06-10 08:25:22] currRead:[06-10 08:25:22] currWrite:[06-10 08:25:22] readBehind:0 currReadOffset:0 offsetBehind:0 behindMaster:0 enqPutQueue:0 deqGetQueue:0 deqPutQueue:0 allCongestNum:0 enqExpiredStoreTime:01-01 00:00:00
2026-06-10 16:25:28 INFO FlushRealTimeService - PERF_COUNTER_FLUSH_DATA_TIME_MS[2026-06-10 08:25:28.076] num:20 cost:10003 tps:2.0094 min:0 max:99999999 tp50:0 tp80:0 tp90:0 tp99:0 tp999:0 0_1:20 2_5:0 6_10:0 11_50:0 51_100:0 101_500:0 501_999:0 1000_:0
2026-06-10 16:25:32 INFO TimerFlushService - [ASYNC_MASTER]Timer progress-check commitRead:[06-10 08:25:32] currRead:[06-10 08:25:32] currWrite:[06-10 08:25:32] readBehind:0 currReadOffset:0 offsetBehind:0 behindMaster:0 enqPutQueue:0 deqGetQueue:0 deqPutQueue:0 allCongestNum:0 enqExpiredStoreTime:01-01 00:00:00
2026-06-10 16:25:36 INFO StoreStatsService - [STORETPS] put_tps 0.0 get_found_tps 0.0 get_miss_tps 40.13662112629124 get_transferred_tps 0.0
2026-06-10 16:25:36 INFO StoreStatsService - findPutMessageEntireTimePX 0.99=0.00ms cost 0ms
2026-06-10 16:25:36 INFO StoreStatsService - findPutMessageEntireTimePX 0.999=0.00ms cost 0ms
2026-06-10 16:25:36 INFO StoreStatsService - [PAGECACHERT] TotalPut 0, PutMessageDistributeTime [<=0ms]:0 [0~10ms]:0 [10~50ms]:0 [50~100ms]:0 [100~200ms]:0 [200~500ms]:0 [500ms~1s]:0 [1~2s]:0 [2~3s]:0 [3~4s]:0 [4~5s]:0 [5~10s]:0 [10s~]:0 
2026-06-10 16:25:36 INFO compactionSchedule_2 - start to scan all topicConfig
2026-06-10 16:25:36 INFO compactionSchedule_2 - scan all topicConfig over
2026-06-10 16:25:38 INFO FlushRealTimeService - PERF_COUNTER_FLUSH_DATA_TIME_MS[2026-06-10 08:25:38.08] num:20 cost:10004 tps:2.0092 min:0 max:99999999 tp50:0 tp80:0 tp90:0 tp99:0 tp999:0 0_1:20 2_5:0 6_10:0 11_50:0 51_100:0 101_500:0 501_999:0 1000_:0
2026-06-10 16:25:43 INFO TimerFlushService - [ASYNC_MASTER]Timer progress-check commitRead:[06-10 08:25:43] currRead:[06-10 08:25:43] currWrite:[06-10 08:25:43] readBehind:0 currReadOffset:0 offsetBehind:0 behindMaster:0 enqPutQueue:0 deqGetQueue:0 deqPutQueue:0 allCongestNum:0 enqExpiredStoreTime:01-01 00:00:00
2026-06-10 16:25:48 INFO FlushRealTimeService - PERF_COUNTER_FLUSH_DATA_TIME_MS[2026-06-10 08:25:48.083] num:20 cost:10003 tps:2.0094 min:0 max:99999999 tp50:0 tp80:0 tp90:0 tp99:0 tp999:0 0_1:20 2_5:0 6_10:0 11_50:0 51_100:0 101_500:0 501_999:0 1000_:0
2026-06-10 16:25:54 INFO TimerFlushService - [ASYNC_MASTER]Timer progress-check commitRead:[06-10 08:25:53] currRead:[06-10 08:25:53] currWrite:[06-10 08:25:54] readBehind:1 currReadOffset:0 offsetBehind:0 behindMaster:0 enqPutQueue:0 deqGetQueue:0 deqPutQueue:0 allCongestNum:0 enqExpiredStoreTime:01-01 00:00:00
2026-06-10 16:25:58 INFO FlushRealTimeService - PERF_COUNTER_FLUSH_DATA_TIME_MS[2026-06-10 08:25:58.086] num:20 cost:10003 tps:2.0094 min:0 max:99999999 tp50:0 tp80:0 tp90:0 tp99:0 tp999:0 0_1:20 2_5:0 6_10:0 11_50:0 51_100:0 101_500:0 501_999:0 1000_:0
2026-06-10 16:26:04 INFO TimerFlushService - [ASYNC_MASTER]Timer progress-check commitRead:[06-10 08:26:04] currRead:[06-10 08:26:04] currWrite:[06-10 08:26:04] readBehind:0 currReadOffset:0 offsetBehind:0 behindMaster:0 enqPutQueue:0 deqGetQueue:0 deqPutQueue:0 allCongestNum:0 enqExpiredStoreTime:01-01 00:00:00
2026-06-10 16:26:06 INFO compactionSchedule_2 - start to scan all topicConfig
2026-06-10 16:26:06 INFO compactionSchedule_2 - scan all topicConfig over
2026-06-10 16:26:08 INFO FlushRealTimeService - PERF_COUNTER_FLUSH_DATA_TIME_MS[2026-06-10 08:26:08.089] num:20 cost:10002 tps:2.0096 min:0 max:99999999 tp50:0 tp80:0 tp90:0 tp99:0 tp999:0 0_1:20 2_5:0 6_10:0 11_50:0 51_100:0 101_500:0 501_999:0 1000_:0
2026-06-10 16:26:15 INFO TimerFlushService - [ASYNC_MASTER]Timer progress-check commitRead:[06-10 08:26:15] currRead:[06-10 08:26:15] currWrite:[06-10 08:26:15] readBehind:0 currReadOffset:0 offsetBehind:0 behindMaster:0 enqPutQueue:0 deqGetQueue:0 deqPutQueue:0 allCongestNum:0 enqExpiredStoreTime:01-01 00:00:00
2026-06-10 16:26:18 INFO FlushRealTimeService - PERF_COUNTER_FLUSH_DATA_TIME_MS[2026-06-10 08:26:18.092] num:20 cost:10003 tps:2.0094 min:0 max:99999999 tp50:0 tp80:0 tp90:0 tp99:0 tp999:0 0_1:20 2_5:0 6_10:0 11_50:0 51_100:0 101_500:0 501_999:0 1000_:0
2026-06-10 16:26:26 INFO TimerFlushService - [ASYNC_MASTER]Timer progress-check commitRead:[06-10 08:26:26] currRead:[06-10 08:26:26] currWrite:[06-10 08:26:26] readBehind:0 currReadOffset:0 offsetBehind:0 behindMaster:0 enqPutQueue:0 deqGetQueue:0 deqPutQueue:0 allCongestNum:0 enqExpiredStoreTime:01-01 00:00:00
2026-06-10 16:26:28 INFO FlushRealTimeService - PERF_COUNTER_FLUSH_DATA_TIME_MS[2026-06-10 08:26:28.096] num:20 cost:10004 tps:2.0092 min:0 max:99999999 tp50:0 tp80:0 tp90:0 tp99:0 tp999:0 0_1:20 2_5:0 6_10:0 11_50:0 51_100:0 101_500:0 501_999:0 1000_:0
2026-06-10 16:26:36 INFO StoreStatsService - [STORETPS] put_tps 0.0 get_found_tps 0.0 get_miss_tps 39.99133521070434 get_transferred_tps 0.0
2026-06-10 16:26:36 INFO StoreStatsService - findPutMessageEntireTimePX 0.99=0.00ms cost 0ms
2026-06-10 16:26:36 INFO StoreStatsService - findPutMessageEntireTimePX 0.999=0.00ms cost 0ms
2026-06-10 16:26:36 INFO StoreStatsService - [PAGECACHERT] TotalPut 0, PutMessageDistributeTime [<=0ms]:0 [0~10ms]:0 [10~50ms]:0 [50~100ms]:0 [100~200ms]:0 [200~500ms]:0 [500ms~1s]:0 [1~2s]:0 [2~3s]:0 [3~4s]:0 [4~5s]:0 [5~10s]:0 [10s~]:0 
2026-06-10 16:26:36 INFO compactionSchedule_2 - start to scan all topicConfig
2026-06-10 16:26:36 INFO compactionSchedule_2 - scan all topicConfig over
2026-06-10 16:26:36 INFO TimerFlushService - [ASYNC_MASTER]Timer progress-check commitRead:[06-10 08:26:36] currRead:[06-10 08:26:36] currWrite:[06-10 08:26:36] readBehind:0 currReadOffset:0 offsetBehind:0 behindMaster:0 enqPutQueue:0 deqGetQueue:0 deqPutQueue:0 allCongestNum:0 enqExpiredStoreTime:01-01 00:00:00
2026-06-10 16:26:38 INFO FlushRealTimeService - PERF_COUNTER_FLUSH_DATA_TIME_MS[2026-06-10 08:26:38.101] num:20 cost:10005 tps:2.0090 min:0 max:99999999 tp50:0 tp80:0 tp90:0 tp99:0 tp999:0 0_1:20 2_5:0 6_10:0 11_50:0 51_100:0 101_500:0 501_999:0 1000_:0
2026-06-10 16:26:46 INFO TimerFlushService - [ASYNC_MASTER]Timer progress-check commitRead:[06-10 08:26:46] currRead:[06-10 08:26:46] currWrite:[06-10 08:26:46] readBehind:0 currReadOffset:0 offsetBehind:0 behindMaster:0 enqPutQueue:0 deqGetQueue:0 deqPutQueue:0 allCongestNum:0 enqExpiredStoreTime:01-01 00:00:00
2026-06-10 16:26:48 INFO FlushRealTimeService - PERF_COUNTER_FLUSH_DATA_TIME_MS[2026-06-10 08:26:48.104] num:20 cost:10003 tps:2.0094 min:0 max:1 tp50:0 tp80:0 tp90:0 tp99:1 tp999:1 0_1:20 2_5:0 6_10:0 11_50:0 51_100:0 101_500:0 501_999:0 1000_:0
2026-06-10 16:26:57 INFO TimerFlushService - [ASYNC_MASTER]Timer progress-check commitRead:[06-10 08:26:57] currRead:[06-10 08:26:57] currWrite:[06-10 08:26:57] readBehind:0 currReadOffset:0 offsetBehind:0 behindMaster:0 enqPutQueue:0 deqGetQueue:0 deqPutQueue:0 allCongestNum:0 enqExpiredStoreTime:01-01 00:00:00
2026-06-10 16:26:58 INFO FlushRealTimeService - PERF_COUNTER_FLUSH_DATA_TIME_MS[2026-06-10 08:26:58.107] num:20 cost:10003 tps:2.0094 min:0 max:99999999 tp50:0 tp80:0 tp90:0 tp99:0 tp999:0 0_1:20 2_5:0 6_10:0 11_50:0 51_100:0 101_500:0 501_999:0 1000_:0
2026-06-10 16:27:06 INFO compactionSchedule_2 - start to scan all topicConfig
2026-06-10 16:27:06 INFO compactionSchedule_2 - scan all topicConfig over
2026-06-10 16:27:07 INFO TimerFlushService - [ASYNC_MASTER]Timer progress-check commitRead:[06-10 08:27:07] currRead:[06-10 08:27:07] currWrite:[06-10 08:27:07] readBehind:0 currReadOffset:0 offsetBehind:0 behindMaster:0 enqPutQueue:0 deqGetQueue:0 deqPutQueue:0 allCongestNum:0 enqExpiredStoreTime:01-01 00:00:00
2026-06-10 16:27:08 INFO FlushRealTimeService - PERF_COUNTER_FLUSH_DATA_TIME_MS[2026-06-10 08:27:08.113] num:20 cost:10006 tps:2.0088 min:0 max:99999999 tp50:0 tp80:0 tp90:0 tp99:0 tp999:0 0_1:20 2_5:0 6_10:0 11_50:0 51_100:0 101_500:0 501_999:0 1000_:0
2026-06-10 16:27:18 INFO FlushRealTimeService - PERF_COUNTER_FLUSH_DATA_TIME_MS[2026-06-10 08:27:18.116] num:20 cost:10003 tps:2.0094 min:0 max:99999999 tp50:0 tp80:0 tp90:0 tp99:0 tp999:0 0_1:20 2_5:0 6_10:0 11_50:0 51_100:0 101_500:0 501_999:0 1000_:0
2026-06-10 16:27:18 INFO TimerFlushService - [ASYNC_MASTER]Timer progress-check commitRead:[06-10 08:27:18] currRead:[06-10 08:27:18] currWrite:[06-10 08:27:18] readBehind:0 currReadOffset:0 offsetBehind:0 behindMaster:0 enqPutQueue:0 deqGetQueue:0 deqPutQueue:0 allCongestNum:0 enqExpiredStoreTime:01-01 00:00:00
2026-06-10 16:27:28 INFO FlushRealTimeService - PERF_COUNTER_FLUSH_DATA_TIME_MS[2026-06-10 08:27:28.118] num:20 cost:10002 tps:2.0096 min:0 max:99999999 tp50:0 tp80:0 tp90:0 tp99:0 tp999:0 0_1:20 2_5:0 6_10:0 11_50:0 51_100:0 101_500:0 501_999:0 1000_:0
2026-06-10 16:27:28 INFO TimerFlushService - [ASYNC_MASTER]Timer progress-check commitRead:[06-10 08:27:28] currRead:[06-10 08:27:28] currWrite:[06-10 08:27:28] readBehind:0 currReadOffset:0 offsetBehind:0 behindMaster:0 enqPutQueue:0 deqGetQueue:0 deqPutQueue:0 allCongestNum:0 enqExpiredStoreTime:01-01 00:00:00
2026-06-10 16:27:36 INFO StoreStatsService - [STORETPS] put_tps 0.0 get_found_tps 0.0 get_miss_tps 42.26032761752404 get_transferred_tps 0.0
2026-06-10 16:27:36 INFO StoreStatsService - findPutMessageEntireTimePX 0.99=0.00ms cost 0ms
2026-06-10 16:27:36 INFO StoreStatsService - findPutMessageEntireTimePX 0.999=0.00ms cost 0ms
2026-06-10 16:27:36 INFO StoreStatsService - [PAGECACHERT] TotalPut 0, PutMessageDistributeTime [<=0ms]:0 [0~10ms]:0 [10~50ms]:0 [50~100ms]:0 [100~200ms]:0 [200~500ms]:0 [500ms~1s]:0 [1~2s]:0 [2~3s]:0 [3~4s]:0 [4~5s]:0 [5~10s]:0 [10s~]:0 
2026-06-10 16:27:36 INFO compactionSchedule_2 - start to scan all topicConfig
2026-06-10 16:27:36 INFO compactionSchedule_2 - scan all topicConfig over
2026-06-10 16:27:38 INFO FlushRealTimeService - PERF_COUNTER_FLUSH_DATA_TIME_MS[2026-06-10 08:27:38.121] num:20 cost:10002 tps:2.0096 min:0 max:99999999 tp50:0 tp80:0 tp90:0 tp99:0 tp999:0 0_1:20 2_5:0 6_10:0 11_50:0 51_100:0 101_500:0 501_999:0 1000_:0
2026-06-10 16:27:39 INFO TimerFlushService - [ASYNC_MASTER]Timer progress-check commitRead:[06-10 08:27:39] currRead:[06-10 08:27:39] currWrite:[06-10 08:27:39] readBehind:0 currReadOffset:0 offsetBehind:0 behindMaster:0 enqPutQueue:0 deqGetQueue:0 deqPutQueue:0 allCongestNum:0 enqExpiredStoreTime:01-01 00:00:00
2026-06-10 16:27:48 INFO FlushRealTimeService - PERF_COUNTER_FLUSH_DATA_TIME_MS[2026-06-10 08:27:48.125] num:20 cost:10004 tps:2.0092 min:0 max:99999999 tp50:0 tp80:0 tp90:0 tp99:0 tp999:0 0_1:20 2_5:0 6_10:0 11_50:0 51_100:0 101_500:0 501_999:0 1000_:0
2026-06-10 16:27:49 INFO TimerFlushService - [ASYNC_MASTER]Timer progress-check commitRead:[06-10 08:27:49] currRead:[06-10 08:27:49] currWrite:[06-10 08:27:49] readBehind:0 currReadOffset:0 offsetBehind:0 behindMaster:0 enqPutQueue:0 deqGetQueue:0 deqPutQueue:0 allCongestNum:0 enqExpiredStoreTime:01-01 00:00:00
2026-06-10 16:27:58 INFO FlushRealTimeService - PERF_COUNTER_FLUSH_DATA_TIME_MS[2026-06-10 08:27:58.131] num:20 cost:10006 tps:2.0088 min:0 max:99999999 tp50:0 tp80:0 tp90:0 tp99:0 tp999:0 0_1:20 2_5:0 6_10:0 11_50:0 51_100:0 101_500:0 501_999:0 1000_:0
2026-06-10 16:28:00 INFO TimerFlushService - [ASYNC_MASTER]Timer progress-check commitRead:[06-10 08:28:00] currRead:[06-10 08:28:00] currWrite:[06-10 08:28:00] readBehind:0 currReadOffset:0 offsetBehind:0 behindMaster:0 enqPutQueue:0 deqGetQueue:0 deqPutQueue:0 allCongestNum:0 enqExpiredStoreTime:01-01 00:00:00
2026-06-10 16:28:06 INFO compactionSchedule_2 - start to scan all topicConfig
2026-06-10 16:28:06 INFO compactionSchedule_2 - scan all topicConfig over
2026-06-10 16:28:08 INFO FlushRealTimeService - PERF_COUNTER_FLUSH_DATA_TIME_MS[2026-06-10 08:28:08.134] num:20 cost:10003 tps:2.0094 min:0 max:99999999 tp50:0 tp80:0 tp90:0 tp99:0 tp999:0 0_1:20 2_5:0 6_10:0 11_50:0 51_100:0 101_500:0 501_999:0 1000_:0
2026-06-10 16:28:10 INFO TimerFlushService - [ASYNC_MASTER]Timer progress-check commitRead:[06-10 08:28:10] currRead:[06-10 08:28:10] currWrite:[06-10 08:28:10] readBehind:0 currReadOffset:0 offsetBehind:0 behindMaster:0 enqPutQueue:0 deqGetQueue:0 deqPutQueue:0 allCongestNum:0 enqExpiredStoreTime:01-01 00:00:00
2026-06-10 16:28:18 INFO FlushRealTimeService - PERF_COUNTER_FLUSH_DATA_TIME_MS[2026-06-10 08:28:18.137] num:20 cost:10003 tps:2.0094 min:0 max:99999999 tp50:0 tp80:0 tp90:0 tp99:0 tp999:0 0_1:20 2_5:0 6_10:0 11_50:0 51_100:0 101_500:0 501_999:0 1000_:0
2026-06-10 16:28:21 INFO TimerFlushService - [ASYNC_MASTER]Timer progress-check commitRead:[06-10 08:28:21] currRead:[06-10 08:28:21] currWrite:[06-10 08:28:21] readBehind:0 currReadOffset:0 offsetBehind:0 behindMaster:0 enqPutQueue:0 deqGetQueue:0 deqPutQueue:0 allCongestNum:0 enqExpiredStoreTime:01-01 00:00:00
2026-06-10 16:28:28 INFO FlushRealTimeService - PERF_COUNTER_FLUSH_DATA_TIME_MS[2026-06-10 08:28:28.139] num:20 cost:10002 tps:2.0096 min:0 max:99999999 tp50:0 tp80:0 tp90:0 tp99:0 tp999:0 0_1:20 2_5:0 6_10:0 11_50:0 51_100:0 101_500:0 501_999:0 1000_:0
2026-06-10 16:28:32 INFO TimerFlushService - [ASYNC_MASTER]Timer progress-check commitRead:[06-10 08:28:31] currRead:[06-10 08:28:31] currWrite:[06-10 08:28:32] readBehind:1 currReadOffset:0 offsetBehind:0 behindMaster:0 enqPutQueue:0 deqGetQueue:0 deqPutQueue:0 allCongestNum:0 enqExpiredStoreTime:01-01 00:00:00
2026-06-10 16:28:36 INFO compactionSchedule_2 - start to scan all topicConfig
2026-06-10 16:28:36 INFO compactionSchedule_2 - scan all topicConfig over
2026-06-10 16:28:36 INFO StoreStatsService - [STORETPS] put_tps 0.0 get_found_tps 0.0 get_miss_tps 38.391042090178956 get_transferred_tps 0.0
2026-06-10 16:28:36 INFO StoreStatsService - findPutMessageEntireTimePX 0.99=0.00ms cost 0ms
2026-06-10 16:28:36 INFO StoreStatsService - findPutMessageEntireTimePX 0.999=0.00ms cost 0ms
2026-06-10 16:28:36 INFO StoreStatsService - [PAGECACHERT] TotalPut 0, PutMessageDistributeTime [<=0ms]:0 [0~10ms]:0 [10~50ms]:0 [50~100ms]:0 [100~200ms]:0 [200~500ms]:0 [500ms~1s]:0 [1~2s]:0 [2~3s]:0 [3~4s]:0 [4~5s]:0 [5~10s]:0 [10s~]:0 
2026-06-10 16:28:38 INFO FlushRealTimeService - PERF_COUNTER_FLUSH_DATA_TIME_MS[2026-06-10 08:28:38.143] num:20 cost:10004 tps:2.0092 min:0 max:99999999 tp50:0 tp80:0 tp90:0 tp99:0 tp999:0 0_1:20 2_5:0 6_10:0 11_50:0 51_100:0 101_500:0 501_999:0 1000_:0
2026-06-10 16:28:42 INFO TimerFlushService - [ASYNC_MASTER]Timer progress-check commitRead:[06-10 08:28:42] currRead:[06-10 08:28:42] currWrite:[06-10 08:28:42] readBehind:0 currReadOffset:0 offsetBehind:0 behindMaster:0 enqPutQueue:0 deqGetQueue:0 deqPutQueue:0 allCongestNum:0 enqExpiredStoreTime:01-01 00:00:00
2026-06-10 16:28:48 INFO FlushRealTimeService - PERF_COUNTER_FLUSH_DATA_TIME_MS[2026-06-10 08:28:48.147] num:20 cost:10003 tps:2.0094 min:0 max:99999999 tp50:0 tp80:0 tp90:0 tp99:0 tp999:0 0_1:20 2_5:0 6_10:0 11_50:0 51_100:0 101_500:0 501_999:0 1000_:0
2026-06-10 16:28:53 INFO TimerFlushService - [ASYNC_MASTER]Timer progress-check commitRead:[06-10 08:28:52] currRead:[06-10 08:28:52] currWrite:[06-10 08:28:52] readBehind:1 currReadOffset:0 offsetBehind:0 behindMaster:0 enqPutQueue:0 deqGetQueue:0 deqPutQueue:0 allCongestNum:0 enqExpiredStoreTime:01-01 00:00:00
2026-06-10 16:28:58 INFO FlushRealTimeService - PERF_COUNTER_FLUSH_DATA_TIME_MS[2026-06-10 08:28:58.15] num:20 cost:10003 tps:2.0094 min:0 max:99999999 tp50:0 tp80:0 tp90:0 tp99:0 tp999:0 0_1:20 2_5:0 6_10:0 11_50:0 51_100:0 101_500:0 501_999:0 1000_:0
2026-06-10 16:29:03 INFO TimerFlushService - [ASYNC_MASTER]Timer progress-check commitRead:[06-10 08:29:03] currRead:[06-10 08:29:03] currWrite:[06-10 08:29:03] readBehind:0 currReadOffset:0 offsetBehind:0 behindMaster:0 enqPutQueue:0 deqGetQueue:0 deqPutQueue:0 allCongestNum:0 enqExpiredStoreTime:01-01 00:00:00
2026-06-10 16:29:06 INFO compactionSchedule_2 - start to scan all topicConfig
2026-06-10 16:29:06 INFO compactionSchedule_2 - scan all topicConfig over
2026-06-10 16:29:08 INFO FlushRealTimeService - PERF_COUNTER_FLUSH_DATA_TIME_MS[2026-06-10 08:29:08.153] num:20 cost:10003 tps:2.0094 min:0 max:99999999 tp50:0 tp80:0 tp90:0 tp99:0 tp999:0 0_1:20 2_5:0 6_10:0 11_50:0 51_100:0 101_500:0 501_999:0 1000_:0
2026-06-10 16:29:14 INFO TimerFlushService - [ASYNC_MASTER]Timer progress-check commitRead:[06-10 08:29:13] currRead:[06-10 08:29:13] currWrite:[06-10 08:29:14] readBehind:1 currReadOffset:0 offsetBehind:0 behindMaster:0 enqPutQueue:0 deqGetQueue:0 deqPutQueue:0 allCongestNum:0 enqExpiredStoreTime:01-01 00:00:00
2026-06-10 16:29:18 INFO FlushRealTimeService - PERF_COUNTER_FLUSH_DATA_TIME_MS[2026-06-10 08:29:18.156] num:20 cost:10003 tps:2.0094 min:0 max:99999999 tp50:0 tp80:0 tp90:0 tp99:0 tp999:0 0_1:20 2_5:0 6_10:0 11_50:0 51_100:0 101_500:0 501_999:0 1000_:0
2026-06-10 16:29:24 INFO TimerFlushService - [ASYNC_MASTER]Timer progress-check commitRead:[06-10 08:29:24] currRead:[06-10 08:29:24] currWrite:[06-10 08:29:24] readBehind:0 currReadOffset:0 offsetBehind:0 behindMaster:0 enqPutQueue:0 deqGetQueue:0 deqPutQueue:0 allCongestNum:0 enqExpiredStoreTime:01-01 00:00:00
2026-06-10 16:29:28 INFO FlushRealTimeService - PERF_COUNTER_FLUSH_DATA_TIME_MS[2026-06-10 08:29:28.16] num:20 cost:10004 tps:2.0092 min:0 max:99999999 tp50:0 tp80:0 tp90:0 tp99:0 tp999:0 0_1:20 2_5:0 6_10:0 11_50:0 51_100:0 101_500:0 501_999:0 1000_:0
2026-06-10 16:29:35 INFO TimerFlushService - [ASYNC_MASTER]Timer progress-check commitRead:[06-10 08:29:35] currRead:[06-10 08:29:35] currWrite:[06-10 08:29:35] readBehind:0 currReadOffset:0 offsetBehind:0 behindMaster:0 enqPutQueue:0 deqGetQueue:0 deqPutQueue:0 allCongestNum:0 enqExpiredStoreTime:01-01 00:00:00
2026-06-10 16:29:36 INFO compactionSchedule_2 - start to scan all topicConfig
2026-06-10 16:29:36 INFO compactionSchedule_2 - scan all topicConfig over
2026-06-10 16:29:36 INFO StoreStatsService - [STORETPS] put_tps 0.0 get_found_tps 0.0 get_miss_tps 42.20681840903789 get_transferred_tps 0.0
2026-06-10 16:29:36 INFO StoreStatsService - findPutMessageEntireTimePX 0.99=0.00ms cost 0ms
2026-06-10 16:29:36 INFO StoreStatsService - findPutMessageEntireTimePX 0.999=0.00ms cost 0ms
2026-06-10 16:29:36 INFO StoreStatsService - [PAGECACHERT] TotalPut 0, PutMessageDistributeTime [<=0ms]:0 [0~10ms]:0 [10~50ms]:0 [50~100ms]:0 [100~200ms]:0 [200~500ms]:0 [500ms~1s]:0 [1~2s]:0 [2~3s]:0 [3~4s]:0 [4~5s]:0 [5~10s]:0 [10s~]:0 
2026-06-10 16:29:38 INFO FlushRealTimeService - PERF_COUNTER_FLUSH_DATA_TIME_MS[2026-06-10 08:29:38.163] num:20 cost:10003 tps:2.0094 min:0 max:99999999 tp50:0 tp80:0 tp90:0 tp99:0 tp999:0 0_1:20 2_5:0 6_10:0 11_50:0 51_100:0 101_500:0 501_999:0 1000_:0
2026-06-10 16:29:45 INFO TimerFlushService - [ASYNC_MASTER]Timer progress-check commitRead:[06-10 08:29:45] currRead:[06-10 08:29:45] currWrite:[06-10 08:29:45] readBehind:0 currReadOffset:0 offsetBehind:0 behindMaster:0 enqPutQueue:0 deqGetQueue:0 deqPutQueue:0 allCongestNum:0 enqExpiredStoreTime:01-01 00:00:00
2026-06-10 16:29:48 INFO FlushRealTimeService - PERF_COUNTER_FLUSH_DATA_TIME_MS[2026-06-10 08:29:48.169] num:20 cost:10006 tps:2.0088 min:0 max:99999999 tp50:0 tp80:0 tp90:0 tp99:0 tp999:0 0_1:20 2_5:0 6_10:0 11_50:0 51_100:0 101_500:0 501_999:0 1000_:0
2026-06-10 16:29:56 INFO TimerFlushService - [ASYNC_MASTER]Timer progress-check commitRead:[06-10 08:29:56] currRead:[06-10 08:29:56] currWrite:[06-10 08:29:56] readBehind:0 currReadOffset:0 offsetBehind:0 behindMaster:0 enqPutQueue:0 deqGetQueue:0 deqPutQueue:0 allCongestNum:0 enqExpiredStoreTime:01-01 00:00:00
2026-06-10 16:29:58 INFO FlushRealTimeService - PERF_COUNTER_FLUSH_DATA_TIME_MS[2026-06-10 08:29:58.172] num:20 cost:10003 tps:2.0094 min:0 max:99999999 tp50:0 tp80:0 tp90:0 tp99:0 tp999:0 0_1:20 2_5:0 6_10:0 11_50:0 51_100:0 101_500:0 501_999:0 1000_:0
2026-06-10 16:30:06 INFO compactionSchedule_2 - start to scan all topicConfig
2026-06-10 16:30:06 INFO compactionSchedule_2 - scan all topicConfig over
2026-06-10 16:30:07 INFO TimerFlushService - [ASYNC_MASTER]Timer progress-check commitRead:[06-10 08:30:06] currRead:[06-10 08:30:06] currWrite:[06-10 08:30:06] readBehind:0 currReadOffset:0 offsetBehind:0 behindMaster:0 enqPutQueue:0 deqGetQueue:0 deqPutQueue:0 allCongestNum:0 enqExpiredStoreTime:01-01 00:00:00
2026-06-10 16:30:08 INFO FlushRealTimeService - PERF_COUNTER_FLUSH_DATA_TIME_MS[2026-06-10 08:30:08.176] num:20 cost:10003 tps:2.0094 min:0 max:1 tp50:0 tp80:0 tp90:0 tp99:1 tp999:1 0_1:20 2_5:0 6_10:0 11_50:0 51_100:0 101_500:0 501_999:0 1000_:0
2026-06-10 16:30:17 INFO TimerFlushService - [ASYNC_MASTER]Timer progress-check commitRead:[06-10 08:30:17] currRead:[06-10 08:30:17] currWrite:[06-10 08:30:17] readBehind:0 currReadOffset:0 offsetBehind:0 behindMaster:0 enqPutQueue:0 deqGetQueue:0 deqPutQueue:0 allCongestNum:0 enqExpiredStoreTime:01-01 00:00:00
2026-06-10 16:30:18 INFO FlushRealTimeService - PERF_COUNTER_FLUSH_DATA_TIME_MS[2026-06-10 08:30:18.182] num:20 cost:10006 tps:2.0088 min:0 max:99999999 tp50:0 tp80:0 tp90:0 tp99:0 tp999:0 0_1:20 2_5:0 6_10:0 11_50:0 51_100:0 101_500:0 501_999:0 1000_:0
2026-06-10 16:30:28 INFO FlushRealTimeService - PERF_COUNTER_FLUSH_DATA_TIME_MS[2026-06-10 08:30:28.185] num:20 cost:10003 tps:2.0094 min:0 max:1 tp50:0 tp80:0 tp90:0 tp99:1 tp999:1 0_1:20 2_5:0 6_10:0 11_50:0 51_100:0 101_500:0 501_999:0 1000_:0
2026-06-10 16:30:28 INFO TimerFlushService - [ASYNC_MASTER]Timer progress-check commitRead:[06-10 08:30:28] currRead:[06-10 08:30:28] currWrite:[06-10 08:30:28] readBehind:0 currReadOffset:0 offsetBehind:0 behindMaster:0 enqPutQueue:0 deqGetQueue:0 deqPutQueue:0 allCongestNum:0 enqExpiredStoreTime:01-01 00:00:00
2026-06-10 16:30:36 INFO compactionSchedule_2 - start to scan all topicConfig
2026-06-10 16:30:36 INFO compactionSchedule_2 - scan all topicConfig over
2026-06-10 16:30:36 INFO StoreStatsService - [STORETPS] put_tps 0.0 get_found_tps 0.0 get_miss_tps 40.03932284724074 get_transferred_tps 0.0
2026-06-10 16:30:36 INFO StoreStatsService - findPutMessageEntireTimePX 0.99=0.00ms cost 0ms
2026-06-10 16:30:36 INFO StoreStatsService - findPutMessageEntireTimePX 0.999=0.00ms cost 0ms
2026-06-10 16:30:36 INFO StoreStatsService - [PAGECACHERT] TotalPut 0, PutMessageDistributeTime [<=0ms]:0 [0~10ms]:0 [10~50ms]:0 [50~100ms]:0 [100~200ms]:0 [200~500ms]:0 [500ms~1s]:0 [1~2s]:0 [2~3s]:0 [3~4s]:0 [4~5s]:0 [5~10s]:0 [10s~]:0 
2026-06-10 16:30:38 INFO FlushRealTimeService - PERF_COUNTER_FLUSH_DATA_TIME_MS[2026-06-10 08:30:38.188] num:20 cost:10003 tps:2.0094 min:0 max:99999999 tp50:0 tp80:0 tp90:0 tp99:0 tp999:0 0_1:20 2_5:0 6_10:0 11_50:0 51_100:0 101_500:0 501_999:0 1000_:0
2026-06-10 16:30:38 INFO TimerFlushService - [ASYNC_MASTER]Timer progress-check commitRead:[06-10 08:30:38] currRead:[06-10 08:30:38] currWrite:[06-10 08:30:38] readBehind:0 currReadOffset:0 offsetBehind:0 behindMaster:0 enqPutQueue:0 deqGetQueue:0 deqPutQueue:0 allCongestNum:0 enqExpiredStoreTime:01-01 00:00:00
2026-06-10 16:30:48 INFO FlushRealTimeService - PERF_COUNTER_FLUSH_DATA_TIME_MS[2026-06-10 08:30:48.193] num:20 cost:10005 tps:2.0090 min:0 max:99999999 tp50:0 tp80:0 tp90:0 tp99:0 tp999:0 0_1:20 2_5:0 6_10:0 11_50:0 51_100:0 101_500:0 501_999:0 1000_:0
2026-06-10 16:30:49 INFO TimerFlushService - [ASYNC_MASTER]Timer progress-check commitRead:[06-10 08:30:49] currRead:[06-10 08:30:49] currWrite:[06-10 08:30:49] readBehind:0 currReadOffset:0 offsetBehind:0 behindMaster:0 enqPutQueue:0 deqGetQueue:0 deqPutQueue:0 allCongestNum:0 enqExpiredStoreTime:01-01 00:00:00
2026-06-10 16:30:58 INFO FlushRealTimeService - PERF_COUNTER_FLUSH_DATA_TIME_MS[2026-06-10 08:30:58.196] num:20 cost:10003 tps:2.0094 min:0 max:99999999 tp50:0 tp80:0 tp90:0 tp99:0 tp999:0 0_1:20 2_5:0 6_10:0 11_50:0 51_100:0 101_500:0 501_999:0 1000_:0
2026-06-10 16:31:00 INFO TimerFlushService - [ASYNC_MASTER]Timer progress-check commitRead:[06-10 08:31:00] currRead:[06-10 08:31:00] currWrite:[06-10 08:31:00] readBehind:0 currReadOffset:0 offsetBehind:0 behindMaster:0 enqPutQueue:0 deqGetQueue:0 deqPutQueue:0 allCongestNum:0 enqExpiredStoreTime:01-01 00:00:00
2026-06-10 16:31:06 INFO compactionSchedule_2 - start to scan all topicConfig
2026-06-10 16:31:06 INFO compactionSchedule_2 - scan all topicConfig over
2026-06-10 16:31:08 INFO FlushRealTimeService - PERF_COUNTER_FLUSH_DATA_TIME_MS[2026-06-10 08:31:08.2] num:20 cost:10003 tps:2.0094 min:0 max:1 tp50:0 tp80:0 tp90:0 tp99:1 tp999:1 0_1:20 2_5:0 6_10:0 11_50:0 51_100:0 101_500:0 501_999:0 1000_:0
2026-06-10 16:31:11 INFO TimerFlushService - [ASYNC_MASTER]Timer progress-check commitRead:[06-10 08:31:11] currRead:[06-10 08:31:11] currWrite:[06-10 08:31:11] readBehind:0 currReadOffset:0 offsetBehind:0 behindMaster:0 enqPutQueue:0 deqGetQueue:0 deqPutQueue:0 allCongestNum:0 enqExpiredStoreTime:01-01 00:00:00
2026-06-10 16:31:18 INFO FlushRealTimeService - PERF_COUNTER_FLUSH_DATA_TIME_MS[2026-06-10 08:31:18.203] num:20 cost:10003 tps:2.0094 min:0 max:99999999 tp50:0 tp80:0 tp90:0 tp99:0 tp999:0 0_1:20 2_5:0 6_10:0 11_50:0 51_100:0 101_500:0 501_999:0 1000_:0
2026-06-10 16:31:21 INFO TimerFlushService - [ASYNC_MASTER]Timer progress-check commitRead:[06-10 08:31:21] currRead:[06-10 08:31:21] currWrite:[06-10 08:31:21] readBehind:0 currReadOffset:0 offsetBehind:0 behindMaster:0 enqPutQueue:0 deqGetQueue:0 deqPutQueue:0 allCongestNum:0 enqExpiredStoreTime:01-01 00:00:00
2026-06-10 16:31:28 INFO FlushRealTimeService - PERF_COUNTER_FLUSH_DATA_TIME_MS[2026-06-10 08:31:28.211] num:20 cost:10007 tps:2.0086 min:0 max:99999999 tp50:0 tp80:0 tp90:0 tp99:0 tp999:0 0_1:20 2_5:0 6_10:0 11_50:0 51_100:0 101_500:0 501_999:0 1000_:0
2026-06-10 16:31:32 INFO TimerFlushService - [ASYNC_MASTER]Timer progress-check commitRead:[06-10 08:31:32] currRead:[06-10 08:31:32] currWrite:[06-10 08:31:32] readBehind:0 currReadOffset:0 offsetBehind:0 behindMaster:0 enqPutQueue:0 deqGetQueue:0 deqPutQueue:0 allCongestNum:0 enqExpiredStoreTime:01-01 00:00:00
2026-06-10 16:31:36 INFO compactionSchedule_2 - start to scan all topicConfig
2026-06-10 16:31:36 INFO compactionSchedule_2 - scan all topicConfig over
2026-06-10 16:31:36 INFO StoreStatsService - [STORETPS] put_tps 0.0 get_found_tps 0.0 get_miss_tps 40.07598606922065 get_transferred_tps 0.0
2026-06-10 16:31:36 INFO StoreStatsService - findPutMessageEntireTimePX 0.99=0.00ms cost 0ms
2026-06-10 16:31:36 INFO StoreStatsService - findPutMessageEntireTimePX 0.999=0.00ms cost 0ms
2026-06-10 16:31:36 INFO StoreStatsService - [PAGECACHERT] TotalPut 0, PutMessageDistributeTime [<=0ms]:0 [0~10ms]:0 [10~50ms]:0 [50~100ms]:0 [100~200ms]:0 [200~500ms]:0 [500ms~1s]:0 [1~2s]:0 [2~3s]:0 [3~4s]:0 [4~5s]:0 [5~10s]:0 [10s~]:0 
2026-06-10 16:31:38 INFO FlushRealTimeService - PERF_COUNTER_FLUSH_DATA_TIME_MS[2026-06-10 08:31:38.219] num:20 cost:10008 tps:2.0084 min:0 max:99999999 tp50:0 tp80:0 tp90:0 tp99:0 tp999:0 0_1:20 2_5:0 6_10:0 11_50:0 51_100:0 101_500:0 501_999:0 1000_:0
2026-06-10 16:31:42 INFO TimerFlushService - [ASYNC_MASTER]Timer progress-check commitRead:[06-10 08:31:42] currRead:[06-10 08:31:42] currWrite:[06-10 08:31:42] readBehind:0 currReadOffset:0 offsetBehind:0 behindMaster:0 enqPutQueue:0 deqGetQueue:0 deqPutQueue:0 allCongestNum:0 enqExpiredStoreTime:01-01 00:00:00
2026-06-10 16:31:48 INFO FlushRealTimeService - PERF_COUNTER_FLUSH_DATA_TIME_MS[2026-06-10 08:31:48.222] num:20 cost:10003 tps:2.0094 min:0 max:99999999 tp50:0 tp80:0 tp90:0 tp99:0 tp999:0 0_1:20 2_5:0 6_10:0 11_50:0 51_100:0 101_500:0 501_999:0 1000_:0
2026-06-10 16:31:53 INFO TimerFlushService - [ASYNC_MASTER]Timer progress-check commitRead:[06-10 08:31:53] currRead:[06-10 08:31:53] currWrite:[06-10 08:31:53] readBehind:0 currReadOffset:0 offsetBehind:0 behindMaster:0 enqPutQueue:0 deqGetQueue:0 deqPutQueue:0 allCongestNum:0 enqExpiredStoreTime:01-01 00:00:00
2026-06-10 16:31:58 INFO FlushRealTimeService - PERF_COUNTER_FLUSH_DATA_TIME_MS[2026-06-10 08:31:58.226] num:20 cost:10004 tps:2.0092 min:0 max:99999999 tp50:0 tp80:0 tp90:0 tp99:0 tp999:0 0_1:20 2_5:0 6_10:0 11_50:0 51_100:0 101_500:0 501_999:0 1000_:0
2026-06-10 16:32:03 INFO TimerFlushService - [ASYNC_MASTER]Timer progress-check commitRead:[06-10 08:32:03] currRead:[06-10 08:32:03] currWrite:[06-10 08:32:03] readBehind:0 currReadOffset:0 offsetBehind:0 behindMaster:0 enqPutQueue:0 deqGetQueue:0 deqPutQueue:0 allCongestNum:0 enqExpiredStoreTime:01-01 00:00:00
2026-06-10 16:32:06 INFO compactionSchedule_2 - start to scan all topicConfig
2026-06-10 16:32:06 INFO compactionSchedule_2 - scan all topicConfig over
2026-06-10 16:32:08 INFO FlushRealTimeService - PERF_COUNTER_FLUSH_DATA_TIME_MS[2026-06-10 08:32:08.228] num:20 cost:10002 tps:2.0096 min:0 max:99999999 tp50:0 tp80:0 tp90:0 tp99:0 tp999:0 0_1:20 2_5:0 6_10:0 11_50:0 51_100:0 101_500:0 501_999:0 1000_:0
2026-06-10 16:32:14 INFO TimerFlushService - [ASYNC_MASTER]Timer progress-check commitRead:[06-10 08:32:14] currRead:[06-10 08:32:14] currWrite:[06-10 08:32:14] readBehind:0 currReadOffset:0 offsetBehind:0 behindMaster:0 enqPutQueue:0 deqGetQueue:0 deqPutQueue:0 allCongestNum:0 enqExpiredStoreTime:01-01 00:00:00
2026-06-10 16:32:18 INFO FlushRealTimeService - PERF_COUNTER_FLUSH_DATA_TIME_MS[2026-06-10 08:32:18.237] num:20 cost:10009 tps:2.0082 min:0 max:99999999 tp50:0 tp80:0 tp90:0 tp99:0 tp999:0 0_1:20 2_5:0 6_10:0 11_50:0 51_100:0 101_500:0 501_999:0 1000_:0
2026-06-10 16:32:24 INFO TimerFlushService - [ASYNC_MASTER]Timer progress-check commitRead:[06-10 08:32:24] currRead:[06-10 08:32:24] currWrite:[06-10 08:32:24] readBehind:0 currReadOffset:0 offsetBehind:0 behindMaster:0 enqPutQueue:0 deqGetQueue:0 deqPutQueue:0 allCongestNum:0 enqExpiredStoreTime:01-01 00:00:00
2026-06-10 16:32:28 INFO FlushRealTimeService - PERF_COUNTER_FLUSH_DATA_TIME_MS[2026-06-10 08:32:28.24] num:20 cost:10003 tps:2.0094 min:0 max:99999999 tp50:0 tp80:0 tp90:0 tp99:0 tp999:0 0_1:20 2_5:0 6_10:0 11_50:0 51_100:0 101_500:0 501_999:0 1000_:0
2026-06-10 16:32:35 INFO TimerFlushService - [ASYNC_MASTER]Timer progress-check commitRead:[06-10 08:32:35] currRead:[06-10 08:32:35] currWrite:[06-10 08:32:35] readBehind:0 currReadOffset:0 offsetBehind:0 behindMaster:0 enqPutQueue:0 deqGetQueue:0 deqPutQueue:0 allCongestNum:0 enqExpiredStoreTime:01-01 00:00:00
2026-06-10 16:32:36 INFO compactionSchedule_2 - start to scan all topicConfig
2026-06-10 16:32:36 INFO compactionSchedule_2 - scan all topicConfig over
2026-06-10 16:32:36 INFO StoreStatsService - [STORETPS] put_tps 0.0 get_found_tps 0.0 get_miss_tps 42.17560113979104 get_transferred_tps 0.0
2026-06-10 16:32:36 INFO StoreStatsService - findPutMessageEntireTimePX 0.99=0.00ms cost 0ms
2026-06-10 16:32:36 INFO StoreStatsService - findPutMessageEntireTimePX 0.999=0.00ms cost 0ms
2026-06-10 16:32:36 INFO StoreStatsService - [PAGECACHERT] TotalPut 0, PutMessageDistributeTime [<=0ms]:0 [0~10ms]:0 [10~50ms]:0 [50~100ms]:0 [100~200ms]:0 [200~500ms]:0 [500ms~1s]:0 [1~2s]:0 [2~3s]:0 [3~4s]:0 [4~5s]:0 [5~10s]:0 [10s~]:0 
2026-06-10 16:32:38 INFO FlushRealTimeService - PERF_COUNTER_FLUSH_DATA_TIME_MS[2026-06-10 08:32:38.245] num:20 cost:10005 tps:2.0090 min:0 max:99999999 tp50:0 tp80:0 tp90:0 tp99:0 tp999:0 0_1:20 2_5:0 6_10:0 11_50:0 51_100:0 101_500:0 501_999:0 1000_:0
2026-06-10 16:32:46 INFO TimerFlushService - [ASYNC_MASTER]Timer progress-check commitRead:[06-10 08:32:46] currRead:[06-10 08:32:46] currWrite:[06-10 08:32:46] readBehind:0 currReadOffset:0 offsetBehind:0 behindMaster:0 enqPutQueue:0 deqGetQueue:0 deqPutQueue:0 allCongestNum:0 enqExpiredStoreTime:01-01 00:00:00
2026-06-10 16:32:48 INFO FlushRealTimeService - PERF_COUNTER_FLUSH_DATA_TIME_MS[2026-06-10 08:32:48.248] num:20 cost:10003 tps:2.0094 min:0 max:99999999 tp50:0 tp80:0 tp90:0 tp99:0 tp999:0 0_1:20 2_5:0 6_10:0 11_50:0 51_100:0 101_500:0 501_999:0 1000_:0
2026-06-10 16:32:56 INFO TimerFlushService - [ASYNC_MASTER]Timer progress-check commitRead:[06-10 08:32:56] currRead:[06-10 08:32:56] currWrite:[06-10 08:32:56] readBehind:0 currReadOffset:0 offsetBehind:0 behindMaster:0 enqPutQueue:0 deqGetQueue:0 deqPutQueue:0 allCongestNum:0 enqExpiredStoreTime:01-01 00:00:00
2026-06-10 16:32:58 INFO FlushRealTimeService - PERF_COUNTER_FLUSH_DATA_TIME_MS[2026-06-10 08:32:58.252] num:20 cost:10004 tps:2.0092 min:0 max:99999999 tp50:0 tp80:0 tp90:0 tp99:0 tp999:0 0_1:20 2_5:0 6_10:0 11_50:0 51_100:0 101_500:0 501_999:0 1000_:0
2026-06-10 16:33:06 INFO compactionSchedule_2 - start to scan all topicConfig
2026-06-10 16:33:06 INFO compactionSchedule_2 - scan all topicConfig over
2026-06-10 16:33:07 INFO TimerFlushService - [ASYNC_MASTER]Timer progress-check commitRead:[06-10 08:33:07] currRead:[06-10 08:33:07] currWrite:[06-10 08:33:07] readBehind:0 currReadOffset:0 offsetBehind:0 behindMaster:0 enqPutQueue:0 deqGetQueue:0 deqPutQueue:0 allCongestNum:0 enqExpiredStoreTime:01-01 00:00:00
2026-06-10 16:33:08 INFO FlushRealTimeService - PERF_COUNTER_FLUSH_DATA_TIME_MS[2026-06-10 08:33:08.256] num:20 cost:10004 tps:2.0092 min:0 max:99999999 tp50:0 tp80:0 tp90:0 tp99:0 tp999:0 0_1:20 2_5:0 6_10:0 11_50:0 51_100:0 101_500:0 501_999:0 1000_:0
2026-06-10 16:33:18 INFO TimerFlushService - [ASYNC_MASTER]Timer progress-check commitRead:[06-10 08:33:18] currRead:[06-10 08:33:18] currWrite:[06-10 08:33:18] readBehind:0 currReadOffset:0 offsetBehind:0 behindMaster:0 enqPutQueue:0 deqGetQueue:0 deqPutQueue:0 allCongestNum:0 enqExpiredStoreTime:01-01 00:00:00
2026-06-10 16:33:18 INFO FlushRealTimeService - PERF_COUNTER_FLUSH_DATA_TIME_MS[2026-06-10 08:33:18.263] num:20 cost:10007 tps:2.0086 min:0 max:99999999 tp50:0 tp80:0 tp90:0 tp99:0 tp999:0 0_1:20 2_5:0 6_10:0 11_50:0 51_100:0 101_500:0 501_999:0 1000_:0
2026-06-10 16:33:28 INFO FlushRealTimeService - PERF_COUNTER_FLUSH_DATA_TIME_MS[2026-06-10 08:33:28.267] num:20 cost:10004 tps:2.0092 min:0 max:99999999 tp50:0 tp80:0 tp90:0 tp99:0 tp999:0 0_1:20 2_5:0 6_10:0 11_50:0 51_100:0 101_500:0 501_999:0 1000_:0
2026-06-10 16:33:29 INFO TimerFlushService - [ASYNC_MASTER]Timer progress-check commitRead:[06-10 08:33:28] currRead:[06-10 08:33:28] currWrite:[06-10 08:33:29] readBehind:1 currReadOffset:0 offsetBehind:0 behindMaster:0 enqPutQueue:0 deqGetQueue:0 deqPutQueue:0 allCongestNum:0 enqExpiredStoreTime:01-01 00:00:00
2026-06-10 16:33:36 INFO compactionSchedule_2 - start to scan all topicConfig
2026-06-10 16:33:36 INFO compactionSchedule_2 - scan all topicConfig over
2026-06-10 16:33:36 INFO StoreStatsService - [STORETPS] put_tps 0.0 get_found_tps 0.0 get_miss_tps 38.39232153569286 get_transferred_tps 0.0
2026-06-10 16:33:36 INFO StoreStatsService - findPutMessageEntireTimePX 0.99=0.00ms cost 1ms
2026-06-10 16:33:36 INFO StoreStatsService - findPutMessageEntireTimePX 0.999=0.00ms cost 0ms
2026-06-10 16:33:36 INFO StoreStatsService - [PAGECACHERT] TotalPut 0, PutMessageDistributeTime [<=0ms]:0 [0~10ms]:0 [10~50ms]:0 [50~100ms]:0 [100~200ms]:0 [200~500ms]:0 [500ms~1s]:0 [1~2s]:0 [2~3s]:0 [3~4s]:0 [4~5s]:0 [5~10s]:0 [10s~]:0 
2026-06-10 16:33:38 INFO FlushRealTimeService - PERF_COUNTER_FLUSH_DATA_TIME_MS[2026-06-10 08:33:38.27] num:20 cost:10003 tps:2.0094 min:0 max:99999999 tp50:0 tp80:0 tp90:0 tp99:0 tp999:0 0_1:20 2_5:0 6_10:0 11_50:0 51_100:0 101_500:0 501_999:0 1000_:0
2026-06-10 16:33:39 INFO TimerFlushService - [ASYNC_MASTER]Timer progress-check commitRead:[06-10 08:33:39] currRead:[06-10 08:33:39] currWrite:[06-10 08:33:39] readBehind:0 currReadOffset:0 offsetBehind:0 behindMaster:0 enqPutQueue:0 deqGetQueue:0 deqPutQueue:0 allCongestNum:0 enqExpiredStoreTime:01-01 00:00:00
2026-06-10 16:33:48 INFO FlushRealTimeService - PERF_COUNTER_FLUSH_DATA_TIME_MS[2026-06-10 08:33:48.274] num:20 cost:10004 tps:2.0092 min:0 max:99999999 tp50:0 tp80:0 tp90:0 tp99:0 tp999:0 0_1:20 2_5:0 6_10:0 11_50:0 51_100:0 101_500:0 501_999:0 1000_:0
2026-06-10 16:33:50 INFO TimerFlushService - [ASYNC_MASTER]Timer progress-check commitRead:[06-10 08:33:50] currRead:[06-10 08:33:50] currWrite:[06-10 08:33:50] readBehind:0 currReadOffset:0 offsetBehind:0 behindMaster:0 enqPutQueue:0 deqGetQueue:0 deqPutQueue:0 allCongestNum:0 enqExpiredStoreTime:01-01 00:00:00
2026-06-10 16:33:58 INFO FlushRealTimeService - PERF_COUNTER_FLUSH_DATA_TIME_MS[2026-06-10 08:33:58.281] num:20 cost:10007 tps:2.0086 min:0 max:99999999 tp50:0 tp80:0 tp90:0 tp99:0 tp999:0 0_1:20 2_5:0 6_10:0 11_50:0 51_100:0 101_500:0 501_999:0 1000_:0
2026-06-10 16:34:00 INFO TimerFlushService - [ASYNC_MASTER]Timer progress-check commitRead:[06-10 08:34:00] currRead:[06-10 08:34:00] currWrite:[06-10 08:34:00] readBehind:0 currReadOffset:0 offsetBehind:0 behindMaster:0 enqPutQueue:0 deqGetQueue:0 deqPutQueue:0 allCongestNum:0 enqExpiredStoreTime:01-01 00:00:00
2026-06-10 16:34:06 INFO compactionSchedule_2 - start to scan all topicConfig
2026-06-10 16:34:06 INFO compactionSchedule_2 - scan all topicConfig over
2026-06-10 16:34:08 INFO FlushRealTimeService - PERF_COUNTER_FLUSH_DATA_TIME_MS[2026-06-10 08:34:08.284] num:20 cost:10003 tps:2.0094 min:0 max:99999999 tp50:0 tp80:0 tp90:0 tp99:0 tp999:0 0_1:20 2_5:0 6_10:0 11_50:0 51_100:0 101_500:0 501_999:0 1000_:0
2026-06-10 16:34:11 INFO TimerFlushService - [ASYNC_MASTER]Timer progress-check commitRead:[06-10 08:34:11] currRead:[06-10 08:34:11] currWrite:[06-10 08:34:11] readBehind:0 currReadOffset:0 offsetBehind:0 behindMaster:0 enqPutQueue:0 deqGetQueue:0 deqPutQueue:0 allCongestNum:0 enqExpiredStoreTime:01-01 00:00:00
2026-06-10 16:34:18 INFO FlushRealTimeService - PERF_COUNTER_FLUSH_DATA_TIME_MS[2026-06-10 08:34:18.289] num:20 cost:10005 tps:2.0090 min:0 max:99999999 tp50:0 tp80:0 tp90:0 tp99:0 tp999:0 0_1:20 2_5:0 6_10:0 11_50:0 51_100:0 101_500:0 501_999:0 1000_:0
2026-06-10 16:34:22 INFO TimerFlushService - [ASYNC_MASTER]Timer progress-check commitRead:[06-10 08:34:22] currRead:[06-10 08:34:22] currWrite:[06-10 08:34:22] readBehind:0 currReadOffset:0 offsetBehind:0 behindMaster:0 enqPutQueue:0 deqGetQueue:0 deqPutQueue:0 allCongestNum:0 enqExpiredStoreTime:01-01 00:00:00
2026-06-10 16:34:28 INFO FlushRealTimeService - PERF_COUNTER_FLUSH_DATA_TIME_MS[2026-06-10 08:34:28.301] num:20 cost:10012 tps:2.0076 min:0 max:99999999 tp50:0 tp80:0 tp90:0 tp99:0 tp999:0 0_1:20 2_5:0 6_10:0 11_50:0 51_100:0 101_500:0 501_999:0 1000_:0
2026-06-10 16:34:32 INFO TimerFlushService - [ASYNC_MASTER]Timer progress-check commitRead:[06-10 08:34:32] currRead:[06-10 08:34:32] currWrite:[06-10 08:34:32] readBehind:0 currReadOffset:0 offsetBehind:0 behindMaster:0 enqPutQueue:0 deqGetQueue:0 deqPutQueue:0 allCongestNum:0 enqExpiredStoreTime:01-01 00:00:00
2026-06-10 16:34:36 INFO compactionSchedule_2 - start to scan all topicConfig
2026-06-10 16:34:36 INFO compactionSchedule_2 - scan all topicConfig over
2026-06-10 16:34:36 INFO StoreStatsService - [STORETPS] put_tps 0.0 get_found_tps 0.0 get_miss_tps 42.273469523777784 get_transferred_tps 0.0
2026-06-10 16:34:36 INFO StoreStatsService - findPutMessageEntireTimePX 0.99=0.00ms cost 0ms
2026-06-10 16:34:36 INFO StoreStatsService - findPutMessageEntireTimePX 0.999=0.00ms cost 0ms
2026-06-10 16:34:36 INFO StoreStatsService - [PAGECACHERT] TotalPut 0, PutMessageDistributeTime [<=0ms]:0 [0~10ms]:0 [10~50ms]:0 [50~100ms]:0 [100~200ms]:0 [200~500ms]:0 [500ms~1s]:0 [1~2s]:0 [2~3s]:0 [3~4s]:0 [4~5s]:0 [5~10s]:0 [10s~]:0 
2026-06-10 16:34:38 INFO FlushRealTimeService - PERF_COUNTER_FLUSH_DATA_TIME_MS[2026-06-10 08:34:38.304] num:20 cost:10003 tps:2.0094 min:0 max:99999999 tp50:0 tp80:0 tp90:0 tp99:0 tp999:0 0_1:20 2_5:0 6_10:0 11_50:0 51_100:0 101_500:0 501_999:0 1000_:0
2026-06-10 16:34:43 INFO TimerFlushService - [ASYNC_MASTER]Timer progress-check commitRead:[06-10 08:34:43] currRead:[06-10 08:34:43] currWrite:[06-10 08:34:43] readBehind:0 currReadOffset:0 offsetBehind:0 behindMaster:0 enqPutQueue:0 deqGetQueue:0 deqPutQueue:0 allCongestNum:0 enqExpiredStoreTime:01-01 00:00:00
2026-06-10 16:34:48 INFO FlushRealTimeService - PERF_COUNTER_FLUSH_DATA_TIME_MS[2026-06-10 08:34:48.311] num:20 cost:10007 tps:2.0086 min:0 max:99999999 tp50:0 tp80:0 tp90:0 tp99:0 tp999:0 0_1:20 2_5:0 6_10:0 11_50:0 51_100:0 101_500:0 501_999:0 1000_:0
2026-06-10 16:34:53 INFO TimerFlushService - [ASYNC_MASTER]Timer progress-check commitRead:[06-10 08:34:53] currRead:[06-10 08:34:53] currWrite:[06-10 08:34:53] readBehind:0 currReadOffset:0 offsetBehind:0 behindMaster:0 enqPutQueue:0 deqGetQueue:0 deqPutQueue:0 allCongestNum:0 enqExpiredStoreTime:01-01 00:00:00
2026-06-10 16:34:58 INFO FlushRealTimeService - PERF_COUNTER_FLUSH_DATA_TIME_MS[2026-06-10 08:34:58.314] num:20 cost:10003 tps:2.0094 min:0 max:99999999 tp50:0 tp80:0 tp90:0 tp99:0 tp999:0 0_1:20 2_5:0 6_10:0 11_50:0 51_100:0 101_500:0 501_999:0 1000_:0
2026-06-10 16:35:04 INFO TimerFlushService - [ASYNC_MASTER]Timer progress-check commitRead:[06-10 08:35:04] currRead:[06-10 08:35:04] currWrite:[06-10 08:35:04] readBehind:0 currReadOffset:0 offsetBehind:0 behindMaster:0 enqPutQueue:0 deqGetQueue:0 deqPutQueue:0 allCongestNum:0 enqExpiredStoreTime:01-01 00:00:00
2026-06-10 16:35:06 INFO compactionSchedule_2 - start to scan all topicConfig
2026-06-10 16:35:06 INFO compactionSchedule_2 - scan all topicConfig over
2026-06-10 16:35:08 INFO FlushRealTimeService - PERF_COUNTER_FLUSH_DATA_TIME_MS[2026-06-10 08:35:08.321] num:20 cost:10007 tps:2.0086 min:0 max:99999999 tp50:0 tp80:0 tp90:0 tp99:0 tp999:0 0_1:20 2_5:0 6_10:0 11_50:0 51_100:0 101_500:0 501_999:0 1000_:0
2026-06-10 16:35:15 INFO TimerFlushService - [ASYNC_MASTER]Timer progress-check commitRead:[06-10 08:35:15] currRead:[06-10 08:35:15] currWrite:[06-10 08:35:15] readBehind:0 currReadOffset:0 offsetBehind:0 behindMaster:0 enqPutQueue:0 deqGetQueue:0 deqPutQueue:0 allCongestNum:0 enqExpiredStoreTime:01-01 00:00:00
2026-06-10 16:35:18 INFO FlushRealTimeService - PERF_COUNTER_FLUSH_DATA_TIME_MS[2026-06-10 08:35:18.324] num:20 cost:10003 tps:2.0094 min:0 max:99999999 tp50:0 tp80:0 tp90:0 tp99:0 tp999:0 0_1:20 2_5:0 6_10:0 11_50:0 51_100:0 101_500:0 501_999:0 1000_:0
2026-06-10 16:35:25 INFO TimerFlushService - [ASYNC_MASTER]Timer progress-check commitRead:[06-10 08:35:25] currRead:[06-10 08:35:25] currWrite:[06-10 08:35:25] readBehind:0 currReadOffset:0 offsetBehind:0 behindMaster:0 enqPutQueue:0 deqGetQueue:0 deqPutQueue:0 allCongestNum:0 enqExpiredStoreTime:01-01 00:00:00
2026-06-10 16:35:28 INFO FlushRealTimeService - PERF_COUNTER_FLUSH_DATA_TIME_MS[2026-06-10 08:35:28.329] num:20 cost:10004 tps:2.0092 min:0 max:99999999 tp50:0 tp80:0 tp90:0 tp99:0 tp999:0 0_1:20 2_5:0 6_10:0 11_50:0 51_100:0 101_500:0 501_999:0 1000_:0
2026-06-10 16:35:36 INFO TimerFlushService - [ASYNC_MASTER]Timer progress-check commitRead:[06-10 08:35:36] currRead:[06-10 08:35:36] currWrite:[06-10 08:35:36] readBehind:0 currReadOffset:0 offsetBehind:0 behindMaster:0 enqPutQueue:0 deqGetQueue:0 deqPutQueue:0 allCongestNum:0 enqExpiredStoreTime:01-01 00:00:00
2026-06-10 16:35:36 INFO compactionSchedule_2 - start to scan all topicConfig
2026-06-10 16:35:36 INFO compactionSchedule_2 - scan all topicConfig over
2026-06-10 16:35:36 INFO StoreStatsService - [STORETPS] put_tps 0.0 get_found_tps 0.0 get_miss_tps 39.974006065251444 get_transferred_tps 0.0
2026-06-10 16:35:36 INFO StoreStatsService - findPutMessageEntireTimePX 0.99=0.00ms cost 0ms
2026-06-10 16:35:36 INFO StoreStatsService - findPutMessageEntireTimePX 0.999=0.00ms cost 0ms
2026-06-10 16:35:36 INFO StoreStatsService - [PAGECACHERT] TotalPut 0, PutMessageDistributeTime [<=0ms]:0 [0~10ms]:0 [10~50ms]:0 [50~100ms]:0 [100~200ms]:0 [200~500ms]:0 [500ms~1s]:0 [1~2s]:0 [2~3s]:0 [3~4s]:0 [4~5s]:0 [5~10s]:0 [10s~]:0 
2026-06-10 16:35:38 INFO FlushRealTimeService - PERF_COUNTER_FLUSH_DATA_TIME_MS[2026-06-10 08:35:38.332] num:20 cost:10003 tps:2.0094 min:0 max:99999999 tp50:0 tp80:0 tp90:0 tp99:0 tp999:0 0_1:20 2_5:0 6_10:0 11_50:0 51_100:0 101_500:0 501_999:0 1000_:0
2026-06-10 16:35:46 INFO TimerFlushService - [ASYNC_MASTER]Timer progress-check commitRead:[06-10 08:35:46] currRead:[06-10 08:35:46] currWrite:[06-10 08:35:46] readBehind:0 currReadOffset:0 offsetBehind:0 behindMaster:0 enqPutQueue:0 deqGetQueue:0 deqPutQueue:0 allCongestNum:0 enqExpiredStoreTime:01-01 00:00:00
2026-06-10 16:35:48 INFO FlushRealTimeService - PERF_COUNTER_FLUSH_DATA_TIME_MS[2026-06-10 08:35:48.336] num:20 cost:10003 tps:2.0094 min:0 max:99999999 tp50:0 tp80:0 tp90:0 tp99:0 tp999:0 0_1:20 2_5:0 6_10:0 11_50:0 51_100:0 101_500:0 501_999:0 1000_:0
2026-06-10 16:35:57 INFO TimerFlushService - [ASYNC_MASTER]Timer progress-check commitRead:[06-10 08:35:57] currRead:[06-10 08:35:57] currWrite:[06-10 08:35:57] readBehind:0 currReadOffset:0 offsetBehind:0 behindMaster:0 enqPutQueue:0 deqGetQueue:0 deqPutQueue:0 allCongestNum:0 enqExpiredStoreTime:01-01 00:00:00
2026-06-10 16:35:58 INFO FlushRealTimeService - PERF_COUNTER_FLUSH_DATA_TIME_MS[2026-06-10 08:35:58.342] num:20 cost:10005 tps:2.0090 min:0 max:99999999 tp50:0 tp80:0 tp90:0 tp99:0 tp999:0 0_1:20 2_5:0 6_10:0 11_50:0 51_100:0 101_500:0 501_999:0 1000_:0
2026-06-10 16:36:06 INFO compactionSchedule_2 - start to scan all topicConfig
2026-06-10 16:36:06 INFO compactionSchedule_2 - scan all topicConfig over
2026-06-10 16:36:08 INFO TimerFlushService - [ASYNC_MASTER]Timer progress-check commitRead:[06-10 08:36:08] currRead:[06-10 08:36:08] currWrite:[06-10 08:36:08] readBehind:0 currReadOffset:0 offsetBehind:0 behindMaster:0 enqPutQueue:0 deqGetQueue:0 deqPutQueue:0 allCongestNum:0 enqExpiredStoreTime:01-01 00:00:00
2026-06-10 16:36:08 INFO FlushRealTimeService - PERF_COUNTER_FLUSH_DATA_TIME_MS[2026-06-10 08:36:08.344] num:20 cost:10002 tps:2.0096 min:0 max:99999999 tp50:0 tp80:0 tp90:0 tp99:0 tp999:0 0_1:20 2_5:0 6_10:0 11_50:0 51_100:0 101_500:0 501_999:0 1000_:0
2026-06-10 16:36:18 INFO FlushRealTimeService - PERF_COUNTER_FLUSH_DATA_TIME_MS[2026-06-10 08:36:18.347] num:20 cost:10002 tps:2.0096 min:0 max:99999999 tp50:0 tp80:0 tp90:0 tp99:0 tp999:0 0_1:20 2_5:0 6_10:0 11_50:0 51_100:0 101_500:0 501_999:0 1000_:0
2026-06-10 16:36:18 INFO TimerFlushService - [ASYNC_MASTER]Timer progress-check commitRead:[06-10 08:36:18] currRead:[06-10 08:36:18] currWrite:[06-10 08:36:18] readBehind:0 currReadOffset:0 offsetBehind:0 behindMaster:0 enqPutQueue:0 deqGetQueue:0 deqPutQueue:0 allCongestNum:0 enqExpiredStoreTime:01-01 00:00:00
2026-06-10 16:36:28 INFO FlushRealTimeService - PERF_COUNTER_FLUSH_DATA_TIME_MS[2026-06-10 08:36:28.35] num:20 cost:10002 tps:2.0096 min:0 max:99999999 tp50:0 tp80:0 tp90:0 tp99:0 tp999:0 0_1:20 2_5:0 6_10:0 11_50:0 51_100:0 101_500:0 501_999:0 1000_:0
2026-06-10 16:36:29 INFO TimerFlushService - [ASYNC_MASTER]Timer progress-check commitRead:[06-10 08:36:29] currRead:[06-10 08:36:29] currWrite:[06-10 08:36:29] readBehind:0 currReadOffset:0 offsetBehind:0 behindMaster:0 enqPutQueue:0 deqGetQueue:0 deqPutQueue:0 allCongestNum:0 enqExpiredStoreTime:01-01 00:00:00
2026-06-10 16:36:36 INFO compactionSchedule_2 - start to scan all topicConfig
2026-06-10 16:36:36 INFO compactionSchedule_2 - scan all topicConfig over
2026-06-10 16:36:36 INFO StoreStatsService - [STORETPS] put_tps 0.0 get_found_tps 0.0 get_miss_tps 40.17329001083063 get_transferred_tps 0.0
2026-06-10 16:36:36 INFO StoreStatsService - findPutMessageEntireTimePX 0.99=0.00ms cost 0ms
2026-06-10 16:36:36 INFO StoreStatsService - findPutMessageEntireTimePX 0.999=0.00ms cost 0ms
2026-06-10 16:36:36 INFO StoreStatsService - [PAGECACHERT] TotalPut 0, PutMessageDistributeTime [<=0ms]:0 [0~10ms]:0 [10~50ms]:0 [50~100ms]:0 [100~200ms]:0 [200~500ms]:0 [500ms~1s]:0 [1~2s]:0 [2~3s]:0 [3~4s]:0 [4~5s]:0 [5~10s]:0 [10s~]:0 
2026-06-10 16:36:38 INFO FlushRealTimeService - PERF_COUNTER_FLUSH_DATA_TIME_MS[2026-06-10 08:36:38.354] num:20 cost:10004 tps:2.0092 min:0 max:99999999 tp50:0 tp80:0 tp90:0 tp99:0 tp999:0 0_1:20 2_5:0 6_10:0 11_50:0 51_100:0 101_500:0 501_999:0 1000_:0
2026-06-10 16:36:39 INFO TimerFlushService - [ASYNC_MASTER]Timer progress-check commitRead:[06-10 08:36:39] currRead:[06-10 08:36:39] currWrite:[06-10 08:36:39] readBehind:0 currReadOffset:0 offsetBehind:0 behindMaster:0 enqPutQueue:0 deqGetQueue:0 deqPutQueue:0 allCongestNum:0 enqExpiredStoreTime:01-01 00:00:00
2026-06-10 16:36:48 INFO FlushRealTimeService - PERF_COUNTER_FLUSH_DATA_TIME_MS[2026-06-10 08:36:48.361] num:20 cost:10007 tps:2.0086 min:0 max:99999999 tp50:0 tp80:0 tp90:0 tp99:0 tp999:0 0_1:20 2_5:0 6_10:0 11_50:0 51_100:0 101_500:0 501_999:0 1000_:0
2026-06-10 16:36:50 INFO TimerFlushService - [ASYNC_MASTER]Timer progress-check commitRead:[06-10 08:36:50] currRead:[06-10 08:36:50] currWrite:[06-10 08:36:50] readBehind:0 currReadOffset:0 offsetBehind:0 behindMaster:0 enqPutQueue:0 deqGetQueue:0 deqPutQueue:0 allCongestNum:0 enqExpiredStoreTime:01-01 00:00:00
2026-06-10 16:36:58 INFO FlushRealTimeService - PERF_COUNTER_FLUSH_DATA_TIME_MS[2026-06-10 08:36:58.364] num:20 cost:10003 tps:2.0094 min:0 max:99999999 tp50:0 tp80:0 tp90:0 tp99:0 tp999:0 0_1:20 2_5:0 6_10:0 11_50:0 51_100:0 101_500:0 501_999:0 1000_:0
2026-06-10 16:37:00 INFO TimerFlushService - [ASYNC_MASTER]Timer progress-check commitRead:[06-10 08:37:00] currRead:[06-10 08:37:00] currWrite:[06-10 08:37:00] readBehind:0 currReadOffset:0 offsetBehind:0 behindMaster:0 enqPutQueue:0 deqGetQueue:0 deqPutQueue:0 allCongestNum:0 enqExpiredStoreTime:01-01 00:00:00
2026-06-10 16:37:06 INFO compactionSchedule_2 - start to scan all topicConfig
2026-06-10 16:37:06 INFO compactionSchedule_2 - scan all topicConfig over
2026-06-10 16:37:08 INFO FlushRealTimeService - PERF_COUNTER_FLUSH_DATA_TIME_MS[2026-06-10 08:37:08.369] num:20 cost:10005 tps:2.0090 min:0 max:1 tp50:0 tp80:0 tp90:0 tp99:1 tp999:1 0_1:20 2_5:0 6_10:0 11_50:0 51_100:0 101_500:0 501_999:0 1000_:0
2026-06-10 16:37:11 INFO TimerFlushService - [ASYNC_MASTER]Timer progress-check commitRead:[06-10 08:37:11] currRead:[06-10 08:37:11] currWrite:[06-10 08:37:11] readBehind:0 currReadOffset:0 offsetBehind:0 behindMaster:0 enqPutQueue:0 deqGetQueue:0 deqPutQueue:0 allCongestNum:0 enqExpiredStoreTime:01-01 00:00:00
2026-06-10 16:37:18 INFO FlushRealTimeService - PERF_COUNTER_FLUSH_DATA_TIME_MS[2026-06-10 08:37:18.377] num:20 cost:10007 tps:2.0086 min:0 max:99999999 tp50:0 tp80:0 tp90:0 tp99:0 tp999:0 0_1:20 2_5:0 6_10:0 11_50:0 51_100:0 101_500:0 501_999:0 1000_:0
2026-06-10 16:37:22 INFO TimerFlushService - [ASYNC_MASTER]Timer progress-check commitRead:[06-10 08:37:22] currRead:[06-10 08:37:22] currWrite:[06-10 08:37:22] readBehind:0 currReadOffset:0 offsetBehind:0 behindMaster:0 enqPutQueue:0 deqGetQueue:0 deqPutQueue:0 allCongestNum:0 enqExpiredStoreTime:01-01 00:00:00
2026-06-10 16:37:28 INFO FlushRealTimeService - PERF_COUNTER_FLUSH_DATA_TIME_MS[2026-06-10 08:37:28.381] num:20 cost:10003 tps:2.0094 min:0 max:1 tp50:0 tp80:0 tp90:0 tp99:1 tp999:1 0_1:20 2_5:0 6_10:0 11_50:0 51_100:0 101_500:0 501_999:0 1000_:0
2026-06-10 16:37:33 INFO TimerFlushService - [ASYNC_MASTER]Timer progress-check commitRead:[06-10 08:37:33] currRead:[06-10 08:37:33] currWrite:[06-10 08:37:33] readBehind:0 currReadOffset:0 offsetBehind:0 behindMaster:0 enqPutQueue:0 deqGetQueue:0 deqPutQueue:0 allCongestNum:0 enqExpiredStoreTime:01-01 00:00:00
2026-06-10 16:37:36 INFO compactionSchedule_2 - start to scan all topicConfig
2026-06-10 16:37:36 INFO compactionSchedule_2 - scan all topicConfig over
2026-06-10 16:37:36 INFO StoreStatsService - [STORETPS] put_tps 0.0 get_found_tps 0.0 get_miss_tps 42.07141309962177 get_transferred_tps 0.0
2026-06-10 16:37:36 INFO StoreStatsService - findPutMessageEntireTimePX 0.99=0.00ms cost 0ms
2026-06-10 16:37:36 INFO StoreStatsService - findPutMessageEntireTimePX 0.999=0.00ms cost 0ms
2026-06-10 16:37:36 INFO StoreStatsService - [PAGECACHERT] TotalPut 0, PutMessageDistributeTime [<=0ms]:0 [0~10ms]:0 [10~50ms]:0 [50~100ms]:0 [100~200ms]:0 [200~500ms]:0 [500ms~1s]:0 [1~2s]:0 [2~3s]:0 [3~4s]:0 [4~5s]:0 [5~10s]:0 [10s~]:0 
2026-06-10 16:37:38 INFO FlushRealTimeService - PERF_COUNTER_FLUSH_DATA_TIME_MS[2026-06-10 08:37:38.384] num:20 cost:10003 tps:2.0094 min:0 max:99999999 tp50:0 tp80:0 tp90:0 tp99:0 tp999:0 0_1:20 2_5:0 6_10:0 11_50:0 51_100:0 101_500:0 501_999:0 1000_:0
2026-06-10 16:37:44 INFO TimerFlushService - [ASYNC_MASTER]Timer progress-check commitRead:[06-10 08:37:44] currRead:[06-10 08:37:44] currWrite:[06-10 08:37:44] readBehind:0 currReadOffset:0 offsetBehind:0 behindMaster:0 enqPutQueue:0 deqGetQueue:0 deqPutQueue:0 allCongestNum:0 enqExpiredStoreTime:01-01 00:00:00
2026-06-10 16:37:48 INFO FlushRealTimeService - PERF_COUNTER_FLUSH_DATA_TIME_MS[2026-06-10 08:37:48.392] num:20 cost:10008 tps:2.0084 min:0 max:99999999 tp50:0 tp80:0 tp90:0 tp99:0 tp999:0 0_1:20 2_5:0 6_10:0 11_50:0 51_100:0 101_500:0 501_999:0 1000_:0
2026-06-10 16:37:54 INFO TimerFlushService - [ASYNC_MASTER]Timer progress-check commitRead:[06-10 08:37:54] currRead:[06-10 08:37:54] currWrite:[06-10 08:37:54] readBehind:0 currReadOffset:0 offsetBehind:0 behindMaster:0 enqPutQueue:0 deqGetQueue:0 deqPutQueue:0 allCongestNum:0 enqExpiredStoreTime:01-01 00:00:00
2026-06-10 16:37:58 INFO FlushRealTimeService - PERF_COUNTER_FLUSH_DATA_TIME_MS[2026-06-10 08:37:58.395] num:20 cost:10003 tps:2.0094 min:0 max:99999999 tp50:0 tp80:0 tp90:0 tp99:0 tp999:0 0_1:20 2_5:0 6_10:0 11_50:0 51_100:0 101_500:0 501_999:0 1000_:0
2026-06-10 16:38:05 INFO TimerFlushService - [ASYNC_MASTER]Timer progress-check commitRead:[06-10 08:38:05] currRead:[06-10 08:38:05] currWrite:[06-10 08:38:05] readBehind:0 currReadOffset:0 offsetBehind:0 behindMaster:0 enqPutQueue:0 deqGetQueue:0 deqPutQueue:0 allCongestNum:0 enqExpiredStoreTime:01-01 00:00:00
2026-06-10 16:38:06 INFO compactionSchedule_2 - start to scan all topicConfig
2026-06-10 16:38:06 INFO compactionSchedule_2 - scan all topicConfig over
2026-06-10 16:38:08 INFO FlushRealTimeService - PERF_COUNTER_FLUSH_DATA_TIME_MS[2026-06-10 08:38:08.398] num:20 cost:10003 tps:2.0094 min:0 max:1 tp50:0 tp80:0 tp90:0 tp99:1 tp999:1 0_1:20 2_5:0 6_10:0 11_50:0 51_100:0 101_500:0 501_999:0 1000_:0
2026-06-10 16:38:15 INFO TimerFlushService - [ASYNC_MASTER]Timer progress-check commitRead:[06-10 08:38:15] currRead:[06-10 08:38:15] currWrite:[06-10 08:38:15] readBehind:0 currReadOffset:0 offsetBehind:0 behindMaster:0 enqPutQueue:0 deqGetQueue:0 deqPutQueue:0 allCongestNum:0 enqExpiredStoreTime:01-01 00:00:00
2026-06-10 16:38:18 INFO FlushRealTimeService - PERF_COUNTER_FLUSH_DATA_TIME_MS[2026-06-10 08:38:18.401] num:20 cost:10003 tps:2.0094 min:0 max:99999999 tp50:0 tp80:0 tp90:0 tp99:0 tp999:0 0_1:20 2_5:0 6_10:0 11_50:0 51_100:0 101_500:0 501_999:0 1000_:0
2026-06-10 16:38:26 INFO TimerFlushService - [ASYNC_MASTER]Timer progress-check commitRead:[06-10 08:38:26] currRead:[06-10 08:38:26] currWrite:[06-10 08:38:26] readBehind:0 currReadOffset:0 offsetBehind:0 behindMaster:0 enqPutQueue:0 deqGetQueue:0 deqPutQueue:0 allCongestNum:0 enqExpiredStoreTime:01-01 00:00:00
2026-06-10 16:38:28 INFO FlushRealTimeService - PERF_COUNTER_FLUSH_DATA_TIME_MS[2026-06-10 08:38:28.404] num:20 cost:10003 tps:2.0094 min:0 max:99999999 tp50:0 tp80:0 tp90:0 tp99:0 tp999:0 0_1:20 2_5:0 6_10:0 11_50:0 51_100:0 101_500:0 501_999:0 1000_:0
2026-06-10 16:38:36 INFO compactionSchedule_2 - start to scan all topicConfig
2026-06-10 16:38:36 INFO compactionSchedule_2 - scan all topicConfig over
2026-06-10 16:38:36 INFO StoreStatsService - [STORETPS] put_tps 0.0 get_found_tps 0.0 get_miss_tps 38.39360106648892 get_transferred_tps 0.0
2026-06-10 16:38:36 INFO StoreStatsService - findPutMessageEntireTimePX 0.99=0.00ms cost 0ms
2026-06-10 16:38:36 INFO StoreStatsService - findPutMessageEntireTimePX 0.999=0.00ms cost 1ms
2026-06-10 16:38:36 INFO StoreStatsService - [PAGECACHERT] TotalPut 0, PutMessageDistributeTime [<=0ms]:0 [0~10ms]:0 [10~50ms]:0 [50~100ms]:0 [100~200ms]:0 [200~500ms]:0 [500ms~1s]:0 [1~2s]:0 [2~3s]:0 [3~4s]:0 [4~5s]:0 [5~10s]:0 [10s~]:0 
2026-06-10 16:38:36 INFO TimerFlushService - [ASYNC_MASTER]Timer progress-check commitRead:[06-10 08:38:36] currRead:[06-10 08:38:36] currWrite:[06-10 08:38:36] readBehind:0 currReadOffset:0 offsetBehind:0 behindMaster:0 enqPutQueue:0 deqGetQueue:0 deqPutQueue:0 allCongestNum:0 enqExpiredStoreTime:01-01 00:00:00
2026-06-10 16:38:38 INFO FlushRealTimeService - PERF_COUNTER_FLUSH_DATA_TIME_MS[2026-06-10 08:38:38.407] num:20 cost:10003 tps:2.0094 min:0 max:99999999 tp50:0 tp80:0 tp90:0 tp99:0 tp999:0 0_1:20 2_5:0 6_10:0 11_50:0 51_100:0 101_500:0 501_999:0 1000_:0
2026-06-10 16:38:47 INFO TimerFlushService - [ASYNC_MASTER]Timer progress-check commitRead:[06-10 08:38:47] currRead:[06-10 08:38:47] currWrite:[06-10 08:38:47] readBehind:0 currReadOffset:0 offsetBehind:0 behindMaster:0 enqPutQueue:0 deqGetQueue:0 deqPutQueue:0 allCongestNum:0 enqExpiredStoreTime:01-01 00:00:00
2026-06-10 16:38:48 INFO FlushRealTimeService - PERF_COUNTER_FLUSH_DATA_TIME_MS[2026-06-10 08:38:48.409] num:20 cost:10002 tps:2.0096 min:0 max:99999999 tp50:0 tp80:0 tp90:0 tp99:0 tp999:0 0_1:20 2_5:0 6_10:0 11_50:0 51_100:0 101_500:0 501_999:0 1000_:0
2026-06-10 16:38:57 INFO TimerFlushService - [ASYNC_MASTER]Timer progress-check commitRead:[06-10 08:38:57] currRead:[06-10 08:38:57] currWrite:[06-10 08:38:57] readBehind:0 currReadOffset:0 offsetBehind:0 behindMaster:0 enqPutQueue:0 deqGetQueue:0 deqPutQueue:0 allCongestNum:0 enqExpiredStoreTime:01-01 00:00:00
2026-06-10 16:38:58 INFO FlushRealTimeService - PERF_COUNTER_FLUSH_DATA_TIME_MS[2026-06-10 08:38:58.412] num:20 cost:10002 tps:2.0096 min:0 max:99999999 tp50:0 tp80:0 tp90:0 tp99:0 tp999:0 0_1:20 2_5:0 6_10:0 11_50:0 51_100:0 101_500:0 501_999:0 1000_:0
2026-06-10 16:39:06 INFO compactionSchedule_2 - start to scan all topicConfig
2026-06-10 16:39:06 INFO compactionSchedule_2 - scan all topicConfig over
2026-06-10 16:39:08 INFO FlushRealTimeService - PERF_COUNTER_FLUSH_DATA_TIME_MS[2026-06-10 08:39:08.417] num:20 cost:10004 tps:2.0092 min:0 max:99999999 tp50:0 tp80:0 tp90:0 tp99:0 tp999:0 0_1:20 2_5:0 6_10:0 11_50:0 51_100:0 101_500:0 501_999:0 1000_:0
2026-06-10 16:39:08 INFO TimerFlushService - [ASYNC_MASTER]Timer progress-check commitRead:[06-10 08:39:08] currRead:[06-10 08:39:08] currWrite:[06-10 08:39:08] readBehind:0 currReadOffset:0 offsetBehind:0 behindMaster:0 enqPutQueue:0 deqGetQueue:0 deqPutQueue:0 allCongestNum:0 enqExpiredStoreTime:01-01 00:00:00
2026-06-10 16:39:18 INFO FlushRealTimeService - PERF_COUNTER_FLUSH_DATA_TIME_MS[2026-06-10 08:39:18.42] num:20 cost:10003 tps:2.0094 min:0 max:99999999 tp50:0 tp80:0 tp90:0 tp99:0 tp999:0 0_1:20 2_5:0 6_10:0 11_50:0 51_100:0 101_500:0 501_999:0 1000_:0
2026-06-10 16:39:18 INFO TimerFlushService - [ASYNC_MASTER]Timer progress-check commitRead:[06-10 08:39:18] currRead:[06-10 08:39:18] currWrite:[06-10 08:39:18] readBehind:0 currReadOffset:0 offsetBehind:0 behindMaster:0 enqPutQueue:0 deqGetQueue:0 deqPutQueue:0 allCongestNum:0 enqExpiredStoreTime:01-01 00:00:00
2026-06-10 16:39:28 INFO FlushRealTimeService - PERF_COUNTER_FLUSH_DATA_TIME_MS[2026-06-10 08:39:28.424] num:20 cost:10004 tps:2.0092 min:0 max:99999999 tp50:0 tp80:0 tp90:0 tp99:0 tp999:0 0_1:20 2_5:0 6_10:0 11_50:0 51_100:0 101_500:0 501_999:0 1000_:0
2026-06-10 16:39:29 INFO TimerFlushService - [ASYNC_MASTER]Timer progress-check commitRead:[06-10 08:39:29] currRead:[06-10 08:39:29] currWrite:[06-10 08:39:29] readBehind:0 currReadOffset:0 offsetBehind:0 behindMaster:0 enqPutQueue:0 deqGetQueue:0 deqPutQueue:0 allCongestNum:0 enqExpiredStoreTime:01-01 00:00:00
2026-06-10 16:39:36 INFO compactionSchedule_2 - start to scan all topicConfig
2026-06-10 16:39:36 INFO compactionSchedule_2 - scan all topicConfig over
2026-06-10 16:39:36 INFO StoreStatsService - [STORETPS] put_tps 0.0 get_found_tps 0.0 get_miss_tps 42.375564479845366 get_transferred_tps 0.0
2026-06-10 16:39:36 INFO StoreStatsService - findPutMessageEntireTimePX 0.99=0.00ms cost 0ms
2026-06-10 16:39:36 INFO StoreStatsService - findPutMessageEntireTimePX 0.999=0.00ms cost 0ms
2026-06-10 16:39:36 INFO StoreStatsService - [PAGECACHERT] TotalPut 0, PutMessageDistributeTime [<=0ms]:0 [0~10ms]:0 [10~50ms]:0 [50~100ms]:0 [100~200ms]:0 [200~500ms]:0 [500ms~1s]:0 [1~2s]:0 [2~3s]:0 [3~4s]:0 [4~5s]:0 [5~10s]:0 [10s~]:0 
2026-06-10 16:39:38 INFO FlushRealTimeService - PERF_COUNTER_FLUSH_DATA_TIME_MS[2026-06-10 08:39:38.43] num:20 cost:10006 tps:2.0088 min:0 max:99999999 tp50:0 tp80:0 tp90:0 tp99:0 tp999:0 0_1:20 2_5:0 6_10:0 11_50:0 51_100:0 101_500:0 501_999:0 1000_:0
2026-06-10 16:39:40 INFO TimerFlushService - [ASYNC_MASTER]Timer progress-check commitRead:[06-10 08:39:40] currRead:[06-10 08:39:40] currWrite:[06-10 08:39:40] readBehind:0 currReadOffset:0 offsetBehind:0 behindMaster:0 enqPutQueue:0 deqGetQueue:0 deqPutQueue:0 allCongestNum:0 enqExpiredStoreTime:01-01 00:00:00
2026-06-10 16:39:48 INFO FlushRealTimeService - PERF_COUNTER_FLUSH_DATA_TIME_MS[2026-06-10 08:39:48.435] num:20 cost:10005 tps:2.0090 min:0 max:99999999 tp50:0 tp80:0 tp90:0 tp99:0 tp999:0 0_1:20 2_5:0 6_10:0 11_50:0 51_100:0 101_500:0 501_999:0 1000_:0
2026-06-10 16:39:51 INFO TimerFlushService - [ASYNC_MASTER]Timer progress-check commitRead:[06-10 08:39:51] currRead:[06-10 08:39:51] currWrite:[06-10 08:39:51] readBehind:0 currReadOffset:0 offsetBehind:0 behindMaster:0 enqPutQueue:0 deqGetQueue:0 deqPutQueue:0 allCongestNum:0 enqExpiredStoreTime:01-01 00:00:00
2026-06-10 16:39:58 INFO FlushRealTimeService - PERF_COUNTER_FLUSH_DATA_TIME_MS[2026-06-10 08:39:58.442] num:20 cost:10006 tps:2.0088 min:0 max:99999999 tp50:0 tp80:0 tp90:0 tp99:0 tp999:0 0_1:20 2_5:0 6_10:0 11_50:0 51_100:0 101_500:0 501_999:0 1000_:0
2026-06-10 16:40:01 INFO TimerFlushService - [ASYNC_MASTER]Timer progress-check commitRead:[06-10 08:40:01] currRead:[06-10 08:40:01] currWrite:[06-10 08:40:01] readBehind:0 currReadOffset:0 offsetBehind:0 behindMaster:0 enqPutQueue:0 deqGetQueue:0 deqPutQueue:0 allCongestNum:0 enqExpiredStoreTime:01-01 00:00:00
2026-06-10 16:40:06 INFO compactionSchedule_2 - start to scan all topicConfig
2026-06-10 16:40:06 INFO compactionSchedule_2 - scan all topicConfig over
2026-06-10 16:40:08 INFO FlushRealTimeService - PERF_COUNTER_FLUSH_DATA_TIME_MS[2026-06-10 08:40:08.446] num:20 cost:10004 tps:2.0092 min:0 max:99999999 tp50:0 tp80:0 tp90:0 tp99:0 tp999:0 0_1:20 2_5:0 6_10:0 11_50:0 51_100:0 101_500:0 501_999:0 1000_:0
2026-06-10 16:40:12 INFO TimerFlushService - [ASYNC_MASTER]Timer progress-check commitRead:[06-10 08:40:12] currRead:[06-10 08:40:12] currWrite:[06-10 08:40:12] readBehind:0 currReadOffset:0 offsetBehind:0 behindMaster:0 enqPutQueue:0 deqGetQueue:0 deqPutQueue:0 allCongestNum:0 enqExpiredStoreTime:01-01 00:00:00
2026-06-10 16:40:18 INFO FlushRealTimeService - PERF_COUNTER_FLUSH_DATA_TIME_MS[2026-06-10 08:40:18.449] num:20 cost:10003 tps:2.0094 min:0 max:99999999 tp50:0 tp80:0 tp90:0 tp99:0 tp999:0 0_1:20 2_5:0 6_10:0 11_50:0 51_100:0 101_500:0 501_999:0 1000_:0
2026-06-10 16:40:22 INFO TimerFlushService - [ASYNC_MASTER]Timer progress-check commitRead:[06-10 08:40:22] currRead:[06-10 08:40:22] currWrite:[06-10 08:40:22] readBehind:0 currReadOffset:0 offsetBehind:0 behindMaster:0 enqPutQueue:0 deqGetQueue:0 deqPutQueue:0 allCongestNum:0 enqExpiredStoreTime:01-01 00:00:00
2026-06-10 16:40:28 INFO FlushRealTimeService - PERF_COUNTER_FLUSH_DATA_TIME_MS[2026-06-10 08:40:28.453] num:20 cost:10004 tps:2.0092 min:0 max:99999999 tp50:0 tp80:0 tp90:0 tp99:0 tp999:0 0_1:20 2_5:0 6_10:0 11_50:0 51_100:0 101_500:0 501_999:0 1000_:0
2026-06-10 16:40:33 INFO TimerFlushService - [ASYNC_MASTER]Timer progress-check commitRead:[06-10 08:40:33] currRead:[06-10 08:40:33] currWrite:[06-10 08:40:33] readBehind:0 currReadOffset:0 offsetBehind:0 behindMaster:0 enqPutQueue:0 deqGetQueue:0 deqPutQueue:0 allCongestNum:0 enqExpiredStoreTime:01-01 00:00:00
2026-06-10 16:40:36 INFO compactionSchedule_2 - start to scan all topicConfig
2026-06-10 16:40:36 INFO compactionSchedule_2 - scan all topicConfig over
2026-06-10 16:40:36 INFO StoreStatsService - [STORETPS] put_tps 0.0 get_found_tps 0.0 get_miss_tps 39.8740293931416 get_transferred_tps 0.0
2026-06-10 16:40:36 INFO StoreStatsService - findPutMessageEntireTimePX 0.99=0.00ms cost 0ms
2026-06-10 16:40:36 INFO StoreStatsService - findPutMessageEntireTimePX 0.999=0.00ms cost 0ms
2026-06-10 16:40:36 INFO StoreStatsService - [PAGECACHERT] TotalPut 0, PutMessageDistributeTime [<=0ms]:0 [0~10ms]:0 [10~50ms]:0 [50~100ms]:0 [100~200ms]:0 [200~500ms]:0 [500ms~1s]:0 [1~2s]:0 [2~3s]:0 [3~4s]:0 [4~5s]:0 [5~10s]:0 [10s~]:0 
2026-06-10 16:40:38 INFO FlushRealTimeService - PERF_COUNTER_FLUSH_DATA_TIME_MS[2026-06-10 08:40:38.456] num:20 cost:10002 tps:2.0096 min:0 max:99999999 tp50:0 tp80:0 tp90:0 tp99:0 tp999:0 0_1:20 2_5:0 6_10:0 11_50:0 51_100:0 101_500:0 501_999:0 1000_:0
2026-06-10 16:40:44 INFO TimerFlushService - [ASYNC_MASTER]Timer progress-check commitRead:[06-10 08:40:44] currRead:[06-10 08:40:44] currWrite:[06-10 08:40:44] readBehind:0 currReadOffset:0 offsetBehind:0 behindMaster:0 enqPutQueue:0 deqGetQueue:0 deqPutQueue:0 allCongestNum:0 enqExpiredStoreTime:01-01 00:00:00
2026-06-10 16:40:48 INFO FlushRealTimeService - PERF_COUNTER_FLUSH_DATA_TIME_MS[2026-06-10 08:40:48.459] num:20 cost:10003 tps:2.0094 min:0 max:99999999 tp50:0 tp80:0 tp90:0 tp99:0 tp999:0 0_1:20 2_5:0 6_10:0 11_50:0 51_100:0 101_500:0 501_999:0 1000_:0
2026-06-10 16:40:55 INFO TimerFlushService - [ASYNC_MASTER]Timer progress-check commitRead:[06-10 08:40:55] currRead:[06-10 08:40:55] currWrite:[06-10 08:40:55] readBehind:0 currReadOffset:0 offsetBehind:0 behindMaster:0 enqPutQueue:0 deqGetQueue:0 deqPutQueue:0 allCongestNum:0 enqExpiredStoreTime:01-01 00:00:00
2026-06-10 16:40:58 INFO FlushRealTimeService - PERF_COUNTER_FLUSH_DATA_TIME_MS[2026-06-10 08:40:58.462] num:20 cost:10003 tps:2.0094 min:0 max:99999999 tp50:0 tp80:0 tp90:0 tp99:0 tp999:0 0_1:20 2_5:0 6_10:0 11_50:0 51_100:0 101_500:0 501_999:0 1000_:0
2026-06-10 16:41:05 INFO TimerFlushService - [ASYNC_MASTER]Timer progress-check commitRead:[06-10 08:41:05] currRead:[06-10 08:41:05] currWrite:[06-10 08:41:05] readBehind:0 currReadOffset:0 offsetBehind:0 behindMaster:0 enqPutQueue:0 deqGetQueue:0 deqPutQueue:0 allCongestNum:0 enqExpiredStoreTime:01-01 00:00:00
2026-06-10 16:41:06 INFO compactionSchedule_2 - start to scan all topicConfig
2026-06-10 16:41:06 INFO compactionSchedule_2 - scan all topicConfig over
2026-06-10 16:41:08 INFO FlushRealTimeService - PERF_COUNTER_FLUSH_DATA_TIME_MS[2026-06-10 08:41:08.468] num:20 cost:10006 tps:2.0088 min:0 max:99999999 tp50:0 tp80:0 tp90:0 tp99:0 tp999:0 0_1:20 2_5:0 6_10:0 11_50:0 51_100:0 101_500:0 501_999:0 1000_:0
2026-06-10 16:41:16 INFO TimerFlushService - [ASYNC_MASTER]Timer progress-check commitRead:[06-10 08:41:16] currRead:[06-10 08:41:16] currWrite:[06-10 08:41:16] readBehind:0 currReadOffset:0 offsetBehind:0 behindMaster:0 enqPutQueue:0 deqGetQueue:0 deqPutQueue:0 allCongestNum:0 enqExpiredStoreTime:01-01 00:00:00
2026-06-10 16:41:18 INFO FlushRealTimeService - PERF_COUNTER_FLUSH_DATA_TIME_MS[2026-06-10 08:41:18.474] num:20 cost:10006 tps:2.0088 min:0 max:99999999 tp50:0 tp80:0 tp90:0 tp99:0 tp999:0 0_1:20 2_5:0 6_10:0 11_50:0 51_100:0 101_500:0 501_999:0 1000_:0
2026-06-10 16:41:27 INFO TimerFlushService - [ASYNC_MASTER]Timer progress-check commitRead:[06-10 08:41:27] currRead:[06-10 08:41:27] currWrite:[06-10 08:41:27] readBehind:0 currReadOffset:0 offsetBehind:0 behindMaster:0 enqPutQueue:0 deqGetQueue:0 deqPutQueue:0 allCongestNum:0 enqExpiredStoreTime:01-01 00:00:00
2026-06-10 16:41:28 INFO FlushRealTimeService - PERF_COUNTER_FLUSH_DATA_TIME_MS[2026-06-10 08:41:28.477] num:20 cost:10003 tps:2.0094 min:0 max:99999999 tp50:0 tp80:0 tp90:0 tp99:0 tp999:0 0_1:20 2_5:0 6_10:0 11_50:0 51_100:0 101_500:0 501_999:0 1000_:0
2026-06-10 16:41:36 INFO compactionSchedule_2 - start to scan all topicConfig
2026-06-10 16:41:36 INFO compactionSchedule_2 - scan all topicConfig over
2026-06-10 16:41:36 INFO StoreStatsService - [STORETPS] put_tps 0.0 get_found_tps 0.0 get_miss_tps 40.2372582015695 get_transferred_tps 0.0
2026-06-10 16:41:36 INFO StoreStatsService - findPutMessageEntireTimePX 0.99=0.00ms cost 0ms
2026-06-10 16:41:36 INFO StoreStatsService - findPutMessageEntireTimePX 0.999=0.00ms cost 0ms
2026-06-10 16:41:36 INFO StoreStatsService - [PAGECACHERT] TotalPut 0, PutMessageDistributeTime [<=0ms]:0 [0~10ms]:0 [10~50ms]:0 [50~100ms]:0 [100~200ms]:0 [200~500ms]:0 [500ms~1s]:0 [1~2s]:0 [2~3s]:0 [3~4s]:0 [4~5s]:0 [5~10s]:0 [10s~]:0 
2026-06-10 16:41:38 INFO TimerFlushService - [ASYNC_MASTER]Timer progress-check commitRead:[06-10 08:41:38] currRead:[06-10 08:41:38] currWrite:[06-10 08:41:38] readBehind:0 currReadOffset:0 offsetBehind:0 behindMaster:0 enqPutQueue:0 deqGetQueue:0 deqPutQueue:0 allCongestNum:0 enqExpiredStoreTime:01-01 00:00:00
2026-06-10 16:41:38 INFO FlushRealTimeService - PERF_COUNTER_FLUSH_DATA_TIME_MS[2026-06-10 08:41:38.481] num:20 cost:10004 tps:2.0092 min:0 max:99999999 tp50:0 tp80:0 tp90:0 tp99:0 tp999:0 0_1:20 2_5:0 6_10:0 11_50:0 51_100:0 101_500:0 501_999:0 1000_:0
2026-06-10 16:41:48 INFO FlushRealTimeService - PERF_COUNTER_FLUSH_DATA_TIME_MS[2026-06-10 08:41:48.484] num:20 cost:10003 tps:2.0094 min:0 max:99999999 tp50:0 tp80:0 tp90:0 tp99:0 tp999:0 0_1:20 2_5:0 6_10:0 11_50:0 51_100:0 101_500:0 501_999:0 1000_:0
2026-06-10 16:41:49 INFO TimerFlushService - [ASYNC_MASTER]Timer progress-check commitRead:[06-10 08:41:49] currRead:[06-10 08:41:49] currWrite:[06-10 08:41:49] readBehind:0 currReadOffset:0 offsetBehind:0 behindMaster:0 enqPutQueue:0 deqGetQueue:0 deqPutQueue:0 allCongestNum:0 enqExpiredStoreTime:01-01 00:00:00
2026-06-10 16:41:58 INFO FlushRealTimeService - PERF_COUNTER_FLUSH_DATA_TIME_MS[2026-06-10 08:41:58.487] num:20 cost:10003 tps:2.0094 min:0 max:99999999 tp50:0 tp80:0 tp90:0 tp99:0 tp999:0 0_1:20 2_5:0 6_10:0 11_50:0 51_100:0 101_500:0 501_999:0 1000_:0
2026-06-10 16:42:00 INFO TimerFlushService - [ASYNC_MASTER]Timer progress-check commitRead:[06-10 08:42:00] currRead:[06-10 08:42:00] currWrite:[06-10 08:42:00] readBehind:0 currReadOffset:0 offsetBehind:0 behindMaster:0 enqPutQueue:0 deqGetQueue:0 deqPutQueue:0 allCongestNum:0 enqExpiredStoreTime:01-01 00:00:00
2026-06-10 16:42:06 INFO compactionSchedule_2 - start to scan all topicConfig
2026-06-10 16:42:06 INFO compactionSchedule_2 - scan all topicConfig over
2026-06-10 16:42:08 INFO FlushRealTimeService - PERF_COUNTER_FLUSH_DATA_TIME_MS[2026-06-10 08:42:08.495] num:20 cost:10008 tps:2.0084 min:0 max:1 tp50:0 tp80:0 tp90:0 tp99:1 tp999:1 0_1:20 2_5:0 6_10:0 11_50:0 51_100:0 101_500:0 501_999:0 1000_:0
2026-06-10 16:42:11 INFO TimerFlushService - [ASYNC_MASTER]Timer progress-check commitRead:[06-10 08:42:11] currRead:[06-10 08:42:11] currWrite:[06-10 08:42:11] readBehind:0 currReadOffset:0 offsetBehind:0 behindMaster:0 enqPutQueue:0 deqGetQueue:0 deqPutQueue:0 allCongestNum:0 enqExpiredStoreTime:01-01 00:00:00
2026-06-10 16:42:18 INFO FlushRealTimeService - PERF_COUNTER_FLUSH_DATA_TIME_MS[2026-06-10 08:42:18.498] num:20 cost:10003 tps:2.0094 min:0 max:99999999 tp50:0 tp80:0 tp90:0 tp99:0 tp999:0 0_1:20 2_5:0 6_10:0 11_50:0 51_100:0 101_500:0 501_999:0 1000_:0
2026-06-10 16:42:22 INFO TimerFlushService - [ASYNC_MASTER]Timer progress-check commitRead:[06-10 08:42:21] currRead:[06-10 08:42:21] currWrite:[06-10 08:42:22] readBehind:1 currReadOffset:0 offsetBehind:0 behindMaster:0 enqPutQueue:0 deqGetQueue:0 deqPutQueue:0 allCongestNum:0 enqExpiredStoreTime:01-01 00:00:00
2026-06-10 16:42:28 INFO FlushRealTimeService - PERF_COUNTER_FLUSH_DATA_TIME_MS[2026-06-10 08:42:28.502] num:20 cost:10004 tps:2.0092 min:0 max:99999999 tp50:0 tp80:0 tp90:0 tp99:0 tp999:0 0_1:20 2_5:0 6_10:0 11_50:0 51_100:0 101_500:0 501_999:0 1000_:0
2026-06-10 16:42:33 INFO TimerFlushService - [ASYNC_MASTER]Timer progress-check commitRead:[06-10 08:42:32] currRead:[06-10 08:42:32] currWrite:[06-10 08:42:33] readBehind:1 currReadOffset:0 offsetBehind:0 behindMaster:0 enqPutQueue:0 deqGetQueue:0 deqPutQueue:0 allCongestNum:0 enqExpiredStoreTime:01-01 00:00:00
2026-06-10 16:42:36 INFO compactionSchedule_2 - start to scan all topicConfig
2026-06-10 16:42:36 INFO compactionSchedule_2 - scan all topicConfig over
2026-06-10 16:42:36 INFO StoreStatsService - [STORETPS] put_tps 0.0 get_found_tps 0.0 get_miss_tps 42.006865064818214 get_transferred_tps 0.0
2026-06-10 16:42:36 INFO StoreStatsService - findPutMessageEntireTimePX 0.99=0.00ms cost 0ms
2026-06-10 16:42:36 INFO StoreStatsService - findPutMessageEntireTimePX 0.999=0.00ms cost 1ms
2026-06-10 16:42:36 INFO StoreStatsService - [PAGECACHERT] TotalPut 0, PutMessageDistributeTime [<=0ms]:0 [0~10ms]:0 [10~50ms]:0 [50~100ms]:0 [100~200ms]:0 [200~500ms]:0 [500ms~1s]:0 [1~2s]:0 [2~3s]:0 [3~4s]:0 [4~5s]:0 [5~10s]:0 [10s~]:0 
2026-06-10 16:42:38 INFO FlushRealTimeService - PERF_COUNTER_FLUSH_DATA_TIME_MS[2026-06-10 08:42:38.508] num:20 cost:10006 tps:2.0088 min:0 max:99999999 tp50:0 tp80:0 tp90:0 tp99:0 tp999:0 0_1:20 2_5:0 6_10:0 11_50:0 51_100:0 101_500:0 501_999:0 1000_:0
2026-06-10 16:42:43 INFO TimerFlushService - [ASYNC_MASTER]Timer progress-check commitRead:[06-10 08:42:43] currRead:[06-10 08:42:43] currWrite:[06-10 08:42:43] readBehind:0 currReadOffset:0 offsetBehind:0 behindMaster:0 enqPutQueue:0 deqGetQueue:0 deqPutQueue:0 allCongestNum:0 enqExpiredStoreTime:01-01 00:00:00
2026-06-10 16:42:48 INFO FlushRealTimeService - PERF_COUNTER_FLUSH_DATA_TIME_MS[2026-06-10 08:42:48.511] num:20 cost:10003 tps:2.0094 min:0 max:99999999 tp50:0 tp80:0 tp90:0 tp99:0 tp999:0 0_1:20 2_5:0 6_10:0 11_50:0 51_100:0 101_500:0 501_999:0 1000_:0
2026-06-10 16:42:54 INFO TimerFlushService - [ASYNC_MASTER]Timer progress-check commitRead:[06-10 08:42:54] currRead:[06-10 08:42:54] currWrite:[06-10 08:42:54] readBehind:0 currReadOffset:0 offsetBehind:0 behindMaster:0 enqPutQueue:0 deqGetQueue:0 deqPutQueue:0 allCongestNum:0 enqExpiredStoreTime:01-01 00:00:00
2026-06-10 16:42:58 INFO FlushRealTimeService - PERF_COUNTER_FLUSH_DATA_TIME_MS[2026-06-10 08:42:58.515] num:20 cost:10004 tps:2.0092 min:0 max:99999999 tp50:0 tp80:0 tp90:0 tp99:0 tp999:0 0_1:20 2_5:0 6_10:0 11_50:0 51_100:0 101_500:0 501_999:0 1000_:0
2026-06-10 16:43:05 INFO TimerFlushService - [ASYNC_MASTER]Timer progress-check commitRead:[06-10 08:43:05] currRead:[06-10 08:43:05] currWrite:[06-10 08:43:05] readBehind:0 currReadOffset:0 offsetBehind:0 behindMaster:0 enqPutQueue:0 deqGetQueue:0 deqPutQueue:0 allCongestNum:0 enqExpiredStoreTime:01-01 00:00:00
2026-06-10 16:43:06 INFO compactionSchedule_2 - start to scan all topicConfig
2026-06-10 16:43:06 INFO compactionSchedule_2 - scan all topicConfig over
2026-06-10 16:43:08 INFO FlushRealTimeService - PERF_COUNTER_FLUSH_DATA_TIME_MS[2026-06-10 08:43:08.521] num:20 cost:10005 tps:2.0090 min:0 max:1 tp50:0 tp80:0 tp90:0 tp99:1 tp999:1 0_1:20 2_5:0 6_10:0 11_50:0 51_100:0 101_500:0 501_999:0 1000_:0
2026-06-10 16:43:15 INFO TimerFlushService - [ASYNC_MASTER]Timer progress-check commitRead:[06-10 08:43:15] currRead:[06-10 08:43:15] currWrite:[06-10 08:43:15] readBehind:0 currReadOffset:0 offsetBehind:0 behindMaster:0 enqPutQueue:0 deqGetQueue:0 deqPutQueue:0 allCongestNum:0 enqExpiredStoreTime:01-01 00:00:00
2026-06-10 16:43:18 INFO FlushRealTimeService - PERF_COUNTER_FLUSH_DATA_TIME_MS[2026-06-10 08:43:18.537] num:20 cost:10016 tps:2.0068 min:0 max:99999999 tp50:0 tp80:0 tp90:0 tp99:0 tp999:0 0_1:20 2_5:0 6_10:0 11_50:0 51_100:0 101_500:0 501_999:0 1000_:0
2026-06-10 16:43:26 INFO TimerFlushService - [ASYNC_MASTER]Timer progress-check commitRead:[06-10 08:43:26] currRead:[06-10 08:43:26] currWrite:[06-10 08:43:26] readBehind:0 currReadOffset:0 offsetBehind:0 behindMaster:0 enqPutQueue:0 deqGetQueue:0 deqPutQueue:0 allCongestNum:0 enqExpiredStoreTime:01-01 00:00:00
2026-06-10 16:43:28 INFO FlushRealTimeService - PERF_COUNTER_FLUSH_DATA_TIME_MS[2026-06-10 08:43:28.541] num:20 cost:10004 tps:2.0092 min:0 max:99999999 tp50:0 tp80:0 tp90:0 tp99:0 tp999:0 0_1:20 2_5:0 6_10:0 11_50:0 51_100:0 101_500:0 501_999:0 1000_:0
2026-06-10 16:43:36 INFO compactionSchedule_2 - start to scan all topicConfig
2026-06-10 16:43:36 INFO compactionSchedule_2 - scan all topicConfig over
2026-06-10 16:43:36 INFO StoreStatsService - [STORETPS] put_tps 0.0 get_found_tps 0.0 get_miss_tps 38.39232153569286 get_transferred_tps 0.0
2026-06-10 16:43:36 INFO StoreStatsService - findPutMessageEntireTimePX 0.99=0.00ms cost 0ms
2026-06-10 16:43:36 INFO StoreStatsService - findPutMessageEntireTimePX 0.999=0.00ms cost 0ms
2026-06-10 16:43:36 INFO StoreStatsService - [PAGECACHERT] TotalPut 0, PutMessageDistributeTime [<=0ms]:0 [0~10ms]:0 [10~50ms]:0 [50~100ms]:0 [100~200ms]:0 [200~500ms]:0 [500ms~1s]:0 [1~2s]:0 [2~3s]:0 [3~4s]:0 [4~5s]:0 [5~10s]:0 [10s~]:0 
2026-06-10 16:43:37 INFO TimerFlushService - [ASYNC_MASTER]Timer progress-check commitRead:[06-10 08:43:37] currRead:[06-10 08:43:37] currWrite:[06-10 08:43:37] readBehind:0 currReadOffset:0 offsetBehind:0 behindMaster:0 enqPutQueue:0 deqGetQueue:0 deqPutQueue:0 allCongestNum:0 enqExpiredStoreTime:01-01 00:00:00
2026-06-10 16:43:38 INFO FlushRealTimeService - PERF_COUNTER_FLUSH_DATA_TIME_MS[2026-06-10 08:43:38.544] num:20 cost:10003 tps:2.0094 min:0 max:99999999 tp50:0 tp80:0 tp90:0 tp99:0 tp999:0 0_1:20 2_5:0 6_10:0 11_50:0 51_100:0 101_500:0 501_999:0 1000_:0
2026-06-10 16:43:48 INFO TimerFlushService - [ASYNC_MASTER]Timer progress-check commitRead:[06-10 08:43:48] currRead:[06-10 08:43:48] currWrite:[06-10 08:43:48] readBehind:0 currReadOffset:0 offsetBehind:0 behindMaster:0 enqPutQueue:0 deqGetQueue:0 deqPutQueue:0 allCongestNum:0 enqExpiredStoreTime:01-01 00:00:00
2026-06-10 16:43:48 INFO FlushRealTimeService - PERF_COUNTER_FLUSH_DATA_TIME_MS[2026-06-10 08:43:48.561] num:20 cost:10017 tps:2.0066 min:0 max:99999999 tp50:0 tp80:0 tp90:0 tp99:0 tp999:0 0_1:20 2_5:0 6_10:0 11_50:0 51_100:0 101_500:0 501_999:0 1000_:0
2026-06-10 16:43:58 INFO FlushRealTimeService - PERF_COUNTER_FLUSH_DATA_TIME_MS[2026-06-10 08:43:58.566] num:20 cost:10005 tps:2.0090 min:0 max:99999999 tp50:0 tp80:0 tp90:0 tp99:0 tp999:0 0_1:20 2_5:0 6_10:0 11_50:0 51_100:0 101_500:0 501_999:0 1000_:0
2026-06-10 16:43:59 INFO TimerFlushService - [ASYNC_MASTER]Timer progress-check commitRead:[06-10 08:43:59] currRead:[06-10 08:43:59] currWrite:[06-10 08:43:59] readBehind:0 currReadOffset:0 offsetBehind:0 behindMaster:0 enqPutQueue:0 deqGetQueue:0 deqPutQueue:0 allCongestNum:0 enqExpiredStoreTime:01-01 00:00:00
2026-06-10 16:44:06 INFO compactionSchedule_2 - start to scan all topicConfig
2026-06-10 16:44:06 INFO compactionSchedule_2 - scan all topicConfig over
2026-06-10 16:44:08 INFO FlushRealTimeService - PERF_COUNTER_FLUSH_DATA_TIME_MS[2026-06-10 08:44:08.571] num:20 cost:10005 tps:2.0090 min:0 max:99999999 tp50:0 tp80:0 tp90:0 tp99:0 tp999:0 0_1:20 2_5:0 6_10:0 11_50:0 51_100:0 101_500:0 501_999:0 1000_:0
2026-06-10 16:44:09 INFO TimerFlushService - [ASYNC_MASTER]Timer progress-check commitRead:[06-10 08:44:09] currRead:[06-10 08:44:09] currWrite:[06-10 08:44:09] readBehind:0 currReadOffset:0 offsetBehind:0 behindMaster:0 enqPutQueue:0 deqGetQueue:0 deqPutQueue:0 allCongestNum:0 enqExpiredStoreTime:01-01 00:00:00
2026-06-10 16:44:18 INFO FlushRealTimeService - PERF_COUNTER_FLUSH_DATA_TIME_MS[2026-06-10 08:44:18.575] num:20 cost:10004 tps:2.0092 min:0 max:1 tp50:0 tp80:0 tp90:0 tp99:1 tp999:1 0_1:20 2_5:0 6_10:0 11_50:0 51_100:0 101_500:0 501_999:0 1000_:0
2026-06-10 16:44:20 INFO TimerFlushService - [ASYNC_MASTER]Timer progress-check commitRead:[06-10 08:44:20] currRead:[06-10 08:44:20] currWrite:[06-10 08:44:20] readBehind:0 currReadOffset:0 offsetBehind:0 behindMaster:0 enqPutQueue:0 deqGetQueue:0 deqPutQueue:0 allCongestNum:0 enqExpiredStoreTime:01-01 00:00:00
2026-06-10 16:44:28 INFO FlushRealTimeService - PERF_COUNTER_FLUSH_DATA_TIME_MS[2026-06-10 08:44:28.578] num:20 cost:10003 tps:2.0094 min:0 max:99999999 tp50:0 tp80:0 tp90:0 tp99:0 tp999:0 0_1:20 2_5:0 6_10:0 11_50:0 51_100:0 101_500:0 501_999:0 1000_:0
2026-06-10 16:44:31 INFO TimerFlushService - [ASYNC_MASTER]Timer progress-check commitRead:[06-10 08:44:31] currRead:[06-10 08:44:31] currWrite:[06-10 08:44:31] readBehind:0 currReadOffset:0 offsetBehind:0 behindMaster:0 enqPutQueue:0 deqGetQueue:0 deqPutQueue:0 allCongestNum:0 enqExpiredStoreTime:01-01 00:00:00
2026-06-10 16:44:36 INFO compactionSchedule_2 - start to scan all topicConfig
2026-06-10 16:44:36 INFO compactionSchedule_2 - scan all topicConfig over
2026-06-10 16:44:36 INFO StoreStatsService - [STORETPS] put_tps 0.0 get_found_tps 0.0 get_miss_tps 42.4262622896184 get_transferred_tps 0.0
2026-06-10 16:44:36 INFO StoreStatsService - findPutMessageEntireTimePX 0.99=0.00ms cost 0ms
2026-06-10 16:44:36 INFO StoreStatsService - findPutMessageEntireTimePX 0.999=0.00ms cost 0ms
2026-06-10 16:44:36 INFO StoreStatsService - [PAGECACHERT] TotalPut 0, PutMessageDistributeTime [<=0ms]:0 [0~10ms]:0 [10~50ms]:0 [50~100ms]:0 [100~200ms]:0 [200~500ms]:0 [500ms~1s]:0 [1~2s]:0 [2~3s]:0 [3~4s]:0 [4~5s]:0 [5~10s]:0 [10s~]:0 
2026-06-10 16:44:38 INFO FlushRealTimeService - PERF_COUNTER_FLUSH_DATA_TIME_MS[2026-06-10 08:44:38.582] num:20 cost:10004 tps:2.0092 min:0 max:99999999 tp50:0 tp80:0 tp90:0 tp99:0 tp999:0 0_1:20 2_5:0 6_10:0 11_50:0 51_100:0 101_500:0 501_999:0 1000_:0
2026-06-10 16:44:42 INFO TimerFlushService - [ASYNC_MASTER]Timer progress-check commitRead:[06-10 08:44:42] currRead:[06-10 08:44:42] currWrite:[06-10 08:44:42] readBehind:0 currReadOffset:0 offsetBehind:0 behindMaster:0 enqPutQueue:0 deqGetQueue:0 deqPutQueue:0 allCongestNum:0 enqExpiredStoreTime:01-01 00:00:00
2026-06-10 16:44:48 INFO FlushRealTimeService - PERF_COUNTER_FLUSH_DATA_TIME_MS[2026-06-10 08:44:48.585] num:20 cost:10003 tps:2.0094 min:0 max:99999999 tp50:0 tp80:0 tp90:0 tp99:0 tp999:0 0_1:20 2_5:0 6_10:0 11_50:0 51_100:0 101_500:0 501_999:0 1000_:0
2026-06-10 16:44:52 INFO TimerFlushService - [ASYNC_MASTER]Timer progress-check commitRead:[06-10 08:44:52] currRead:[06-10 08:44:52] currWrite:[06-10 08:44:52] readBehind:0 currReadOffset:0 offsetBehind:0 behindMaster:0 enqPutQueue:0 deqGetQueue:0 deqPutQueue:0 allCongestNum:0 enqExpiredStoreTime:01-01 00:00:00
2026-06-10 16:44:58 INFO FlushRealTimeService - PERF_COUNTER_FLUSH_DATA_TIME_MS[2026-06-10 08:44:58.588] num:20 cost:10003 tps:2.0094 min:0 max:99999999 tp50:0 tp80:0 tp90:0 tp99:0 tp999:0 0_1:20 2_5:0 6_10:0 11_50:0 51_100:0 101_500:0 501_999:0 1000_:0
2026-06-10 16:45:04 INFO TimerFlushService - [ASYNC_MASTER]Timer progress-check commitRead:[06-10 08:45:03] currRead:[06-10 08:45:03] currWrite:[06-10 08:45:04] readBehind:1 currReadOffset:0 offsetBehind:0 behindMaster:0 enqPutQueue:0 deqGetQueue:0 deqPutQueue:0 allCongestNum:0 enqExpiredStoreTime:01-01 00:00:00
2026-06-10 16:45:06 INFO compactionSchedule_2 - start to scan all topicConfig
2026-06-10 16:45:06 INFO compactionSchedule_2 - scan all topicConfig over
2026-06-10 16:45:08 INFO FlushRealTimeService - PERF_COUNTER_FLUSH_DATA_TIME_MS[2026-06-10 08:45:08.596] num:20 cost:10007 tps:2.0086 min:0 max:99999999 tp50:0 tp80:0 tp90:0 tp99:0 tp999:0 0_1:20 2_5:0 6_10:0 11_50:0 51_100:0 101_500:0 501_999:0 1000_:0
2026-06-10 16:45:14 INFO TimerFlushService - [ASYNC_MASTER]Timer progress-check commitRead:[06-10 08:45:14] currRead:[06-10 08:45:14] currWrite:[06-10 08:45:14] readBehind:0 currReadOffset:0 offsetBehind:0 behindMaster:0 enqPutQueue:0 deqGetQueue:0 deqPutQueue:0 allCongestNum:0 enqExpiredStoreTime:01-01 00:00:00
2026-06-10 16:45:18 INFO FlushRealTimeService - PERF_COUNTER_FLUSH_DATA_TIME_MS[2026-06-10 08:45:18.599] num:20 cost:10003 tps:2.0094 min:0 max:99999999 tp50:0 tp80:0 tp90:0 tp99:0 tp999:0 0_1:20 2_5:0 6_10:0 11_50:0 51_100:0 101_500:0 501_999:0 1000_:0
2026-06-10 16:45:25 INFO TimerFlushService - [ASYNC_MASTER]Timer progress-check commitRead:[06-10 08:45:25] currRead:[06-10 08:45:25] currWrite:[06-10 08:45:25] readBehind:0 currReadOffset:0 offsetBehind:0 behindMaster:0 enqPutQueue:0 deqGetQueue:0 deqPutQueue:0 allCongestNum:0 enqExpiredStoreTime:01-01 00:00:00
2026-06-10 16:45:28 INFO FlushRealTimeService - PERF_COUNTER_FLUSH_DATA_TIME_MS[2026-06-10 08:45:28.603] num:20 cost:10004 tps:2.0092 min:0 max:99999999 tp50:0 tp80:0 tp90:0 tp99:0 tp999:0 0_1:20 2_5:0 6_10:0 11_50:0 51_100:0 101_500:0 501_999:0 1000_:0
2026-06-10 16:45:36 INFO TimerFlushService - [ASYNC_MASTER]Timer progress-check commitRead:[06-10 08:45:36] currRead:[06-10 08:45:36] currWrite:[06-10 08:45:36] readBehind:0 currReadOffset:0 offsetBehind:0 behindMaster:0 enqPutQueue:0 deqGetQueue:0 deqPutQueue:0 allCongestNum:0 enqExpiredStoreTime:01-01 00:00:00
2026-06-10 16:45:36 INFO compactionSchedule_2 - start to scan all topicConfig
2026-06-10 16:45:36 INFO compactionSchedule_2 - scan all topicConfig over
2026-06-10 16:45:36 INFO StoreStatsService - [STORETPS] put_tps 0.0 get_found_tps 0.0 get_miss_tps 39.82205041904793 get_transferred_tps 0.0
2026-06-10 16:45:36 INFO StoreStatsService - findPutMessageEntireTimePX 0.99=0.00ms cost 0ms
2026-06-10 16:45:36 INFO StoreStatsService - findPutMessageEntireTimePX 0.999=0.00ms cost 0ms
2026-06-10 16:45:36 INFO StoreStatsService - [PAGECACHERT] TotalPut 0, PutMessageDistributeTime [<=0ms]:0 [0~10ms]:0 [10~50ms]:0 [50~100ms]:0 [100~200ms]:0 [200~500ms]:0 [500ms~1s]:0 [1~2s]:0 [2~3s]:0 [3~4s]:0 [4~5s]:0 [5~10s]:0 [10s~]:0 
2026-06-10 16:45:38 INFO FlushRealTimeService - PERF_COUNTER_FLUSH_DATA_TIME_MS[2026-06-10 08:45:38.606] num:20 cost:10003 tps:2.0094 min:0 max:99999999 tp50:0 tp80:0 tp90:0 tp99:0 tp999:0 0_1:20 2_5:0 6_10:0 11_50:0 51_100:0 101_500:0 501_999:0 1000_:0
2026-06-10 16:45:47 INFO TimerFlushService - [ASYNC_MASTER]Timer progress-check commitRead:[06-10 08:45:47] currRead:[06-10 08:45:47] currWrite:[06-10 08:45:47] readBehind:0 currReadOffset:0 offsetBehind:0 behindMaster:0 enqPutQueue:0 deqGetQueue:0 deqPutQueue:0 allCongestNum:0 enqExpiredStoreTime:01-01 00:00:00
2026-06-10 16:45:48 INFO FlushRealTimeService - PERF_COUNTER_FLUSH_DATA_TIME_MS[2026-06-10 08:45:48.614] num:20 cost:10008 tps:2.0084 min:0 max:1 tp50:0 tp80:0 tp90:0 tp99:1 tp999:1 0_1:20 2_5:0 6_10:0 11_50:0 51_100:0 101_500:0 501_999:0 1000_:0
2026-06-10 16:45:57 INFO TimerFlushService - [ASYNC_MASTER]Timer progress-check commitRead:[06-10 08:45:57] currRead:[06-10 08:45:57] currWrite:[06-10 08:45:57] readBehind:0 currReadOffset:0 offsetBehind:0 behindMaster:0 enqPutQueue:0 deqGetQueue:0 deqPutQueue:0 allCongestNum:0 enqExpiredStoreTime:01-01 00:00:00
2026-06-10 16:45:58 INFO FlushRealTimeService - PERF_COUNTER_FLUSH_DATA_TIME_MS[2026-06-10 08:45:58.624] num:20 cost:10009 tps:2.0082 min:0 max:99999999 tp50:0 tp80:0 tp90:0 tp99:0 tp999:0 0_1:20 2_5:0 6_10:0 11_50:0 51_100:0 101_500:0 501_999:0 1000_:0
2026-06-10 16:46:06 INFO compactionSchedule_2 - start to scan all topicConfig
2026-06-10 16:46:06 INFO compactionSchedule_2 - scan all topicConfig over
2026-06-10 16:46:08 INFO TimerFlushService - [ASYNC_MASTER]Timer progress-check commitRead:[06-10 08:46:08] currRead:[06-10 08:46:08] currWrite:[06-10 08:46:08] readBehind:0 currReadOffset:0 offsetBehind:0 behindMaster:0 enqPutQueue:0 deqGetQueue:0 deqPutQueue:0 allCongestNum:0 enqExpiredStoreTime:01-01 00:00:00
2026-06-10 16:46:08 INFO FlushRealTimeService - PERF_COUNTER_FLUSH_DATA_TIME_MS[2026-06-10 08:46:08.629] num:20 cost:10004 tps:2.0092 min:0 max:99999999 tp50:0 tp80:0 tp90:0 tp99:0 tp999:0 0_1:20 2_5:0 6_10:0 11_50:0 51_100:0 101_500:0 501_999:0 1000_:0
2026-06-10 16:46:18 INFO FlushRealTimeService - PERF_COUNTER_FLUSH_DATA_TIME_MS[2026-06-10 08:46:18.634] num:20 cost:10005 tps:2.0090 min:0 max:99999999 tp50:0 tp80:0 tp90:0 tp99:0 tp999:0 0_1:20 2_5:0 6_10:0 11_50:0 51_100:0 101_500:0 501_999:0 1000_:0
2026-06-10 16:46:19 INFO TimerFlushService - [ASYNC_MASTER]Timer progress-check commitRead:[06-10 08:46:19] currRead:[06-10 08:46:19] currWrite:[06-10 08:46:19] readBehind:0 currReadOffset:0 offsetBehind:0 behindMaster:0 enqPutQueue:0 deqGetQueue:0 deqPutQueue:0 allCongestNum:0 enqExpiredStoreTime:01-01 00:00:00
2026-06-10 16:46:28 INFO FlushRealTimeService - PERF_COUNTER_FLUSH_DATA_TIME_MS[2026-06-10 08:46:28.637] num:20 cost:10003 tps:2.0094 min:0 max:99999999 tp50:0 tp80:0 tp90:0 tp99:0 tp999:0 0_1:20 2_5:0 6_10:0 11_50:0 51_100:0 101_500:0 501_999:0 1000_:0
2026-06-10 16:46:29 INFO TimerFlushService - [ASYNC_MASTER]Timer progress-check commitRead:[06-10 08:46:29] currRead:[06-10 08:46:29] currWrite:[06-10 08:46:29] readBehind:0 currReadOffset:0 offsetBehind:0 behindMaster:0 enqPutQueue:0 deqGetQueue:0 deqPutQueue:0 allCongestNum:0 enqExpiredStoreTime:01-01 00:00:00
2026-06-10 16:46:36 INFO compactionSchedule_2 - start to scan all topicConfig
2026-06-10 16:46:36 INFO compactionSchedule_2 - scan all topicConfig over
2026-06-10 16:46:36 INFO StoreStatsService - [STORETPS] put_tps 0.0 get_found_tps 0.0 get_miss_tps 40.25593175153293 get_transferred_tps 0.0
2026-06-10 16:46:36 INFO StoreStatsService - findPutMessageEntireTimePX 0.99=0.00ms cost 0ms
2026-06-10 16:46:36 INFO StoreStatsService - findPutMessageEntireTimePX 0.999=0.00ms cost 0ms
2026-06-10 16:46:36 INFO StoreStatsService - [PAGECACHERT] TotalPut 0, PutMessageDistributeTime [<=0ms]:0 [0~10ms]:0 [10~50ms]:0 [50~100ms]:0 [100~200ms]:0 [200~500ms]:0 [500ms~1s]:0 [1~2s]:0 [2~3s]:0 [3~4s]:0 [4~5s]:0 [5~10s]:0 [10s~]:0 
2026-06-10 16:46:38 INFO FlushRealTimeService - PERF_COUNTER_FLUSH_DATA_TIME_MS[2026-06-10 08:46:38.64] num:20 cost:10003 tps:2.0094 min:0 max:99999999 tp50:0 tp80:0 tp90:0 tp99:0 tp999:0 0_1:20 2_5:0 6_10:0 11_50:0 51_100:0 101_500:0 501_999:0 1000_:0
2026-06-10 16:46:40 INFO TimerFlushService - [ASYNC_MASTER]Timer progress-check commitRead:[06-10 08:46:39] currRead:[06-10 08:46:39] currWrite:[06-10 08:46:40] readBehind:1 currReadOffset:0 offsetBehind:0 behindMaster:0 enqPutQueue:0 deqGetQueue:0 deqPutQueue:0 allCongestNum:0 enqExpiredStoreTime:01-01 00:00:00
2026-06-10 16:46:48 INFO FlushRealTimeService - PERF_COUNTER_FLUSH_DATA_TIME_MS[2026-06-10 08:46:48.643] num:20 cost:10003 tps:2.0094 min:0 max:99999999 tp50:0 tp80:0 tp90:0 tp99:0 tp999:0 0_1:20 2_5:0 6_10:0 11_50:0 51_100:0 101_500:0 501_999:0 1000_:0
2026-06-10 16:46:50 INFO TimerFlushService - [ASYNC_MASTER]Timer progress-check commitRead:[06-10 08:46:50] currRead:[06-10 08:46:50] currWrite:[06-10 08:46:50] readBehind:0 currReadOffset:0 offsetBehind:0 behindMaster:0 enqPutQueue:0 deqGetQueue:0 deqPutQueue:0 allCongestNum:0 enqExpiredStoreTime:01-01 00:00:00
2026-06-10 16:46:58 INFO FlushRealTimeService - PERF_COUNTER_FLUSH_DATA_TIME_MS[2026-06-10 08:46:58.646] num:20 cost:10003 tps:2.0094 min:0 max:99999999 tp50:0 tp80:0 tp90:0 tp99:0 tp999:0 0_1:20 2_5:0 6_10:0 11_50:0 51_100:0 101_500:0 501_999:0 1000_:0
2026-06-10 16:47:00 INFO TimerFlushService - [ASYNC_MASTER]Timer progress-check commitRead:[06-10 08:47:00] currRead:[06-10 08:47:00] currWrite:[06-10 08:47:00] readBehind:0 currReadOffset:0 offsetBehind:0 behindMaster:0 enqPutQueue:0 deqGetQueue:0 deqPutQueue:0 allCongestNum:0 enqExpiredStoreTime:01-01 00:00:00
2026-06-10 16:47:06 INFO compactionSchedule_2 - start to scan all topicConfig
2026-06-10 16:47:06 INFO compactionSchedule_2 - scan all topicConfig over
2026-06-10 16:47:08 INFO FlushRealTimeService - PERF_COUNTER_FLUSH_DATA_TIME_MS[2026-06-10 08:47:08.65] num:20 cost:10004 tps:2.0092 min:0 max:99999999 tp50:0 tp80:0 tp90:0 tp99:0 tp999:0 0_1:20 2_5:0 6_10:0 11_50:0 51_100:0 101_500:0 501_999:0 1000_:0
2026-06-10 16:47:11 INFO TimerFlushService - [ASYNC_MASTER]Timer progress-check commitRead:[06-10 08:47:11] currRead:[06-10 08:47:11] currWrite:[06-10 08:47:11] readBehind:0 currReadOffset:0 offsetBehind:0 behindMaster:0 enqPutQueue:0 deqGetQueue:0 deqPutQueue:0 allCongestNum:0 enqExpiredStoreTime:01-01 00:00:00
2026-06-10 16:47:18 INFO FlushRealTimeService - PERF_COUNTER_FLUSH_DATA_TIME_MS[2026-06-10 08:47:18.653] num:20 cost:10003 tps:2.0094 min:0 max:1 tp50:0 tp80:0 tp90:0 tp99:1 tp999:1 0_1:20 2_5:0 6_10:0 11_50:0 51_100:0 101_500:0 501_999:0 1000_:0
2026-06-10 16:47:22 INFO TimerFlushService - [ASYNC_MASTER]Timer progress-check commitRead:[06-10 08:47:22] currRead:[06-10 08:47:22] currWrite:[06-10 08:47:22] readBehind:0 currReadOffset:0 offsetBehind:0 behindMaster:0 enqPutQueue:0 deqGetQueue:0 deqPutQueue:0 allCongestNum:0 enqExpiredStoreTime:01-01 00:00:00
2026-06-10 16:47:28 INFO FlushRealTimeService - PERF_COUNTER_FLUSH_DATA_TIME_MS[2026-06-10 08:47:28.656] num:20 cost:10003 tps:2.0094 min:0 max:99999999 tp50:0 tp80:0 tp90:0 tp99:0 tp999:0 0_1:20 2_5:0 6_10:0 11_50:0 51_100:0 101_500:0 501_999:0 1000_:0
2026-06-10 16:47:33 INFO TimerFlushService - [ASYNC_MASTER]Timer progress-check commitRead:[06-10 08:47:32] currRead:[06-10 08:47:32] currWrite:[06-10 08:47:33] readBehind:1 currReadOffset:0 offsetBehind:0 behindMaster:0 enqPutQueue:0 deqGetQueue:0 deqPutQueue:0 allCongestNum:0 enqExpiredStoreTime:01-01 00:00:00
2026-06-10 16:47:36 INFO compactionSchedule_2 - start to scan all topicConfig
2026-06-10 16:47:36 INFO compactionSchedule_2 - scan all topicConfig over
2026-06-10 16:47:36 INFO StoreStatsService - [STORETPS] put_tps 0.0 get_found_tps 0.0 get_miss_tps 41.99370094485827 get_transferred_tps 0.0
2026-06-10 16:47:36 INFO StoreStatsService - findPutMessageEntireTimePX 0.99=0.00ms cost 0ms
2026-06-10 16:47:36 INFO StoreStatsService - findPutMessageEntireTimePX 0.999=0.00ms cost 0ms
2026-06-10 16:47:36 INFO StoreStatsService - [PAGECACHERT] TotalPut 0, PutMessageDistributeTime [<=0ms]:0 [0~10ms]:0 [10~50ms]:0 [50~100ms]:0 [100~200ms]:0 [200~500ms]:0 [500ms~1s]:0 [1~2s]:0 [2~3s]:0 [3~4s]:0 [4~5s]:0 [5~10s]:0 [10s~]:0 
2026-06-10 16:47:38 INFO FlushRealTimeService - PERF_COUNTER_FLUSH_DATA_TIME_MS[2026-06-10 08:47:38.66] num:20 cost:10004 tps:2.0092 min:0 max:99999999 tp50:0 tp80:0 tp90:0 tp99:0 tp999:0 0_1:20 2_5:0 6_10:0 11_50:0 51_100:0 101_500:0 501_999:0 1000_:0
2026-06-10 16:47:43 INFO TimerFlushService - [ASYNC_MASTER]Timer progress-check commitRead:[06-10 08:47:43] currRead:[06-10 08:47:43] currWrite:[06-10 08:47:43] readBehind:0 currReadOffset:0 offsetBehind:0 behindMaster:0 enqPutQueue:0 deqGetQueue:0 deqPutQueue:0 allCongestNum:0 enqExpiredStoreTime:01-01 00:00:00
2026-06-10 16:47:48 INFO FlushRealTimeService - PERF_COUNTER_FLUSH_DATA_TIME_MS[2026-06-10 08:47:48.663] num:20 cost:10003 tps:2.0094 min:0 max:99999999 tp50:0 tp80:0 tp90:0 tp99:0 tp999:0 0_1:20 2_5:0 6_10:0 11_50:0 51_100:0 101_500:0 501_999:0 1000_:0
2026-06-10 16:47:54 INFO TimerFlushService - [ASYNC_MASTER]Timer progress-check commitRead:[06-10 08:47:54] currRead:[06-10 08:47:54] currWrite:[06-10 08:47:54] readBehind:0 currReadOffset:0 offsetBehind:0 behindMaster:0 enqPutQueue:0 deqGetQueue:0 deqPutQueue:0 allCongestNum:0 enqExpiredStoreTime:01-01 00:00:00
2026-06-10 16:47:58 INFO FlushRealTimeService - PERF_COUNTER_FLUSH_DATA_TIME_MS[2026-06-10 08:47:58.668] num:20 cost:10005 tps:2.0090 min:0 max:99999999 tp50:0 tp80:0 tp90:0 tp99:0 tp999:0 0_1:20 2_5:0 6_10:0 11_50:0 51_100:0 101_500:0 501_999:0 1000_:0
2026-06-10 16:48:05 INFO TimerFlushService - [ASYNC_MASTER]Timer progress-check commitRead:[06-10 08:48:05] currRead:[06-10 08:48:05] currWrite:[06-10 08:48:05] readBehind:0 currReadOffset:0 offsetBehind:0 behindMaster:0 enqPutQueue:0 deqGetQueue:0 deqPutQueue:0 allCongestNum:0 enqExpiredStoreTime:01-01 00:00:00
2026-06-10 16:48:06 INFO compactionSchedule_2 - start to scan all topicConfig
2026-06-10 16:48:06 INFO compactionSchedule_2 - scan all topicConfig over
2026-06-10 16:48:08 INFO FlushRealTimeService - PERF_COUNTER_FLUSH_DATA_TIME_MS[2026-06-10 08:48:08.671] num:20 cost:10003 tps:2.0094 min:0 max:99999999 tp50:0 tp80:0 tp90:0 tp99:0 tp999:0 0_1:20 2_5:0 6_10:0 11_50:0 51_100:0 101_500:0 501_999:0 1000_:0
2026-06-10 16:48:16 INFO TimerFlushService - [ASYNC_MASTER]Timer progress-check commitRead:[06-10 08:48:16] currRead:[06-10 08:48:16] currWrite:[06-10 08:48:16] readBehind:0 currReadOffset:0 offsetBehind:0 behindMaster:0 enqPutQueue:0 deqGetQueue:0 deqPutQueue:0 allCongestNum:0 enqExpiredStoreTime:01-01 00:00:00
2026-06-10 16:48:18 INFO FlushRealTimeService - PERF_COUNTER_FLUSH_DATA_TIME_MS[2026-06-10 08:48:18.673] num:20 cost:10002 tps:2.0096 min:0 max:99999999 tp50:0 tp80:0 tp90:0 tp99:0 tp999:0 0_1:20 2_5:0 6_10:0 11_50:0 51_100:0 101_500:0 501_999:0 1000_:0
2026-06-10 16:48:26 INFO TimerFlushService - [ASYNC_MASTER]Timer progress-check commitRead:[06-10 08:48:26] currRead:[06-10 08:48:26] currWrite:[06-10 08:48:26] readBehind:0 currReadOffset:0 offsetBehind:0 behindMaster:0 enqPutQueue:0 deqGetQueue:0 deqPutQueue:0 allCongestNum:0 enqExpiredStoreTime:01-01 00:00:00
2026-06-10 16:48:28 INFO FlushRealTimeService - PERF_COUNTER_FLUSH_DATA_TIME_MS[2026-06-10 08:48:28.677] num:20 cost:10003 tps:2.0094 min:0 max:99999999 tp50:0 tp80:0 tp90:0 tp99:0 tp999:0 0_1:20 2_5:0 6_10:0 11_50:0 51_100:0 101_500:0 501_999:0 1000_:0
2026-06-10 16:48:36 INFO compactionSchedule_2 - start to scan all topicConfig
2026-06-10 16:48:36 INFO compactionSchedule_2 - scan all topicConfig over
2026-06-10 16:48:36 INFO StoreStatsService - [STORETPS] put_tps 0.0 get_found_tps 0.0 get_miss_tps 38.38976272993868 get_transferred_tps 0.0
2026-06-10 16:48:36 INFO StoreStatsService - findPutMessageEntireTimePX 0.99=0.00ms cost 0ms
2026-06-10 16:48:36 INFO StoreStatsService - findPutMessageEntireTimePX 0.999=0.00ms cost 0ms
2026-06-10 16:48:36 INFO StoreStatsService - [PAGECACHERT] TotalPut 0, PutMessageDistributeTime [<=0ms]:0 [0~10ms]:0 [10~50ms]:0 [50~100ms]:0 [100~200ms]:0 [200~500ms]:0 [500ms~1s]:0 [1~2s]:0 [2~3s]:0 [3~4s]:0 [4~5s]:0 [5~10s]:0 [10s~]:0 
2026-06-10 16:48:37 INFO TimerFlushService - [ASYNC_MASTER]Timer progress-check commitRead:[06-10 08:48:37] currRead:[06-10 08:48:37] currWrite:[06-10 08:48:37] readBehind:0 currReadOffset:0 offsetBehind:0 behindMaster:0 enqPutQueue:0 deqGetQueue:0 deqPutQueue:0 allCongestNum:0 enqExpiredStoreTime:01-01 00:00:00
2026-06-10 16:48:38 INFO FlushRealTimeService - PERF_COUNTER_FLUSH_DATA_TIME_MS[2026-06-10 08:48:38.682] num:20 cost:10005 tps:2.0090 min:0 max:99999999 tp50:0 tp80:0 tp90:0 tp99:0 tp999:0 0_1:20 2_5:0 6_10:0 11_50:0 51_100:0 101_500:0 501_999:0 1000_:0
2026-06-10 16:48:47 INFO TimerFlushService - [ASYNC_MASTER]Timer progress-check commitRead:[06-10 08:48:47] currRead:[06-10 08:48:47] currWrite:[06-10 08:48:47] readBehind:0 currReadOffset:0 offsetBehind:0 behindMaster:0 enqPutQueue:0 deqGetQueue:0 deqPutQueue:0 allCongestNum:0 enqExpiredStoreTime:01-01 00:00:00
2026-06-10 16:48:48 INFO FlushRealTimeService - PERF_COUNTER_FLUSH_DATA_TIME_MS[2026-06-10 08:48:48.685] num:20 cost:10003 tps:2.0094 min:0 max:99999999 tp50:0 tp80:0 tp90:0 tp99:0 tp999:0 0_1:20 2_5:0 6_10:0 11_50:0 51_100:0 101_500:0 501_999:0 1000_:0
2026-06-10 16:48:58 INFO TimerFlushService - [ASYNC_MASTER]Timer progress-check commitRead:[06-10 08:48:58] currRead:[06-10 08:48:58] currWrite:[06-10 08:48:58] readBehind:0 currReadOffset:0 offsetBehind:0 behindMaster:0 enqPutQueue:0 deqGetQueue:0 deqPutQueue:0 allCongestNum:0 enqExpiredStoreTime:01-01 00:00:00
2026-06-10 16:48:58 INFO FlushRealTimeService - PERF_COUNTER_FLUSH_DATA_TIME_MS[2026-06-10 08:48:58.688] num:20 cost:10003 tps:2.0094 min:0 max:1 tp50:0 tp80:0 tp90:0 tp99:1 tp999:1 0_1:20 2_5:0 6_10:0 11_50:0 51_100:0 101_500:0 501_999:0 1000_:0
2026-06-10 16:49:06 INFO compactionSchedule_2 - start to scan all topicConfig
2026-06-10 16:49:06 INFO compactionSchedule_2 - scan all topicConfig over
2026-06-10 16:49:08 INFO FlushRealTimeService - PERF_COUNTER_FLUSH_DATA_TIME_MS[2026-06-10 08:49:08.691] num:20 cost:10003 tps:2.0094 min:0 max:99999999 tp50:0 tp80:0 tp90:0 tp99:0 tp999:0 0_1:20 2_5:0 6_10:0 11_50:0 51_100:0 101_500:0 501_999:0 1000_:0
2026-06-10 16:49:08 INFO TimerFlushService - [ASYNC_MASTER]Timer progress-check commitRead:[06-10 08:49:08] currRead:[06-10 08:49:08] currWrite:[06-10 08:49:08] readBehind:0 currReadOffset:0 offsetBehind:0 behindMaster:0 enqPutQueue:0 deqGetQueue:0 deqPutQueue:0 allCongestNum:0 enqExpiredStoreTime:01-01 00:00:00
2026-06-10 16:49:18 INFO FlushRealTimeService - PERF_COUNTER_FLUSH_DATA_TIME_MS[2026-06-10 08:49:18.696] num:20 cost:10005 tps:2.0090 min:0 max:99999999 tp50:0 tp80:0 tp90:0 tp99:0 tp999:0 0_1:20 2_5:0 6_10:0 11_50:0 51_100:0 101_500:0 501_999:0 1000_:0
2026-06-10 16:49:19 INFO TimerFlushService - [ASYNC_MASTER]Timer progress-check commitRead:[06-10 08:49:19] currRead:[06-10 08:49:19] currWrite:[06-10 08:49:19] readBehind:0 currReadOffset:0 offsetBehind:0 behindMaster:0 enqPutQueue:0 deqGetQueue:0 deqPutQueue:0 allCongestNum:0 enqExpiredStoreTime:01-01 00:00:00
2026-06-10 16:49:28 INFO FlushRealTimeService - PERF_COUNTER_FLUSH_DATA_TIME_MS[2026-06-10 08:49:28.7] num:20 cost:10004 tps:2.0092 min:0 max:1 tp50:0 tp80:0 tp90:0 tp99:1 tp999:1 0_1:20 2_5:0 6_10:0 11_50:0 51_100:0 101_500:0 501_999:0 1000_:0
2026-06-10 16:49:30 INFO TimerFlushService - [ASYNC_MASTER]Timer progress-check commitRead:[06-10 08:49:30] currRead:[06-10 08:49:30] currWrite:[06-10 08:49:30] readBehind:0 currReadOffset:0 offsetBehind:0 behindMaster:0 enqPutQueue:0 deqGetQueue:0 deqPutQueue:0 allCongestNum:0 enqExpiredStoreTime:01-01 00:00:00
2026-06-10 16:49:36 INFO compactionSchedule_2 - start to scan all topicConfig
2026-06-10 16:49:36 INFO compactionSchedule_2 - scan all topicConfig over
2026-06-10 16:49:36 INFO StoreStatsService - [STORETPS] put_tps 0.0 get_found_tps 0.0 get_miss_tps 42.45746754869778 get_transferred_tps 0.0
2026-06-10 16:49:36 INFO StoreStatsService - findPutMessageEntireTimePX 0.99=0.00ms cost 0ms
2026-06-10 16:49:36 INFO StoreStatsService - findPutMessageEntireTimePX 0.999=0.00ms cost 0ms
2026-06-10 16:49:36 INFO StoreStatsService - [PAGECACHERT] TotalPut 0, PutMessageDistributeTime [<=0ms]:0 [0~10ms]:0 [10~50ms]:0 [50~100ms]:0 [100~200ms]:0 [200~500ms]:0 [500ms~1s]:0 [1~2s]:0 [2~3s]:0 [3~4s]:0 [4~5s]:0 [5~10s]:0 [10s~]:0 
2026-06-10 16:49:38 INFO FlushRealTimeService - PERF_COUNTER_FLUSH_DATA_TIME_MS[2026-06-10 08:49:38.704] num:20 cost:10004 tps:2.0092 min:0 max:99999999 tp50:0 tp80:0 tp90:0 tp99:0 tp999:0 0_1:20 2_5:0 6_10:0 11_50:0 51_100:0 101_500:0 501_999:0 1000_:0
2026-06-10 16:49:41 INFO TimerFlushService - [ASYNC_MASTER]Timer progress-check commitRead:[06-10 08:49:41] currRead:[06-10 08:49:41] currWrite:[06-10 08:49:41] readBehind:0 currReadOffset:0 offsetBehind:0 behindMaster:0 enqPutQueue:0 deqGetQueue:0 deqPutQueue:0 allCongestNum:0 enqExpiredStoreTime:01-01 00:00:00
2026-06-10 16:49:48 INFO FlushRealTimeService - PERF_COUNTER_FLUSH_DATA_TIME_MS[2026-06-10 08:49:48.707] num:20 cost:10003 tps:2.0094 min:0 max:99999999 tp50:0 tp80:0 tp90:0 tp99:0 tp999:0 0_1:20 2_5:0 6_10:0 11_50:0 51_100:0 101_500:0 501_999:0 1000_:0
2026-06-10 16:49:51 INFO TimerFlushService - [ASYNC_MASTER]Timer progress-check commitRead:[06-10 08:49:51] currRead:[06-10 08:49:51] currWrite:[06-10 08:49:51] readBehind:0 currReadOffset:0 offsetBehind:0 behindMaster:0 enqPutQueue:0 deqGetQueue:0 deqPutQueue:0 allCongestNum:0 enqExpiredStoreTime:01-01 00:00:00
2026-06-10 16:49:58 INFO FlushRealTimeService - PERF_COUNTER_FLUSH_DATA_TIME_MS[2026-06-10 08:49:58.71] num:20 cost:10003 tps:2.0094 min:0 max:99999999 tp50:0 tp80:0 tp90:0 tp99:0 tp999:0 0_1:20 2_5:0 6_10:0 11_50:0 51_100:0 101_500:0 501_999:0 1000_:0
2026-06-10 16:50:02 INFO TimerFlushService - [ASYNC_MASTER]Timer progress-check commitRead:[06-10 08:50:02] currRead:[06-10 08:50:02] currWrite:[06-10 08:50:02] readBehind:0 currReadOffset:0 offsetBehind:0 behindMaster:0 enqPutQueue:0 deqGetQueue:0 deqPutQueue:0 allCongestNum:0 enqExpiredStoreTime:01-01 00:00:00
2026-06-10 16:50:06 INFO compactionSchedule_2 - start to scan all topicConfig
2026-06-10 16:50:06 INFO compactionSchedule_2 - scan all topicConfig over
2026-06-10 16:50:08 INFO FlushRealTimeService - PERF_COUNTER_FLUSH_DATA_TIME_MS[2026-06-10 08:50:08.715] num:20 cost:10005 tps:2.0090 min:0 max:99999999 tp50:0 tp80:0 tp90:0 tp99:0 tp999:0 0_1:20 2_5:0 6_10:0 11_50:0 51_100:0 101_500:0 501_999:0 1000_:0
2026-06-10 16:50:12 INFO TimerFlushService - [ASYNC_MASTER]Timer progress-check commitRead:[06-10 08:50:12] currRead:[06-10 08:50:12] currWrite:[06-10 08:50:12] readBehind:0 currReadOffset:0 offsetBehind:0 behindMaster:0 enqPutQueue:0 deqGetQueue:0 deqPutQueue:0 allCongestNum:0 enqExpiredStoreTime:01-01 00:00:00
2026-06-10 16:50:18 INFO FlushRealTimeService - PERF_COUNTER_FLUSH_DATA_TIME_MS[2026-06-10 08:50:18.718] num:20 cost:10003 tps:2.0094 min:0 max:99999999 tp50:0 tp80:0 tp90:0 tp99:0 tp999:0 0_1:20 2_5:0 6_10:0 11_50:0 51_100:0 101_500:0 501_999:0 1000_:0
2026-06-10 16:50:23 INFO TimerFlushService - [ASYNC_MASTER]Timer progress-check commitRead:[06-10 08:50:23] currRead:[06-10 08:50:23] currWrite:[06-10 08:50:23] readBehind:0 currReadOffset:0 offsetBehind:0 behindMaster:0 enqPutQueue:0 deqGetQueue:0 deqPutQueue:0 allCongestNum:0 enqExpiredStoreTime:01-01 00:00:00
2026-06-10 16:50:28 INFO FlushRealTimeService - PERF_COUNTER_FLUSH_DATA_TIME_MS[2026-06-10 08:50:28.722] num:20 cost:10004 tps:2.0092 min:0 max:99999999 tp50:0 tp80:0 tp90:0 tp99:0 tp999:0 0_1:20 2_5:0 6_10:0 11_50:0 51_100:0 101_500:0 501_999:0 1000_:0
2026-06-10 16:50:34 INFO TimerFlushService - [ASYNC_MASTER]Timer progress-check commitRead:[06-10 08:50:34] currRead:[06-10 08:50:34] currWrite:[06-10 08:50:34] readBehind:0 currReadOffset:0 offsetBehind:0 behindMaster:0 enqPutQueue:0 deqGetQueue:0 deqPutQueue:0 allCongestNum:0 enqExpiredStoreTime:01-01 00:00:00
2026-06-10 16:50:36 INFO compactionSchedule_2 - start to scan all topicConfig
2026-06-10 16:50:36 INFO compactionSchedule_2 - scan all topicConfig over
2026-06-10 16:50:36 INFO StoreStatsService - [STORETPS] put_tps 0.0 get_found_tps 0.0 get_miss_tps 39.79270467081035 get_transferred_tps 0.0
2026-06-10 16:50:36 INFO StoreStatsService - findPutMessageEntireTimePX 0.99=0.00ms cost 0ms
2026-06-10 16:50:36 INFO StoreStatsService - findPutMessageEntireTimePX 0.999=0.00ms cost 0ms
2026-06-10 16:50:36 INFO StoreStatsService - [PAGECACHERT] TotalPut 0, PutMessageDistributeTime [<=0ms]:0 [0~10ms]:0 [10~50ms]:0 [50~100ms]:0 [100~200ms]:0 [200~500ms]:0 [500ms~1s]:0 [1~2s]:0 [2~3s]:0 [3~4s]:0 [4~5s]:0 [5~10s]:0 [10s~]:0 
2026-06-10 16:50:38 INFO FlushRealTimeService - PERF_COUNTER_FLUSH_DATA_TIME_MS[2026-06-10 08:50:38.725] num:20 cost:10003 tps:2.0094 min:0 max:99999999 tp50:0 tp80:0 tp90:0 tp99:0 tp999:0 0_1:20 2_5:0 6_10:0 11_50:0 51_100:0 101_500:0 501_999:0 1000_:0
2026-06-10 16:50:44 INFO TimerFlushService - [ASYNC_MASTER]Timer progress-check commitRead:[06-10 08:50:44] currRead:[06-10 08:50:44] currWrite:[06-10 08:50:44] readBehind:0 currReadOffset:0 offsetBehind:0 behindMaster:0 enqPutQueue:0 deqGetQueue:0 deqPutQueue:0 allCongestNum:0 enqExpiredStoreTime:01-01 00:00:00
2026-06-10 16:50:48 INFO FlushRealTimeService - PERF_COUNTER_FLUSH_DATA_TIME_MS[2026-06-10 08:50:48.728] num:20 cost:10003 tps:2.0094 min:0 max:99999999 tp50:0 tp80:0 tp90:0 tp99:0 tp999:0 0_1:20 2_5:0 6_10:0 11_50:0 51_100:0 101_500:0 501_999:0 1000_:0
2026-06-10 16:50:55 INFO TimerFlushService - [ASYNC_MASTER]Timer progress-check commitRead:[06-10 08:50:55] currRead:[06-10 08:50:55] currWrite:[06-10 08:50:55] readBehind:0 currReadOffset:0 offsetBehind:0 behindMaster:0 enqPutQueue:0 deqGetQueue:0 deqPutQueue:0 allCongestNum:0 enqExpiredStoreTime:01-01 00:00:00
2026-06-10 16:50:58 INFO FlushRealTimeService - PERF_COUNTER_FLUSH_DATA_TIME_MS[2026-06-10 08:50:58.732] num:20 cost:10004 tps:2.0092 min:0 max:99999999 tp50:0 tp80:0 tp90:0 tp99:0 tp999:0 0_1:20 2_5:0 6_10:0 11_50:0 51_100:0 101_500:0 501_999:0 1000_:0
2026-06-10 16:51:05 INFO TimerFlushService - [ASYNC_MASTER]Timer progress-check commitRead:[06-10 08:51:05] currRead:[06-10 08:51:05] currWrite:[06-10 08:51:05] readBehind:0 currReadOffset:0 offsetBehind:0 behindMaster:0 enqPutQueue:0 deqGetQueue:0 deqPutQueue:0 allCongestNum:0 enqExpiredStoreTime:01-01 00:00:00
2026-06-10 16:51:06 INFO compactionSchedule_2 - start to scan all topicConfig
2026-06-10 16:51:06 INFO compactionSchedule_2 - scan all topicConfig over
2026-06-10 16:51:08 INFO FlushRealTimeService - PERF_COUNTER_FLUSH_DATA_TIME_MS[2026-06-10 08:51:08.735] num:20 cost:10003 tps:2.0094 min:0 max:99999999 tp50:0 tp80:0 tp90:0 tp99:0 tp999:0 0_1:20 2_5:0 6_10:0 11_50:0 51_100:0 101_500:0 501_999:0 1000_:0
2026-06-10 16:51:16 INFO TimerFlushService - [ASYNC_MASTER]Timer progress-check commitRead:[06-10 08:51:16] currRead:[06-10 08:51:16] currWrite:[06-10 08:51:16] readBehind:0 currReadOffset:0 offsetBehind:0 behindMaster:0 enqPutQueue:0 deqGetQueue:0 deqPutQueue:0 allCongestNum:0 enqExpiredStoreTime:01-01 00:00:00
2026-06-10 16:51:18 INFO FlushRealTimeService - PERF_COUNTER_FLUSH_DATA_TIME_MS[2026-06-10 08:51:18.739] num:20 cost:10003 tps:2.0094 min:0 max:99999999 tp50:0 tp80:0 tp90:0 tp99:0 tp999:0 0_1:20 2_5:0 6_10:0 11_50:0 51_100:0 101_500:0 501_999:0 1000_:0
2026-06-10 16:51:26 INFO TimerFlushService - [ASYNC_MASTER]Timer progress-check commitRead:[06-10 08:51:26] currRead:[06-10 08:51:26] currWrite:[06-10 08:51:26] readBehind:0 currReadOffset:0 offsetBehind:0 behindMaster:0 enqPutQueue:0 deqGetQueue:0 deqPutQueue:0 allCongestNum:0 enqExpiredStoreTime:01-01 00:00:00
2026-06-10 16:51:28 INFO FlushRealTimeService - PERF_COUNTER_FLUSH_DATA_TIME_MS[2026-06-10 08:51:28.743] num:20 cost:10004 tps:2.0092 min:0 max:99999999 tp50:0 tp80:0 tp90:0 tp99:0 tp999:0 0_1:20 2_5:0 6_10:0 11_50:0 51_100:0 101_500:0 501_999:0 1000_:0
2026-06-10 16:51:36 INFO compactionSchedule_2 - start to scan all topicConfig
2026-06-10 16:51:36 INFO compactionSchedule_2 - scan all topicConfig over
2026-06-10 16:51:36 INFO StoreStatsService - [STORETPS] put_tps 0.0 get_found_tps 0.0 get_miss_tps 40.3739127536908 get_transferred_tps 0.0
2026-06-10 16:51:36 INFO StoreStatsService - findPutMessageEntireTimePX 0.99=0.00ms cost 0ms
2026-06-10 16:51:36 INFO StoreStatsService - findPutMessageEntireTimePX 0.999=0.00ms cost 0ms
2026-06-10 16:51:36 INFO StoreStatsService - [PAGECACHERT] TotalPut 0, PutMessageDistributeTime [<=0ms]:0 [0~10ms]:0 [10~50ms]:0 [50~100ms]:0 [100~200ms]:0 [200~500ms]:0 [500ms~1s]:0 [1~2s]:0 [2~3s]:0 [3~4s]:0 [4~5s]:0 [5~10s]:0 [10s~]:0 
2026-06-10 16:51:37 INFO TimerFlushService - [ASYNC_MASTER]Timer progress-check commitRead:[06-10 08:51:37] currRead:[06-10 08:51:37] currWrite:[06-10 08:51:37] readBehind:0 currReadOffset:0 offsetBehind:0 behindMaster:0 enqPutQueue:0 deqGetQueue:0 deqPutQueue:0 allCongestNum:0 enqExpiredStoreTime:01-01 00:00:00
2026-06-10 16:51:38 INFO FlushRealTimeService - PERF_COUNTER_FLUSH_DATA_TIME_MS[2026-06-10 08:51:38.748] num:20 cost:10005 tps:2.0090 min:0 max:99999999 tp50:0 tp80:0 tp90:0 tp99:0 tp999:0 0_1:20 2_5:0 6_10:0 11_50:0 51_100:0 101_500:0 501_999:0 1000_:0
2026-06-10 16:51:47 INFO TimerFlushService - [ASYNC_MASTER]Timer progress-check commitRead:[06-10 08:51:47] currRead:[06-10 08:51:47] currWrite:[06-10 08:51:47] readBehind:0 currReadOffset:0 offsetBehind:0 behindMaster:0 enqPutQueue:0 deqGetQueue:0 deqPutQueue:0 allCongestNum:0 enqExpiredStoreTime:01-01 00:00:00
2026-06-10 16:51:48 INFO FlushRealTimeService - PERF_COUNTER_FLUSH_DATA_TIME_MS[2026-06-10 08:51:48.753] num:20 cost:10005 tps:2.0090 min:0 max:99999999 tp50:0 tp80:0 tp90:0 tp99:0 tp999:0 0_1:20 2_5:0 6_10:0 11_50:0 51_100:0 101_500:0 501_999:0 1000_:0
2026-06-10 16:51:58 INFO TimerFlushService - [ASYNC_MASTER]Timer progress-check commitRead:[06-10 08:51:58] currRead:[06-10 08:51:58] currWrite:[06-10 08:51:58] readBehind:0 currReadOffset:0 offsetBehind:0 behindMaster:0 enqPutQueue:0 deqGetQueue:0 deqPutQueue:0 allCongestNum:0 enqExpiredStoreTime:01-01 00:00:00
2026-06-10 16:51:58 INFO FlushRealTimeService - PERF_COUNTER_FLUSH_DATA_TIME_MS[2026-06-10 08:51:58.757] num:20 cost:10004 tps:2.0092 min:0 max:99999999 tp50:0 tp80:0 tp90:0 tp99:0 tp999:0 0_1:20 2_5:0 6_10:0 11_50:0 51_100:0 101_500:0 501_999:0 1000_:0
2026-06-10 16:52:06 INFO compactionSchedule_2 - start to scan all topicConfig
2026-06-10 16:52:06 INFO compactionSchedule_2 - scan all topicConfig over
2026-06-10 16:52:08 INFO FlushRealTimeService - PERF_COUNTER_FLUSH_DATA_TIME_MS[2026-06-10 08:52:08.772] num:20 cost:10015 tps:2.0070 min:0 max:99999999 tp50:0 tp80:0 tp90:0 tp99:0 tp999:0 0_1:20 2_5:0 6_10:0 11_50:0 51_100:0 101_500:0 501_999:0 1000_:0
2026-06-10 16:52:09 INFO TimerFlushService - [ASYNC_MASTER]Timer progress-check commitRead:[06-10 08:52:09] currRead:[06-10 08:52:09] currWrite:[06-10 08:52:09] readBehind:0 currReadOffset:0 offsetBehind:0 behindMaster:0 enqPutQueue:0 deqGetQueue:0 deqPutQueue:0 allCongestNum:0 enqExpiredStoreTime:01-01 00:00:00
2026-06-10 16:52:18 INFO FlushRealTimeService - PERF_COUNTER_FLUSH_DATA_TIME_MS[2026-06-10 08:52:18.779] num:20 cost:10007 tps:2.0086 min:0 max:99999999 tp50:0 tp80:0 tp90:0 tp99:0 tp999:0 0_1:20 2_5:0 6_10:0 11_50:0 51_100:0 101_500:0 501_999:0 1000_:0
2026-06-10 16:52:19 INFO TimerFlushService - [ASYNC_MASTER]Timer progress-check commitRead:[06-10 08:52:19] currRead:[06-10 08:52:19] currWrite:[06-10 08:52:19] readBehind:0 currReadOffset:0 offsetBehind:0 behindMaster:0 enqPutQueue:0 deqGetQueue:0 deqPutQueue:0 allCongestNum:0 enqExpiredStoreTime:01-01 00:00:00
2026-06-10 16:52:28 INFO FlushRealTimeService - PERF_COUNTER_FLUSH_DATA_TIME_MS[2026-06-10 08:52:28.784] num:20 cost:10004 tps:2.0092 min:0 max:99999999 tp50:0 tp80:0 tp90:0 tp99:0 tp999:0 0_1:20 2_5:0 6_10:0 11_50:0 51_100:0 101_500:0 501_999:0 1000_:0
2026-06-10 16:52:30 INFO TimerFlushService - [ASYNC_MASTER]Timer progress-check commitRead:[06-10 08:52:30] currRead:[06-10 08:52:30] currWrite:[06-10 08:52:30] readBehind:0 currReadOffset:0 offsetBehind:0 behindMaster:0 enqPutQueue:0 deqGetQueue:0 deqPutQueue:0 allCongestNum:0 enqExpiredStoreTime:01-01 00:00:00
2026-06-10 16:52:36 INFO compactionSchedule_2 - start to scan all topicConfig
2026-06-10 16:52:36 INFO compactionSchedule_2 - scan all topicConfig over
2026-06-10 16:52:36 INFO StoreStatsService - [STORETPS] put_tps 0.0 get_found_tps 0.0 get_miss_tps 41.8700744764158 get_transferred_tps 0.0
2026-06-10 16:52:36 INFO StoreStatsService - findPutMessageEntireTimePX 0.99=0.00ms cost 0ms
2026-06-10 16:52:36 INFO StoreStatsService - findPutMessageEntireTimePX 0.999=0.00ms cost 0ms
2026-06-10 16:52:36 INFO StoreStatsService - [PAGECACHERT] TotalPut 0, PutMessageDistributeTime [<=0ms]:0 [0~10ms]:0 [10~50ms]:0 [50~100ms]:0 [100~200ms]:0 [200~500ms]:0 [500ms~1s]:0 [1~2s]:0 [2~3s]:0 [3~4s]:0 [4~5s]:0 [5~10s]:0 [10s~]:0 
2026-06-10 16:52:38 INFO FlushRealTimeService - PERF_COUNTER_FLUSH_DATA_TIME_MS[2026-06-10 08:52:38.788] num:20 cost:10004 tps:2.0092 min:0 max:99999999 tp50:0 tp80:0 tp90:0 tp99:0 tp999:0 0_1:20 2_5:0 6_10:0 11_50:0 51_100:0 101_500:0 501_999:0 1000_:0
2026-06-10 16:52:41 INFO TimerFlushService - [ASYNC_MASTER]Timer progress-check commitRead:[06-10 08:52:40] currRead:[06-10 08:52:40] currWrite:[06-10 08:52:41] readBehind:1 currReadOffset:0 offsetBehind:0 behindMaster:0 enqPutQueue:0 deqGetQueue:0 deqPutQueue:0 allCongestNum:0 enqExpiredStoreTime:01-01 00:00:00
2026-06-10 16:52:48 INFO FlushRealTimeService - PERF_COUNTER_FLUSH_DATA_TIME_MS[2026-06-10 08:52:48.791] num:20 cost:10003 tps:2.0094 min:0 max:99999999 tp50:0 tp80:0 tp90:0 tp99:0 tp999:0 0_1:20 2_5:0 6_10:0 11_50:0 51_100:0 101_500:0 501_999:0 1000_:0
2026-06-10 16:52:51 INFO TimerFlushService - [ASYNC_MASTER]Timer progress-check commitRead:[06-10 08:52:51] currRead:[06-10 08:52:51] currWrite:[06-10 08:52:51] readBehind:0 currReadOffset:0 offsetBehind:0 behindMaster:0 enqPutQueue:0 deqGetQueue:0 deqPutQueue:0 allCongestNum:0 enqExpiredStoreTime:01-01 00:00:00
2026-06-10 16:52:58 INFO FlushRealTimeService - PERF_COUNTER_FLUSH_DATA_TIME_MS[2026-06-10 08:52:58.797] num:20 cost:10006 tps:2.0088 min:0 max:99999999 tp50:0 tp80:0 tp90:0 tp99:0 tp999:0 0_1:20 2_5:0 6_10:0 11_50:0 51_100:0 101_500:0 501_999:0 1000_:0
2026-06-10 16:53:01 INFO TimerFlushService - [ASYNC_MASTER]Timer progress-check commitRead:[06-10 08:53:01] currRead:[06-10 08:53:01] currWrite:[06-10 08:53:01] readBehind:0 currReadOffset:0 offsetBehind:0 behindMaster:0 enqPutQueue:0 deqGetQueue:0 deqPutQueue:0 allCongestNum:0 enqExpiredStoreTime:01-01 00:00:00
2026-06-10 16:53:06 INFO compactionSchedule_2 - start to scan all topicConfig
2026-06-10 16:53:06 INFO compactionSchedule_2 - scan all topicConfig over
2026-06-10 16:53:08 INFO FlushRealTimeService - PERF_COUNTER_FLUSH_DATA_TIME_MS[2026-06-10 08:53:08.802] num:20 cost:10004 tps:2.0092 min:0 max:99999999 tp50:0 tp80:0 tp90:0 tp99:0 tp999:0 0_1:20 2_5:0 6_10:0 11_50:0 51_100:0 101_500:0 501_999:0 1000_:0
2026-06-10 16:53:12 INFO TimerFlushService - [ASYNC_MASTER]Timer progress-check commitRead:[06-10 08:53:12] currRead:[06-10 08:53:12] currWrite:[06-10 08:53:12] readBehind:0 currReadOffset:0 offsetBehind:0 behindMaster:0 enqPutQueue:0 deqGetQueue:0 deqPutQueue:0 allCongestNum:0 enqExpiredStoreTime:01-01 00:00:00
2026-06-10 16:53:18 INFO FlushRealTimeService - PERF_COUNTER_FLUSH_DATA_TIME_MS[2026-06-10 08:53:18.805] num:20 cost:10003 tps:2.0094 min:0 max:99999999 tp50:0 tp80:0 tp90:0 tp99:0 tp999:0 0_1:20 2_5:0 6_10:0 11_50:0 51_100:0 101_500:0 501_999:0 1000_:0
2026-06-10 16:53:22 INFO TimerFlushService - [ASYNC_MASTER]Timer progress-check commitRead:[06-10 08:53:22] currRead:[06-10 08:53:22] currWrite:[06-10 08:53:22] readBehind:0 currReadOffset:0 offsetBehind:0 behindMaster:0 enqPutQueue:0 deqGetQueue:0 deqPutQueue:0 allCongestNum:0 enqExpiredStoreTime:01-01 00:00:00
2026-06-10 16:53:28 INFO FlushRealTimeService - PERF_COUNTER_FLUSH_DATA_TIME_MS[2026-06-10 08:53:28.812] num:20 cost:10007 tps:2.0086 min:0 max:99999999 tp50:0 tp80:0 tp90:0 tp99:0 tp999:0 0_1:20 2_5:0 6_10:0 11_50:0 51_100:0 101_500:0 501_999:0 1000_:0
2026-06-10 16:53:33 INFO TimerFlushService - [ASYNC_MASTER]Timer progress-check commitRead:[06-10 08:53:33] currRead:[06-10 08:53:33] currWrite:[06-10 08:53:33] readBehind:0 currReadOffset:0 offsetBehind:0 behindMaster:0 enqPutQueue:0 deqGetQueue:0 deqPutQueue:0 allCongestNum:0 enqExpiredStoreTime:01-01 00:00:00
2026-06-10 16:53:36 INFO compactionSchedule_2 - start to scan all topicConfig
2026-06-10 16:53:36 INFO compactionSchedule_2 - scan all topicConfig over
2026-06-10 16:53:36 INFO StoreStatsService - [STORETPS] put_tps 0.0 get_found_tps 0.0 get_miss_tps 38.39424086387042 get_transferred_tps 0.0
2026-06-10 16:53:36 INFO StoreStatsService - findPutMessageEntireTimePX 0.99=0.00ms cost 0ms
2026-06-10 16:53:36 INFO StoreStatsService - findPutMessageEntireTimePX 0.999=0.00ms cost 0ms
2026-06-10 16:53:36 INFO StoreStatsService - [PAGECACHERT] TotalPut 0, PutMessageDistributeTime [<=0ms]:0 [0~10ms]:0 [10~50ms]:0 [50~100ms]:0 [100~200ms]:0 [200~500ms]:0 [500ms~1s]:0 [1~2s]:0 [2~3s]:0 [3~4s]:0 [4~5s]:0 [5~10s]:0 [10s~]:0 
2026-06-10 16:53:38 INFO FlushRealTimeService - PERF_COUNTER_FLUSH_DATA_TIME_MS[2026-06-10 08:53:38.815] num:20 cost:10003 tps:2.0094 min:0 max:99999999 tp50:0 tp80:0 tp90:0 tp99:0 tp999:0 0_1:20 2_5:0 6_10:0 11_50:0 51_100:0 101_500:0 501_999:0 1000_:0
2026-06-10 16:53:44 INFO TimerFlushService - [ASYNC_MASTER]Timer progress-check commitRead:[06-10 08:53:44] currRead:[06-10 08:53:44] currWrite:[06-10 08:53:44] readBehind:0 currReadOffset:0 offsetBehind:0 behindMaster:0 enqPutQueue:0 deqGetQueue:0 deqPutQueue:0 allCongestNum:0 enqExpiredStoreTime:01-01 00:00:00
2026-06-10 16:53:48 INFO FlushRealTimeService - PERF_COUNTER_FLUSH_DATA_TIME_MS[2026-06-10 08:53:48.819] num:20 cost:10003 tps:2.0094 min:0 max:99999999 tp50:0 tp80:0 tp90:0 tp99:0 tp999:0 0_1:20 2_5:0 6_10:0 11_50:0 51_100:0 101_500:0 501_999:0 1000_:0
2026-06-10 16:53:54 INFO TimerFlushService - [ASYNC_MASTER]Timer progress-check commitRead:[06-10 08:53:54] currRead:[06-10 08:53:54] currWrite:[06-10 08:53:54] readBehind:0 currReadOffset:0 offsetBehind:0 behindMaster:0 enqPutQueue:0 deqGetQueue:0 deqPutQueue:0 allCongestNum:0 enqExpiredStoreTime:01-01 00:00:00
2026-06-10 16:53:58 INFO FlushRealTimeService - PERF_COUNTER_FLUSH_DATA_TIME_MS[2026-06-10 08:53:58.822] num:20 cost:10003 tps:2.0094 min:0 max:99999999 tp50:0 tp80:0 tp90:0 tp99:0 tp999:0 0_1:20 2_5:0 6_10:0 11_50:0 51_100:0 101_500:0 501_999:0 1000_:0
2026-06-10 16:54:05 INFO TimerFlushService - [ASYNC_MASTER]Timer progress-check commitRead:[06-10 08:54:05] currRead:[06-10 08:54:05] currWrite:[06-10 08:54:05] readBehind:0 currReadOffset:0 offsetBehind:0 behindMaster:0 enqPutQueue:0 deqGetQueue:0 deqPutQueue:0 allCongestNum:0 enqExpiredStoreTime:01-01 00:00:00
2026-06-10 16:54:06 INFO compactionSchedule_2 - start to scan all topicConfig
2026-06-10 16:54:06 INFO compactionSchedule_2 - scan all topicConfig over
2026-06-10 16:54:08 INFO FlushRealTimeService - PERF_COUNTER_FLUSH_DATA_TIME_MS[2026-06-10 08:54:08.829] num:20 cost:10007 tps:2.0086 min:0 max:99999999 tp50:0 tp80:0 tp90:0 tp99:0 tp999:0 0_1:20 2_5:0 6_10:0 11_50:0 51_100:0 101_500:0 501_999:0 1000_:0
2026-06-10 16:54:16 INFO TimerFlushService - [ASYNC_MASTER]Timer progress-check commitRead:[06-10 08:54:16] currRead:[06-10 08:54:16] currWrite:[06-10 08:54:16] readBehind:0 currReadOffset:0 offsetBehind:0 behindMaster:0 enqPutQueue:0 deqGetQueue:0 deqPutQueue:0 allCongestNum:0 enqExpiredStoreTime:01-01 00:00:00
2026-06-10 16:54:18 INFO FlushRealTimeService - PERF_COUNTER_FLUSH_DATA_TIME_MS[2026-06-10 08:54:18.834] num:20 cost:10005 tps:2.0090 min:0 max:1 tp50:0 tp80:0 tp90:0 tp99:1 tp999:1 0_1:20 2_5:0 6_10:0 11_50:0 51_100:0 101_500:0 501_999:0 1000_:0
2026-06-10 16:54:26 INFO TimerFlushService - [ASYNC_MASTER]Timer progress-check commitRead:[06-10 08:54:26] currRead:[06-10 08:54:26] currWrite:[06-10 08:54:26] readBehind:0 currReadOffset:0 offsetBehind:0 behindMaster:0 enqPutQueue:0 deqGetQueue:0 deqPutQueue:0 allCongestNum:0 enqExpiredStoreTime:01-01 00:00:00
2026-06-10 16:54:28 INFO FlushRealTimeService - PERF_COUNTER_FLUSH_DATA_TIME_MS[2026-06-10 08:54:28.837] num:20 cost:10003 tps:2.0094 min:0 max:99999999 tp50:0 tp80:0 tp90:0 tp99:0 tp999:0 0_1:20 2_5:0 6_10:0 11_50:0 51_100:0 101_500:0 501_999:0 1000_:0
2026-06-10 16:54:36 INFO compactionSchedule_2 - start to scan all topicConfig
2026-06-10 16:54:36 INFO compactionSchedule_2 - scan all topicConfig over
2026-06-10 16:54:36 INFO StoreStatsService - [STORETPS] put_tps 0.0 get_found_tps 0.0 get_miss_tps 42.5248283676598 get_transferred_tps 0.0
2026-06-10 16:54:36 INFO StoreStatsService - findPutMessageEntireTimePX 0.99=0.00ms cost 0ms
2026-06-10 16:54:36 INFO StoreStatsService - findPutMessageEntireTimePX 0.999=0.00ms cost 0ms
2026-06-10 16:54:36 INFO StoreStatsService - [PAGECACHERT] TotalPut 0, PutMessageDistributeTime [<=0ms]:0 [0~10ms]:0 [10~50ms]:0 [50~100ms]:0 [100~200ms]:0 [200~500ms]:0 [500ms~1s]:0 [1~2s]:0 [2~3s]:0 [3~4s]:0 [4~5s]:0 [5~10s]:0 [10s~]:0 
2026-06-10 16:54:37 INFO TimerFlushService - [ASYNC_MASTER]Timer progress-check commitRead:[06-10 08:54:37] currRead:[06-10 08:54:37] currWrite:[06-10 08:54:37] readBehind:0 currReadOffset:0 offsetBehind:0 behindMaster:0 enqPutQueue:0 deqGetQueue:0 deqPutQueue:0 allCongestNum:0 enqExpiredStoreTime:01-01 00:00:00
2026-06-10 16:54:38 INFO FlushRealTimeService - PERF_COUNTER_FLUSH_DATA_TIME_MS[2026-06-10 08:54:38.844] num:20 cost:10007 tps:2.0086 min:0 max:99999999 tp50:0 tp80:0 tp90:0 tp99:0 tp999:0 0_1:20 2_5:0 6_10:0 11_50:0 51_100:0 101_500:0 501_999:0 1000_:0
2026-06-10 16:54:48 INFO TimerFlushService - [ASYNC_MASTER]Timer progress-check commitRead:[06-10 08:54:48] currRead:[06-10 08:54:48] currWrite:[06-10 08:54:48] readBehind:0 currReadOffset:0 offsetBehind:0 behindMaster:0 enqPutQueue:0 deqGetQueue:0 deqPutQueue:0 allCongestNum:0 enqExpiredStoreTime:01-01 00:00:00
2026-06-10 16:54:48 INFO FlushRealTimeService - PERF_COUNTER_FLUSH_DATA_TIME_MS[2026-06-10 08:54:48.847] num:20 cost:10003 tps:2.0094 min:0 max:99999999 tp50:0 tp80:0 tp90:0 tp99:0 tp999:0 0_1:20 2_5:0 6_10:0 11_50:0 51_100:0 101_500:0 501_999:0 1000_:0
2026-06-10 16:54:58 INFO TimerFlushService - [ASYNC_MASTER]Timer progress-check commitRead:[06-10 08:54:58] currRead:[06-10 08:54:58] currWrite:[06-10 08:54:58] readBehind:0 currReadOffset:0 offsetBehind:0 behindMaster:0 enqPutQueue:0 deqGetQueue:0 deqPutQueue:0 allCongestNum:0 enqExpiredStoreTime:01-01 00:00:00
2026-06-10 16:54:58 INFO FlushRealTimeService - PERF_COUNTER_FLUSH_DATA_TIME_MS[2026-06-10 08:54:58.85] num:20 cost:10003 tps:2.0094 min:0 max:99999999 tp50:0 tp80:0 tp90:0 tp99:0 tp999:0 0_1:20 2_5:0 6_10:0 11_50:0 51_100:0 101_500:0 501_999:0 1000_:0
2026-06-10 16:55:06 INFO compactionSchedule_2 - start to scan all topicConfig
2026-06-10 16:55:06 INFO compactionSchedule_2 - scan all topicConfig over
2026-06-10 16:55:08 INFO FlushRealTimeService - PERF_COUNTER_FLUSH_DATA_TIME_MS[2026-06-10 08:55:08.853] num:20 cost:10003 tps:2.0094 min:0 max:99999999 tp50:0 tp80:0 tp90:0 tp99:0 tp999:0 0_1:20 2_5:0 6_10:0 11_50:0 51_100:0 101_500:0 501_999:0 1000_:0
2026-06-10 16:55:09 INFO TimerFlushService - [ASYNC_MASTER]Timer progress-check commitRead:[06-10 08:55:09] currRead:[06-10 08:55:09] currWrite:[06-10 08:55:09] readBehind:0 currReadOffset:0 offsetBehind:0 behindMaster:0 enqPutQueue:0 deqGetQueue:0 deqPutQueue:0 allCongestNum:0 enqExpiredStoreTime:01-01 00:00:00
2026-06-10 16:55:18 INFO FlushRealTimeService - PERF_COUNTER_FLUSH_DATA_TIME_MS[2026-06-10 08:55:18.857] num:20 cost:10004 tps:2.0092 min:0 max:99999999 tp50:0 tp80:0 tp90:0 tp99:0 tp999:0 0_1:20 2_5:0 6_10:0 11_50:0 51_100:0 101_500:0 501_999:0 1000_:0
2026-06-10 16:55:20 INFO TimerFlushService - [ASYNC_MASTER]Timer progress-check commitRead:[06-10 08:55:19] currRead:[06-10 08:55:19] currWrite:[06-10 08:55:20] readBehind:1 currReadOffset:0 offsetBehind:0 behindMaster:0 enqPutQueue:0 deqGetQueue:0 deqPutQueue:0 allCongestNum:0 enqExpiredStoreTime:01-01 00:00:00
2026-06-10 16:55:28 INFO FlushRealTimeService - PERF_COUNTER_FLUSH_DATA_TIME_MS[2026-06-10 08:55:28.86] num:20 cost:10003 tps:2.0094 min:0 max:99999999 tp50:0 tp80:0 tp90:0 tp99:0 tp999:0 0_1:20 2_5:0 6_10:0 11_50:0 51_100:0 101_500:0 501_999:0 1000_:0
2026-06-10 16:55:30 INFO TimerFlushService - [ASYNC_MASTER]Timer progress-check commitRead:[06-10 08:55:30] currRead:[06-10 08:55:30] currWrite:[06-10 08:55:30] readBehind:0 currReadOffset:0 offsetBehind:0 behindMaster:0 enqPutQueue:0 deqGetQueue:0 deqPutQueue:0 allCongestNum:0 enqExpiredStoreTime:01-01 00:00:00
2026-06-10 16:55:36 INFO compactionSchedule_2 - start to scan all topicConfig
2026-06-10 16:55:36 INFO compactionSchedule_2 - scan all topicConfig over
2026-06-10 16:55:36 INFO StoreStatsService - [STORETPS] put_tps 0.0 get_found_tps 0.0 get_miss_tps 39.7253882556822 get_transferred_tps 0.0
2026-06-10 16:55:36 INFO StoreStatsService - findPutMessageEntireTimePX 0.99=0.00ms cost 0ms
2026-06-10 16:55:36 INFO StoreStatsService - findPutMessageEntireTimePX 0.999=0.00ms cost 0ms
2026-06-10 16:55:36 INFO StoreStatsService - [PAGECACHERT] TotalPut 0, PutMessageDistributeTime [<=0ms]:0 [0~10ms]:0 [10~50ms]:0 [50~100ms]:0 [100~200ms]:0 [200~500ms]:0 [500ms~1s]:0 [1~2s]:0 [2~3s]:0 [3~4s]:0 [4~5s]:0 [5~10s]:0 [10s~]:0 
2026-06-10 16:55:38 INFO FlushRealTimeService - PERF_COUNTER_FLUSH_DATA_TIME_MS[2026-06-10 08:55:38.865] num:20 cost:10005 tps:2.0090 min:0 max:99999999 tp50:0 tp80:0 tp90:0 tp99:0 tp999:0 0_1:20 2_5:0 6_10:0 11_50:0 51_100:0 101_500:0 501_999:0 1000_:0
2026-06-10 16:55:41 INFO TimerFlushService - [ASYNC_MASTER]Timer progress-check commitRead:[06-10 08:55:41] currRead:[06-10 08:55:41] currWrite:[06-10 08:55:41] readBehind:0 currReadOffset:0 offsetBehind:0 behindMaster:0 enqPutQueue:0 deqGetQueue:0 deqPutQueue:0 allCongestNum:0 enqExpiredStoreTime:01-01 00:00:00
2026-06-10 16:55:48 INFO FlushRealTimeService - PERF_COUNTER_FLUSH_DATA_TIME_MS[2026-06-10 08:55:48.871] num:20 cost:10006 tps:2.0088 min:0 max:99999999 tp50:0 tp80:0 tp90:0 tp99:0 tp999:0 0_1:20 2_5:0 6_10:0 11_50:0 51_100:0 101_500:0 501_999:0 1000_:0
2026-06-10 16:55:51 INFO TimerFlushService - [ASYNC_MASTER]Timer progress-check commitRead:[06-10 08:55:51] currRead:[06-10 08:55:51] currWrite:[06-10 08:55:51] readBehind:0 currReadOffset:0 offsetBehind:0 behindMaster:0 enqPutQueue:0 deqGetQueue:0 deqPutQueue:0 allCongestNum:0 enqExpiredStoreTime:01-01 00:00:00
2026-06-10 16:55:58 INFO FlushRealTimeService - PERF_COUNTER_FLUSH_DATA_TIME_MS[2026-06-10 08:55:58.876] num:20 cost:10004 tps:2.0092 min:0 max:99999999 tp50:0 tp80:0 tp90:0 tp99:0 tp999:0 0_1:20 2_5:0 6_10:0 11_50:0 51_100:0 101_500:0 501_999:0 1000_:0
2026-06-10 16:56:02 INFO TimerFlushService - [ASYNC_MASTER]Timer progress-check commitRead:[06-10 08:56:02] currRead:[06-10 08:56:02] currWrite:[06-10 08:56:02] readBehind:0 currReadOffset:0 offsetBehind:0 behindMaster:0 enqPutQueue:0 deqGetQueue:0 deqPutQueue:0 allCongestNum:0 enqExpiredStoreTime:01-01 00:00:00
2026-06-10 16:56:06 INFO compactionSchedule_2 - start to scan all topicConfig
2026-06-10 16:56:06 INFO compactionSchedule_2 - scan all topicConfig over
2026-06-10 16:56:08 INFO FlushRealTimeService - PERF_COUNTER_FLUSH_DATA_TIME_MS[2026-06-10 08:56:08.879] num:20 cost:10003 tps:2.0094 min:0 max:99999999 tp50:0 tp80:0 tp90:0 tp99:0 tp999:0 0_1:20 2_5:0 6_10:0 11_50:0 51_100:0 101_500:0 501_999:0 1000_:0
2026-06-10 16:56:12 INFO TimerFlushService - [ASYNC_MASTER]Timer progress-check commitRead:[06-10 08:56:12] currRead:[06-10 08:56:12] currWrite:[06-10 08:56:12] readBehind:0 currReadOffset:0 offsetBehind:0 behindMaster:0 enqPutQueue:0 deqGetQueue:0 deqPutQueue:0 allCongestNum:0 enqExpiredStoreTime:01-01 00:00:00
2026-06-10 16:56:18 INFO FlushRealTimeService - PERF_COUNTER_FLUSH_DATA_TIME_MS[2026-06-10 08:56:18.882] num:20 cost:10003 tps:2.0094 min:0 max:99999999 tp50:0 tp80:0 tp90:0 tp99:0 tp999:0 0_1:20 2_5:0 6_10:0 11_50:0 51_100:0 101_500:0 501_999:0 1000_:0
2026-06-10 16:56:23 INFO TimerFlushService - [ASYNC_MASTER]Timer progress-check commitRead:[06-10 08:56:23] currRead:[06-10 08:56:23] currWrite:[06-10 08:56:23] readBehind:0 currReadOffset:0 offsetBehind:0 behindMaster:0 enqPutQueue:0 deqGetQueue:0 deqPutQueue:0 allCongestNum:0 enqExpiredStoreTime:01-01 00:00:00
2026-06-10 16:56:28 INFO FlushRealTimeService - PERF_COUNTER_FLUSH_DATA_TIME_MS[2026-06-10 08:56:28.885] num:20 cost:10003 tps:2.0094 min:0 max:1 tp50:0 tp80:0 tp90:0 tp99:1 tp999:1 0_1:20 2_5:0 6_10:0 11_50:0 51_100:0 101_500:0 501_999:0 1000_:0
2026-06-10 16:56:34 INFO TimerFlushService - [ASYNC_MASTER]Timer progress-check commitRead:[06-10 08:56:33] currRead:[06-10 08:56:33] currWrite:[06-10 08:56:34] readBehind:1 currReadOffset:0 offsetBehind:0 behindMaster:0 enqPutQueue:0 deqGetQueue:0 deqPutQueue:0 allCongestNum:0 enqExpiredStoreTime:01-01 00:00:00
2026-06-10 16:56:36 INFO compactionSchedule_2 - start to scan all topicConfig
2026-06-10 16:56:36 INFO compactionSchedule_2 - scan all topicConfig over
2026-06-10 16:56:36 INFO StoreStatsService - [STORETPS] put_tps 0.0 get_found_tps 0.0 get_miss_tps 40.41060507590529 get_transferred_tps 0.0
2026-06-10 16:56:36 INFO StoreStatsService - findPutMessageEntireTimePX 0.99=0.00ms cost 0ms
2026-06-10 16:56:36 INFO StoreStatsService - findPutMessageEntireTimePX 0.999=0.00ms cost 0ms
2026-06-10 16:56:36 INFO StoreStatsService - [PAGECACHERT] TotalPut 0, PutMessageDistributeTime [<=0ms]:0 [0~10ms]:0 [10~50ms]:0 [50~100ms]:0 [100~200ms]:0 [200~500ms]:0 [500ms~1s]:0 [1~2s]:0 [2~3s]:0 [3~4s]:0 [4~5s]:0 [5~10s]:0 [10s~]:0 
2026-06-10 16:56:38 INFO FlushRealTimeService - PERF_COUNTER_FLUSH_DATA_TIME_MS[2026-06-10 08:56:38.889] num:20 cost:10003 tps:2.0094 min:0 max:99999999 tp50:0 tp80:0 tp90:0 tp99:0 tp999:0 0_1:20 2_5:0 6_10:0 11_50:0 51_100:0 101_500:0 501_999:0 1000_:0
2026-06-10 16:56:44 INFO TimerFlushService - [ASYNC_MASTER]Timer progress-check commitRead:[06-10 08:56:44] currRead:[06-10 08:56:44] currWrite:[06-10 08:56:44] readBehind:0 currReadOffset:0 offsetBehind:0 behindMaster:0 enqPutQueue:0 deqGetQueue:0 deqPutQueue:0 allCongestNum:0 enqExpiredStoreTime:01-01 00:00:00
2026-06-10 16:56:48 INFO FlushRealTimeService - PERF_COUNTER_FLUSH_DATA_TIME_MS[2026-06-10 08:56:48.891] num:20 cost:10002 tps:2.0096 min:0 max:99999999 tp50:0 tp80:0 tp90:0 tp99:0 tp999:0 0_1:20 2_5:0 6_10:0 11_50:0 51_100:0 101_500:0 501_999:0 1000_:0
2026-06-10 16:56:55 INFO TimerFlushService - [ASYNC_MASTER]Timer progress-check commitRead:[06-10 08:56:55] currRead:[06-10 08:56:55] currWrite:[06-10 08:56:55] readBehind:0 currReadOffset:0 offsetBehind:0 behindMaster:0 enqPutQueue:0 deqGetQueue:0 deqPutQueue:0 allCongestNum:0 enqExpiredStoreTime:01-01 00:00:00
2026-06-10 16:56:58 INFO FlushRealTimeService - PERF_COUNTER_FLUSH_DATA_TIME_MS[2026-06-10 08:56:58.894] num:20 cost:10002 tps:2.0096 min:0 max:99999999 tp50:0 tp80:0 tp90:0 tp99:0 tp999:0 0_1:20 2_5:0 6_10:0 11_50:0 51_100:0 101_500:0 501_999:0 1000_:0
2026-06-10 16:57:06 INFO TimerFlushService - [ASYNC_MASTER]Timer progress-check commitRead:[06-10 08:57:06] currRead:[06-10 08:57:06] currWrite:[06-10 08:57:06] readBehind:0 currReadOffset:0 offsetBehind:0 behindMaster:0 enqPutQueue:0 deqGetQueue:0 deqPutQueue:0 allCongestNum:0 enqExpiredStoreTime:01-01 00:00:00
2026-06-10 16:57:06 INFO compactionSchedule_2 - start to scan all topicConfig
2026-06-10 16:57:06 INFO compactionSchedule_2 - scan all topicConfig over
2026-06-10 16:57:08 INFO FlushRealTimeService - PERF_COUNTER_FLUSH_DATA_TIME_MS[2026-06-10 08:57:08.897] num:20 cost:10003 tps:2.0094 min:0 max:99999999 tp50:0 tp80:0 tp90:0 tp99:0 tp999:0 0_1:20 2_5:0 6_10:0 11_50:0 51_100:0 101_500:0 501_999:0 1000_:0
2026-06-10 16:57:16 INFO TimerFlushService - [ASYNC_MASTER]Timer progress-check commitRead:[06-10 08:57:16] currRead:[06-10 08:57:16] currWrite:[06-10 08:57:16] readBehind:0 currReadOffset:0 offsetBehind:0 behindMaster:0 enqPutQueue:0 deqGetQueue:0 deqPutQueue:0 allCongestNum:0 enqExpiredStoreTime:01-01 00:00:00
2026-06-10 16:57:18 INFO FlushRealTimeService - PERF_COUNTER_FLUSH_DATA_TIME_MS[2026-06-10 08:57:18.9] num:20 cost:10003 tps:2.0094 min:0 max:99999999 tp50:0 tp80:0 tp90:0 tp99:0 tp999:0 0_1:20 2_5:0 6_10:0 11_50:0 51_100:0 101_500:0 501_999:0 1000_:0
2026-06-10 16:57:27 INFO TimerFlushService - [ASYNC_MASTER]Timer progress-check commitRead:[06-10 08:57:27] currRead:[06-10 08:57:27] currWrite:[06-10 08:57:27] readBehind:0 currReadOffset:0 offsetBehind:0 behindMaster:0 enqPutQueue:0 deqGetQueue:0 deqPutQueue:0 allCongestNum:0 enqExpiredStoreTime:01-01 00:00:00
2026-06-10 16:57:28 INFO FlushRealTimeService - PERF_COUNTER_FLUSH_DATA_TIME_MS[2026-06-10 08:57:28.904] num:20 cost:10003 tps:2.0094 min:0 max:1 tp50:0 tp80:0 tp90:0 tp99:1 tp999:1 0_1:20 2_5:0 6_10:0 11_50:0 51_100:0 101_500:0 501_999:0 1000_:0
2026-06-10 16:57:36 INFO compactionSchedule_2 - start to scan all topicConfig
2026-06-10 16:57:36 INFO compactionSchedule_2 - scan all topicConfig over
2026-06-10 16:57:36 INFO StoreStatsService - [STORETPS] put_tps 0.0 get_found_tps 0.0 get_miss_tps 41.84372344148378 get_transferred_tps 0.0
2026-06-10 16:57:36 INFO StoreStatsService - findPutMessageEntireTimePX 0.99=0.00ms cost 0ms
2026-06-10 16:57:36 INFO StoreStatsService - findPutMessageEntireTimePX 0.999=0.00ms cost 0ms
2026-06-10 16:57:36 INFO StoreStatsService - [PAGECACHERT] TotalPut 0, PutMessageDistributeTime [<=0ms]:0 [0~10ms]:0 [10~50ms]:0 [50~100ms]:0 [100~200ms]:0 [200~500ms]:0 [500ms~1s]:0 [1~2s]:0 [2~3s]:0 [3~4s]:0 [4~5s]:0 [5~10s]:0 [10s~]:0 
2026-06-10 16:57:37 INFO TimerFlushService - [ASYNC_MASTER]Timer progress-check commitRead:[06-10 08:57:37] currRead:[06-10 08:57:37] currWrite:[06-10 08:57:37] readBehind:0 currReadOffset:0 offsetBehind:0 behindMaster:0 enqPutQueue:0 deqGetQueue:0 deqPutQueue:0 allCongestNum:0 enqExpiredStoreTime:01-01 00:00:00
2026-06-10 16:57:38 INFO FlushRealTimeService - PERF_COUNTER_FLUSH_DATA_TIME_MS[2026-06-10 08:57:38.912] num:20 cost:10008 tps:2.0084 min:0 max:99999999 tp50:0 tp80:0 tp90:0 tp99:0 tp999:0 0_1:20 2_5:0 6_10:0 11_50:0 51_100:0 101_500:0 501_999:0 1000_:0
2026-06-10 16:57:48 INFO TimerFlushService - [ASYNC_MASTER]Timer progress-check commitRead:[06-10 08:57:48] currRead:[06-10 08:57:48] currWrite:[06-10 08:57:48] readBehind:0 currReadOffset:0 offsetBehind:0 behindMaster:0 enqPutQueue:0 deqGetQueue:0 deqPutQueue:0 allCongestNum:0 enqExpiredStoreTime:01-01 00:00:00
2026-06-10 16:57:48 INFO FlushRealTimeService - PERF_COUNTER_FLUSH_DATA_TIME_MS[2026-06-10 08:57:48.916] num:20 cost:10003 tps:2.0094 min:0 max:99999999 tp50:0 tp80:0 tp90:0 tp99:0 tp999:0 0_1:20 2_5:0 6_10:0 11_50:0 51_100:0 101_500:0 501_999:0 1000_:0
2026-06-10 16:57:58 INFO TimerFlushService - [ASYNC_MASTER]Timer progress-check commitRead:[06-10 08:57:58] currRead:[06-10 08:57:58] currWrite:[06-10 08:57:58] readBehind:0 currReadOffset:0 offsetBehind:0 behindMaster:0 enqPutQueue:0 deqGetQueue:0 deqPutQueue:0 allCongestNum:0 enqExpiredStoreTime:01-01 00:00:00
2026-06-10 16:57:58 INFO FlushRealTimeService - PERF_COUNTER_FLUSH_DATA_TIME_MS[2026-06-10 08:57:58.921] num:20 cost:10005 tps:2.0090 min:0 max:99999999 tp50:0 tp80:0 tp90:0 tp99:0 tp999:0 0_1:20 2_5:0 6_10:0 11_50:0 51_100:0 101_500:0 501_999:0 1000_:0
2026-06-10 16:58:06 INFO compactionSchedule_2 - start to scan all topicConfig
2026-06-10 16:58:06 INFO compactionSchedule_2 - scan all topicConfig over
2026-06-10 16:58:08 INFO FlushRealTimeService - PERF_COUNTER_FLUSH_DATA_TIME_MS[2026-06-10 08:58:08.924] num:20 cost:10003 tps:2.0094 min:0 max:1 tp50:0 tp80:0 tp90:0 tp99:1 tp999:1 0_1:20 2_5:0 6_10:0 11_50:0 51_100:0 101_500:0 501_999:0 1000_:0
2026-06-10 16:58:09 INFO TimerFlushService - [ASYNC_MASTER]Timer progress-check commitRead:[06-10 08:58:09] currRead:[06-10 08:58:09] currWrite:[06-10 08:58:09] readBehind:0 currReadOffset:0 offsetBehind:0 behindMaster:0 enqPutQueue:0 deqGetQueue:0 deqPutQueue:0 allCongestNum:0 enqExpiredStoreTime:01-01 00:00:00
2026-06-10 16:58:18 INFO FlushRealTimeService - PERF_COUNTER_FLUSH_DATA_TIME_MS[2026-06-10 08:58:18.929] num:20 cost:10005 tps:2.0090 min:0 max:1 tp50:0 tp80:0 tp90:0 tp99:1 tp999:1 0_1:20 2_5:0 6_10:0 11_50:0 51_100:0 101_500:0 501_999:0 1000_:0
2026-06-10 16:58:19 INFO TimerFlushService - [ASYNC_MASTER]Timer progress-check commitRead:[06-10 08:58:19] currRead:[06-10 08:58:19] currWrite:[06-10 08:58:19] readBehind:0 currReadOffset:0 offsetBehind:0 behindMaster:0 enqPutQueue:0 deqGetQueue:0 deqPutQueue:0 allCongestNum:0 enqExpiredStoreTime:01-01 00:00:00
2026-06-10 16:58:28 INFO FlushRealTimeService - PERF_COUNTER_FLUSH_DATA_TIME_MS[2026-06-10 08:58:28.933] num:20 cost:10004 tps:2.0092 min:0 max:99999999 tp50:0 tp80:0 tp90:0 tp99:0 tp999:0 0_1:20 2_5:0 6_10:0 11_50:0 51_100:0 101_500:0 501_999:0 1000_:0
2026-06-10 16:58:30 INFO TimerFlushService - [ASYNC_MASTER]Timer progress-check commitRead:[06-10 08:58:30] currRead:[06-10 08:58:30] currWrite:[06-10 08:58:30] readBehind:0 currReadOffset:0 offsetBehind:0 behindMaster:0 enqPutQueue:0 deqGetQueue:0 deqPutQueue:0 allCongestNum:0 enqExpiredStoreTime:01-01 00:00:00
2026-06-10 16:58:36 INFO compactionSchedule_2 - start to scan all topicConfig
2026-06-10 16:58:36 INFO compactionSchedule_2 - scan all topicConfig over
2026-06-10 16:58:36 INFO StoreStatsService - [STORETPS] put_tps 0.0 get_found_tps 0.0 get_miss_tps 38.40450524000733 get_transferred_tps 0.0
2026-06-10 16:58:36 INFO StoreStatsService - findPutMessageEntireTimePX 0.99=0.00ms cost 0ms
2026-06-10 16:58:36 INFO StoreStatsService - findPutMessageEntireTimePX 0.999=0.00ms cost 0ms
2026-06-10 16:58:36 INFO StoreStatsService - [PAGECACHERT] TotalPut 0, PutMessageDistributeTime [<=0ms]:0 [0~10ms]:0 [10~50ms]:0 [50~100ms]:0 [100~200ms]:0 [200~500ms]:0 [500ms~1s]:0 [1~2s]:0 [2~3s]:0 [3~4s]:0 [4~5s]:0 [5~10s]:0 [10s~]:0 
2026-06-10 16:58:38 INFO FlushRealTimeService - PERF_COUNTER_FLUSH_DATA_TIME_MS[2026-06-10 08:58:38.94] num:20 cost:10006 tps:2.0088 min:0 max:99999999 tp50:0 tp80:0 tp90:0 tp99:0 tp999:0 0_1:20 2_5:0 6_10:0 11_50:0 51_100:0 101_500:0 501_999:0 1000_:0
2026-06-10 16:58:40 INFO TimerFlushService - [ASYNC_MASTER]Timer progress-check commitRead:[06-10 08:58:40] currRead:[06-10 08:58:40] currWrite:[06-10 08:58:40] readBehind:0 currReadOffset:0 offsetBehind:0 behindMaster:0 enqPutQueue:0 deqGetQueue:0 deqPutQueue:0 allCongestNum:0 enqExpiredStoreTime:01-01 00:00:00
2026-06-10 16:58:48 INFO FlushRealTimeService - PERF_COUNTER_FLUSH_DATA_TIME_MS[2026-06-10 08:58:48.943] num:20 cost:10003 tps:2.0094 min:0 max:99999999 tp50:0 tp80:0 tp90:0 tp99:0 tp999:0 0_1:20 2_5:0 6_10:0 11_50:0 51_100:0 101_500:0 501_999:0 1000_:0
2026-06-10 16:58:51 INFO TimerFlushService - [ASYNC_MASTER]Timer progress-check commitRead:[06-10 08:58:51] currRead:[06-10 08:58:51] currWrite:[06-10 08:58:51] readBehind:0 currReadOffset:0 offsetBehind:0 behindMaster:0 enqPutQueue:0 deqGetQueue:0 deqPutQueue:0 allCongestNum:0 enqExpiredStoreTime:01-01 00:00:00
2026-06-10 16:58:58 INFO FlushRealTimeService - PERF_COUNTER_FLUSH_DATA_TIME_MS[2026-06-10 08:58:58.946] num:20 cost:10003 tps:2.0094 min:0 max:99999999 tp50:0 tp80:0 tp90:0 tp99:0 tp999:0 0_1:20 2_5:0 6_10:0 11_50:0 51_100:0 101_500:0 501_999:0 1000_:0
2026-06-10 16:59:02 INFO TimerFlushService - [ASYNC_MASTER]Timer progress-check commitRead:[06-10 08:59:02] currRead:[06-10 08:59:02] currWrite:[06-10 08:59:02] readBehind:0 currReadOffset:0 offsetBehind:0 behindMaster:0 enqPutQueue:0 deqGetQueue:0 deqPutQueue:0 allCongestNum:0 enqExpiredStoreTime:01-01 00:00:00
2026-06-10 16:59:06 INFO compactionSchedule_2 - start to scan all topicConfig
2026-06-10 16:59:06 INFO compactionSchedule_2 - scan all topicConfig over
2026-06-10 16:59:08 INFO FlushRealTimeService - PERF_COUNTER_FLUSH_DATA_TIME_MS[2026-06-10 08:59:08.95] num:20 cost:10003 tps:2.0094 min:0 max:1 tp50:0 tp80:0 tp90:0 tp99:1 tp999:1 0_1:20 2_5:0 6_10:0 11_50:0 51_100:0 101_500:0 501_999:0 1000_:0
2026-06-10 16:59:12 INFO TimerFlushService - [ASYNC_MASTER]Timer progress-check commitRead:[06-10 08:59:12] currRead:[06-10 08:59:12] currWrite:[06-10 08:59:12] readBehind:0 currReadOffset:0 offsetBehind:0 behindMaster:0 enqPutQueue:0 deqGetQueue:0 deqPutQueue:0 allCongestNum:0 enqExpiredStoreTime:01-01 00:00:00
2026-06-10 16:59:19 INFO FlushRealTimeService - PERF_COUNTER_FLUSH_DATA_TIME_MS[2026-06-10 08:59:19.066] num:20 cost:10116 tps:1.9870 min:0 max:99999999 tp50:0 tp80:0 tp90:0 tp99:0 tp999:0 0_1:20 2_5:0 6_10:0 11_50:0 51_100:0 101_500:0 501_999:0 1000_:0
2026-06-10 16:59:23 INFO TimerFlushService - [ASYNC_MASTER]Timer progress-check commitRead:[06-10 08:59:23] currRead:[06-10 08:59:23] currWrite:[06-10 08:59:23] readBehind:0 currReadOffset:0 offsetBehind:0 behindMaster:0 enqPutQueue:0 deqGetQueue:0 deqPutQueue:0 allCongestNum:0 enqExpiredStoreTime:01-01 00:00:00
2026-06-10 16:59:29 INFO FlushRealTimeService - PERF_COUNTER_FLUSH_DATA_TIME_MS[2026-06-10 08:59:29.069] num:20 cost:10003 tps:2.0094 min:0 max:99999999 tp50:0 tp80:0 tp90:0 tp99:0 tp999:0 0_1:20 2_5:0 6_10:0 11_50:0 51_100:0 101_500:0 501_999:0 1000_:0
2026-06-10 16:59:33 INFO TimerFlushService - [ASYNC_MASTER]Timer progress-check commitRead:[06-10 08:59:33] currRead:[06-10 08:59:33] currWrite:[06-10 08:59:33] readBehind:0 currReadOffset:0 offsetBehind:0 behindMaster:0 enqPutQueue:0 deqGetQueue:0 deqPutQueue:0 allCongestNum:0 enqExpiredStoreTime:01-01 00:00:00
2026-06-10 16:59:36 INFO compactionSchedule_2 - start to scan all topicConfig
2026-06-10 16:59:36 INFO compactionSchedule_2 - scan all topicConfig over
2026-06-10 16:59:37 INFO StoreStatsService - [STORETPS] put_tps 0.0 get_found_tps 0.0 get_miss_tps 42.702495967540784 get_transferred_tps 0.0
2026-06-10 16:59:37 INFO StoreStatsService - findPutMessageEntireTimePX 0.99=0.00ms cost 0ms
2026-06-10 16:59:37 INFO StoreStatsService - findPutMessageEntireTimePX 0.999=0.00ms cost 1ms
2026-06-10 16:59:37 INFO StoreStatsService - [PAGECACHERT] TotalPut 0, PutMessageDistributeTime [<=0ms]:0 [0~10ms]:0 [10~50ms]:0 [50~100ms]:0 [100~200ms]:0 [200~500ms]:0 [500ms~1s]:0 [1~2s]:0 [2~3s]:0 [3~4s]:0 [4~5s]:0 [5~10s]:0 [10s~]:0 
2026-06-10 16:59:39 INFO FlushRealTimeService - PERF_COUNTER_FLUSH_DATA_TIME_MS[2026-06-10 08:59:39.075] num:20 cost:10006 tps:2.0088 min:0 max:1 tp50:0 tp80:0 tp90:0 tp99:1 tp999:1 0_1:20 2_5:0 6_10:0 11_50:0 51_100:0 101_500:0 501_999:0 1000_:0
2026-06-10 16:59:44 INFO TimerFlushService - [ASYNC_MASTER]Timer progress-check commitRead:[06-10 08:59:44] currRead:[06-10 08:59:44] currWrite:[06-10 08:59:44] readBehind:0 currReadOffset:0 offsetBehind:0 behindMaster:0 enqPutQueue:0 deqGetQueue:0 deqPutQueue:0 allCongestNum:0 enqExpiredStoreTime:01-01 00:00:00
2026-06-10 16:59:49 INFO FlushRealTimeService - PERF_COUNTER_FLUSH_DATA_TIME_MS[2026-06-10 08:59:49.079] num:20 cost:10004 tps:2.0092 min:0 max:99999999 tp50:0 tp80:0 tp90:0 tp99:0 tp999:0 0_1:20 2_5:0 6_10:0 11_50:0 51_100:0 101_500:0 501_999:0 1000_:0
2026-06-10 16:59:54 INFO TimerFlushService - [ASYNC_MASTER]Timer progress-check commitRead:[06-10 08:59:54] currRead:[06-10 08:59:54] currWrite:[06-10 08:59:54] readBehind:0 currReadOffset:0 offsetBehind:0 behindMaster:0 enqPutQueue:0 deqGetQueue:0 deqPutQueue:0 allCongestNum:0 enqExpiredStoreTime:01-01 00:00:00
2026-06-10 16:59:59 INFO FlushRealTimeService - PERF_COUNTER_FLUSH_DATA_TIME_MS[2026-06-10 08:59:59.083] num:20 cost:10003 tps:2.0094 min:0 max:99999999 tp50:0 tp80:0 tp90:0 tp99:0 tp999:0 0_1:20 2_5:0 6_10:0 11_50:0 51_100:0 101_500:0 501_999:0 1000_:0
2026-06-10 17:00:05 INFO TimerFlushService - [ASYNC_MASTER]Timer progress-check commitRead:[06-10 09:00:05] currRead:[06-10 09:00:05] currWrite:[06-10 09:00:05] readBehind:0 currReadOffset:0 offsetBehind:0 behindMaster:0 enqPutQueue:0 deqGetQueue:0 deqPutQueue:0 allCongestNum:0 enqExpiredStoreTime:01-01 00:00:00
2026-06-10 17:00:06 INFO compactionSchedule_2 - start to scan all topicConfig
2026-06-10 17:00:06 INFO compactionSchedule_2 - scan all topicConfig over
2026-06-10 17:00:09 INFO FlushRealTimeService - PERF_COUNTER_FLUSH_DATA_TIME_MS[2026-06-10 09:00:09.087] num:20 cost:10004 tps:2.0092 min:0 max:99999999 tp50:0 tp80:0 tp90:0 tp99:0 tp999:0 0_1:20 2_5:0 6_10:0 11_50:0 51_100:0 101_500:0 501_999:0 1000_:0
2026-06-10 17:00:16 INFO TimerFlushService - [ASYNC_MASTER]Timer progress-check commitRead:[06-10 09:00:16] currRead:[06-10 09:00:16] currWrite:[06-10 09:00:16] readBehind:0 currReadOffset:0 offsetBehind:0 behindMaster:0 enqPutQueue:0 deqGetQueue:0 deqPutQueue:0 allCongestNum:0 enqExpiredStoreTime:01-01 00:00:00
2026-06-10 17:00:19 INFO FlushRealTimeService - PERF_COUNTER_FLUSH_DATA_TIME_MS[2026-06-10 09:00:19.089] num:20 cost:10002 tps:2.0096 min:0 max:99999999 tp50:0 tp80:0 tp90:0 tp99:0 tp999:0 0_1:20 2_5:0 6_10:0 11_50:0 51_100:0 101_500:0 501_999:0 1000_:0
2026-06-10 17:00:26 INFO TimerFlushService - [ASYNC_MASTER]Timer progress-check commitRead:[06-10 09:00:26] currRead:[06-10 09:00:26] currWrite:[06-10 09:00:26] readBehind:0 currReadOffset:0 offsetBehind:0 behindMaster:0 enqPutQueue:0 deqGetQueue:0 deqPutQueue:0 allCongestNum:0 enqExpiredStoreTime:01-01 00:00:00
2026-06-10 17:00:29 INFO FlushRealTimeService - PERF_COUNTER_FLUSH_DATA_TIME_MS[2026-06-10 09:00:29.093] num:20 cost:10003 tps:2.0094 min:0 max:1 tp50:0 tp80:0 tp90:0 tp99:1 tp999:1 0_1:20 2_5:0 6_10:0 11_50:0 51_100:0 101_500:0 501_999:0 1000_:0
2026-06-10 17:00:36 INFO compactionSchedule_2 - start to scan all topicConfig
2026-06-10 17:00:36 INFO compactionSchedule_2 - scan all topicConfig over
2026-06-10 17:00:37 INFO StoreStatsService - [STORETPS] put_tps 0.0 get_found_tps 0.0 get_miss_tps 39.44145435155716 get_transferred_tps 0.0
2026-06-10 17:00:37 INFO StoreStatsService - findPutMessageEntireTimePX 0.99=0.00ms cost 0ms
2026-06-10 17:00:37 INFO StoreStatsService - findPutMessageEntireTimePX 0.999=0.00ms cost 0ms
2026-06-10 17:00:37 INFO StoreStatsService - [PAGECACHERT] TotalPut 0, PutMessageDistributeTime [<=0ms]:0 [0~10ms]:0 [10~50ms]:0 [50~100ms]:0 [100~200ms]:0 [200~500ms]:0 [500ms~1s]:0 [1~2s]:0 [2~3s]:0 [3~4s]:0 [4~5s]:0 [5~10s]:0 [10s~]:0 
2026-06-10 17:00:37 INFO TimerFlushService - [ASYNC_MASTER]Timer progress-check commitRead:[06-10 09:00:37] currRead:[06-10 09:00:37] currWrite:[06-10 09:00:37] readBehind:0 currReadOffset:0 offsetBehind:0 behindMaster:0 enqPutQueue:0 deqGetQueue:0 deqPutQueue:0 allCongestNum:0 enqExpiredStoreTime:01-01 00:00:00
2026-06-10 17:00:39 INFO FlushRealTimeService - PERF_COUNTER_FLUSH_DATA_TIME_MS[2026-06-10 09:00:39.096] num:20 cost:10003 tps:2.0094 min:0 max:99999999 tp50:0 tp80:0 tp90:0 tp99:0 tp999:0 0_1:20 2_5:0 6_10:0 11_50:0 51_100:0 101_500:0 501_999:0 1000_:0
2026-06-10 17:00:48 INFO TimerFlushService - [ASYNC_MASTER]Timer progress-check commitRead:[06-10 09:00:48] currRead:[06-10 09:00:48] currWrite:[06-10 09:00:48] readBehind:0 currReadOffset:0 offsetBehind:0 behindMaster:0 enqPutQueue:0 deqGetQueue:0 deqPutQueue:0 allCongestNum:0 enqExpiredStoreTime:01-01 00:00:00
2026-06-10 17:00:49 INFO FlushRealTimeService - PERF_COUNTER_FLUSH_DATA_TIME_MS[2026-06-10 09:00:49.099] num:20 cost:10003 tps:2.0094 min:0 max:99999999 tp50:0 tp80:0 tp90:0 tp99:0 tp999:0 0_1:20 2_5:0 6_10:0 11_50:0 51_100:0 101_500:0 501_999:0 1000_:0
2026-06-10 17:00:58 INFO TimerFlushService - [ASYNC_MASTER]Timer progress-check commitRead:[06-10 09:00:58] currRead:[06-10 09:00:58] currWrite:[06-10 09:00:58] readBehind:0 currReadOffset:0 offsetBehind:0 behindMaster:0 enqPutQueue:0 deqGetQueue:0 deqPutQueue:0 allCongestNum:0 enqExpiredStoreTime:01-01 00:00:00
2026-06-10 17:00:59 INFO FlushRealTimeService - PERF_COUNTER_FLUSH_DATA_TIME_MS[2026-06-10 09:00:59.101] num:20 cost:10002 tps:2.0096 min:0 max:99999999 tp50:0 tp80:0 tp90:0 tp99:0 tp999:0 0_1:20 2_5:0 6_10:0 11_50:0 51_100:0 101_500:0 501_999:0 1000_:0
2026-06-10 17:01:06 INFO compactionSchedule_2 - start to scan all topicConfig
2026-06-10 17:01:06 INFO compactionSchedule_2 - scan all topicConfig over
2026-06-10 17:01:09 INFO FlushRealTimeService - PERF_COUNTER_FLUSH_DATA_TIME_MS[2026-06-10 09:01:09.106] num:20 cost:10004 tps:2.0092 min:0 max:99999999 tp50:0 tp80:0 tp90:0 tp99:0 tp999:0 0_1:20 2_5:0 6_10:0 11_50:0 51_100:0 101_500:0 501_999:0 1000_:0
2026-06-10 17:01:09 INFO TimerFlushService - [ASYNC_MASTER]Timer progress-check commitRead:[06-10 09:01:09] currRead:[06-10 09:01:09] currWrite:[06-10 09:01:09] readBehind:0 currReadOffset:0 offsetBehind:0 behindMaster:0 enqPutQueue:0 deqGetQueue:0 deqPutQueue:0 allCongestNum:0 enqExpiredStoreTime:01-01 00:00:00
2026-06-10 17:01:19 INFO FlushRealTimeService - PERF_COUNTER_FLUSH_DATA_TIME_MS[2026-06-10 09:01:19.13] num:20 cost:10024 tps:2.0052 min:0 max:99999999 tp50:0 tp80:0 tp90:0 tp99:0 tp999:0 0_1:20 2_5:0 6_10:0 11_50:0 51_100:0 101_500:0 501_999:0 1000_:0
2026-06-10 17:01:19 INFO TimerFlushService - [ASYNC_MASTER]Timer progress-check commitRead:[06-10 09:01:19] currRead:[06-10 09:01:19] currWrite:[06-10 09:01:19] readBehind:0 currReadOffset:0 offsetBehind:0 behindMaster:0 enqPutQueue:0 deqGetQueue:0 deqPutQueue:0 allCongestNum:0 enqExpiredStoreTime:01-01 00:00:00
2026-06-10 17:01:29 INFO FlushRealTimeService - PERF_COUNTER_FLUSH_DATA_TIME_MS[2026-06-10 09:01:29.136] num:20 cost:10006 tps:2.0088 min:0 max:99999999 tp50:0 tp80:0 tp90:0 tp99:0 tp999:0 0_1:20 2_5:0 6_10:0 11_50:0 51_100:0 101_500:0 501_999:0 1000_:0
2026-06-10 17:01:29 INFO TimerFlushService - [ASYNC_MASTER]Timer progress-check commitRead:[06-10 09:01:29] currRead:[06-10 09:01:29] currWrite:[06-10 09:01:29] readBehind:0 currReadOffset:0 offsetBehind:0 behindMaster:0 enqPutQueue:0 deqGetQueue:0 deqPutQueue:0 allCongestNum:0 enqExpiredStoreTime:01-01 00:00:00
2026-06-10 17:01:36 INFO compactionSchedule_2 - start to scan all topicConfig
2026-06-10 17:01:36 INFO compactionSchedule_2 - scan all topicConfig over
2026-06-10 17:01:37 INFO StoreStatsService - [STORETPS] put_tps 0.0 get_found_tps 0.0 get_miss_tps 40.577246746321386 get_transferred_tps 0.0
2026-06-10 17:01:37 INFO StoreStatsService - findPutMessageEntireTimePX 0.99=0.00ms cost 1ms
2026-06-10 17:01:37 INFO StoreStatsService - findPutMessageEntireTimePX 0.999=0.00ms cost 0ms
2026-06-10 17:01:37 INFO StoreStatsService - [PAGECACHERT] TotalPut 0, PutMessageDistributeTime [<=0ms]:0 [0~10ms]:0 [10~50ms]:0 [50~100ms]:0 [100~200ms]:0 [200~500ms]:0 [500ms~1s]:0 [1~2s]:0 [2~3s]:0 [3~4s]:0 [4~5s]:0 [5~10s]:0 [10s~]:0 
2026-06-10 17:01:39 INFO FlushRealTimeService - PERF_COUNTER_FLUSH_DATA_TIME_MS[2026-06-10 09:01:39.139] num:20 cost:10003 tps:2.0094 min:0 max:99999999 tp50:0 tp80:0 tp90:0 tp99:0 tp999:0 0_1:20 2_5:0 6_10:0 11_50:0 51_100:0 101_500:0 501_999:0 1000_:0
2026-06-10 17:01:40 INFO TimerFlushService - [ASYNC_MASTER]Timer progress-check commitRead:[06-10 09:01:40] currRead:[06-10 09:01:40] currWrite:[06-10 09:01:40] readBehind:0 currReadOffset:0 offsetBehind:0 behindMaster:0 enqPutQueue:0 deqGetQueue:0 deqPutQueue:0 allCongestNum:0 enqExpiredStoreTime:01-01 00:00:00
2026-06-10 17:01:49 INFO FlushRealTimeService - PERF_COUNTER_FLUSH_DATA_TIME_MS[2026-06-10 09:01:49.142] num:20 cost:10003 tps:2.0094 min:0 max:99999999 tp50:0 tp80:0 tp90:0 tp99:0 tp999:0 0_1:20 2_5:0 6_10:0 11_50:0 51_100:0 101_500:0 501_999:0 1000_:0
2026-06-10 17:01:51 INFO TimerFlushService - [ASYNC_MASTER]Timer progress-check commitRead:[06-10 09:01:51] currRead:[06-10 09:01:51] currWrite:[06-10 09:01:51] readBehind:0 currReadOffset:0 offsetBehind:0 behindMaster:0 enqPutQueue:0 deqGetQueue:0 deqPutQueue:0 allCongestNum:0 enqExpiredStoreTime:01-01 00:00:00
2026-06-10 17:01:59 INFO FlushRealTimeService - PERF_COUNTER_FLUSH_DATA_TIME_MS[2026-06-10 09:01:59.145] num:20 cost:10002 tps:2.0096 min:0 max:99999999 tp50:0 tp80:0 tp90:0 tp99:0 tp999:0 0_1:20 2_5:0 6_10:0 11_50:0 51_100:0 101_500:0 501_999:0 1000_:0
2026-06-10 17:02:01 INFO TimerFlushService - [ASYNC_MASTER]Timer progress-check commitRead:[06-10 09:02:01] currRead:[06-10 09:02:01] currWrite:[06-10 09:02:01] readBehind:0 currReadOffset:0 offsetBehind:0 behindMaster:0 enqPutQueue:0 deqGetQueue:0 deqPutQueue:0 allCongestNum:0 enqExpiredStoreTime:01-01 00:00:00
2026-06-10 17:02:06 INFO compactionSchedule_2 - start to scan all topicConfig
2026-06-10 17:02:06 INFO compactionSchedule_2 - scan all topicConfig over
2026-06-10 17:02:09 INFO FlushRealTimeService - PERF_COUNTER_FLUSH_DATA_TIME_MS[2026-06-10 09:02:09.148] num:20 cost:10002 tps:2.0096 min:0 max:99999999 tp50:0 tp80:0 tp90:0 tp99:0 tp999:0 0_1:20 2_5:0 6_10:0 11_50:0 51_100:0 101_500:0 501_999:0 1000_:0
2026-06-10 17:02:12 INFO TimerFlushService - [ASYNC_MASTER]Timer progress-check commitRead:[06-10 09:02:12] currRead:[06-10 09:02:12] currWrite:[06-10 09:02:12] readBehind:0 currReadOffset:0 offsetBehind:0 behindMaster:0 enqPutQueue:0 deqGetQueue:0 deqPutQueue:0 allCongestNum:0 enqExpiredStoreTime:01-01 00:00:00
2026-06-10 17:02:19 INFO FlushRealTimeService - PERF_COUNTER_FLUSH_DATA_TIME_MS[2026-06-10 09:02:19.154] num:20 cost:10005 tps:2.0090 min:0 max:99999999 tp50:0 tp80:0 tp90:0 tp99:0 tp999:0 0_1:20 2_5:0 6_10:0 11_50:0 51_100:0 101_500:0 501_999:0 1000_:0
2026-06-10 17:02:22 INFO TimerFlushService - [ASYNC_MASTER]Timer progress-check commitRead:[06-10 09:02:22] currRead:[06-10 09:02:22] currWrite:[06-10 09:02:22] readBehind:0 currReadOffset:0 offsetBehind:0 behindMaster:0 enqPutQueue:0 deqGetQueue:0 deqPutQueue:0 allCongestNum:0 enqExpiredStoreTime:01-01 00:00:00
2026-06-10 17:02:29 INFO FlushRealTimeService - PERF_COUNTER_FLUSH_DATA_TIME_MS[2026-06-10 09:02:29.156] num:20 cost:10002 tps:2.0096 min:0 max:99999999 tp50:0 tp80:0 tp90:0 tp99:0 tp999:0 0_1:20 2_5:0 6_10:0 11_50:0 51_100:0 101_500:0 501_999:0 1000_:0
2026-06-10 17:02:33 INFO TimerFlushService - [ASYNC_MASTER]Timer progress-check commitRead:[06-10 09:02:32] currRead:[06-10 09:02:32] currWrite:[06-10 09:02:32] readBehind:0 currReadOffset:0 offsetBehind:0 behindMaster:0 enqPutQueue:0 deqGetQueue:0 deqPutQueue:0 allCongestNum:0 enqExpiredStoreTime:01-01 00:00:00
2026-06-10 17:02:36 INFO compactionSchedule_2 - start to scan all topicConfig
2026-06-10 17:02:36 INFO compactionSchedule_2 - scan all topicConfig over
2026-06-10 17:02:37 INFO StoreStatsService - [STORETPS] put_tps 0.0 get_found_tps 0.0 get_miss_tps 41.67360949111874 get_transferred_tps 0.0
2026-06-10 17:02:37 INFO StoreStatsService - findPutMessageEntireTimePX 0.99=0.00ms cost 0ms
2026-06-10 17:02:37 INFO StoreStatsService - findPutMessageEntireTimePX 0.999=0.00ms cost 0ms
2026-06-10 17:02:37 INFO StoreStatsService - [PAGECACHERT] TotalPut 0, PutMessageDistributeTime [<=0ms]:0 [0~10ms]:0 [10~50ms]:0 [50~100ms]:0 [100~200ms]:0 [200~500ms]:0 [500ms~1s]:0 [1~2s]:0 [2~3s]:0 [3~4s]:0 [4~5s]:0 [5~10s]:0 [10s~]:0 
2026-06-10 17:02:39 INFO FlushRealTimeService - PERF_COUNTER_FLUSH_DATA_TIME_MS[2026-06-10 09:02:39.169] num:20 cost:10013 tps:2.0074 min:0 max:99999999 tp50:0 tp80:0 tp90:0 tp99:0 tp999:0 0_1:20 2_5:0 6_10:0 11_50:0 51_100:0 101_500:0 501_999:0 1000_:0
2026-06-10 17:02:43 INFO TimerFlushService - [ASYNC_MASTER]Timer progress-check commitRead:[06-10 09:02:43] currRead:[06-10 09:02:43] currWrite:[06-10 09:02:43] readBehind:0 currReadOffset:0 offsetBehind:0 behindMaster:0 enqPutQueue:0 deqGetQueue:0 deqPutQueue:0 allCongestNum:0 enqExpiredStoreTime:01-01 00:00:00
2026-06-10 17:02:49 INFO FlushRealTimeService - PERF_COUNTER_FLUSH_DATA_TIME_MS[2026-06-10 09:02:49.172] num:20 cost:10003 tps:2.0094 min:0 max:99999999 tp50:0 tp80:0 tp90:0 tp99:0 tp999:0 0_1:20 2_5:0 6_10:0 11_50:0 51_100:0 101_500:0 501_999:0 1000_:0
2026-06-10 17:02:54 INFO TimerFlushService - [ASYNC_MASTER]Timer progress-check commitRead:[06-10 09:02:54] currRead:[06-10 09:02:54] currWrite:[06-10 09:02:54] readBehind:0 currReadOffset:0 offsetBehind:0 behindMaster:0 enqPutQueue:0 deqGetQueue:0 deqPutQueue:0 allCongestNum:0 enqExpiredStoreTime:01-01 00:00:00
2026-06-10 17:02:59 INFO FlushRealTimeService - PERF_COUNTER_FLUSH_DATA_TIME_MS[2026-06-10 09:02:59.175] num:20 cost:10003 tps:2.0094 min:0 max:99999999 tp50:0 tp80:0 tp90:0 tp99:0 tp999:0 0_1:20 2_5:0 6_10:0 11_50:0 51_100:0 101_500:0 501_999:0 1000_:0
2026-06-10 17:03:04 INFO TimerFlushService - [ASYNC_MASTER]Timer progress-check commitRead:[06-10 09:03:04] currRead:[06-10 09:03:04] currWrite:[06-10 09:03:04] readBehind:0 currReadOffset:0 offsetBehind:0 behindMaster:0 enqPutQueue:0 deqGetQueue:0 deqPutQueue:0 allCongestNum:0 enqExpiredStoreTime:01-01 00:00:00
2026-06-10 17:03:06 INFO compactionSchedule_2 - start to scan all topicConfig
2026-06-10 17:03:06 INFO compactionSchedule_2 - scan all topicConfig over
2026-06-10 17:03:09 INFO FlushRealTimeService - PERF_COUNTER_FLUSH_DATA_TIME_MS[2026-06-10 09:03:09.178] num:20 cost:10003 tps:2.0094 min:0 max:1 tp50:0 tp80:0 tp90:0 tp99:1 tp999:1 0_1:20 2_5:0 6_10:0 11_50:0 51_100:0 101_500:0 501_999:0 1000_:0
2026-06-10 17:03:15 INFO TimerFlushService - [ASYNC_MASTER]Timer progress-check commitRead:[06-10 09:03:15] currRead:[06-10 09:03:15] currWrite:[06-10 09:03:15] readBehind:0 currReadOffset:0 offsetBehind:0 behindMaster:0 enqPutQueue:0 deqGetQueue:0 deqPutQueue:0 allCongestNum:0 enqExpiredStoreTime:01-01 00:00:00
2026-06-10 17:03:19 INFO FlushRealTimeService - PERF_COUNTER_FLUSH_DATA_TIME_MS[2026-06-10 09:03:19.181] num:20 cost:10003 tps:2.0094 min:0 max:99999999 tp50:0 tp80:0 tp90:0 tp99:0 tp999:0 0_1:20 2_5:0 6_10:0 11_50:0 51_100:0 101_500:0 501_999:0 1000_:0
2026-06-10 17:03:26 INFO TimerFlushService - [ASYNC_MASTER]Timer progress-check commitRead:[06-10 09:03:26] currRead:[06-10 09:03:26] currWrite:[06-10 09:03:26] readBehind:0 currReadOffset:0 offsetBehind:0 behindMaster:0 enqPutQueue:0 deqGetQueue:0 deqPutQueue:0 allCongestNum:0 enqExpiredStoreTime:01-01 00:00:00
2026-06-10 17:03:29 INFO FlushRealTimeService - PERF_COUNTER_FLUSH_DATA_TIME_MS[2026-06-10 09:03:29.185] num:20 cost:10004 tps:2.0092 min:0 max:99999999 tp50:0 tp80:0 tp90:0 tp99:0 tp999:0 0_1:20 2_5:0 6_10:0 11_50:0 51_100:0 101_500:0 501_999:0 1000_:0
2026-06-10 17:03:36 INFO compactionSchedule_2 - start to scan all topicConfig
2026-06-10 17:03:36 INFO compactionSchedule_2 - scan all topicConfig over
2026-06-10 17:03:36 INFO TimerFlushService - [ASYNC_MASTER]Timer progress-check commitRead:[06-10 09:03:36] currRead:[06-10 09:03:36] currWrite:[06-10 09:03:36] readBehind:0 currReadOffset:0 offsetBehind:0 behindMaster:0 enqPutQueue:0 deqGetQueue:0 deqPutQueue:0 allCongestNum:0 enqExpiredStoreTime:01-01 00:00:00
2026-06-10 17:03:37 INFO StoreStatsService - [STORETPS] put_tps 0.0 get_found_tps 0.0 get_miss_tps 38.491018762288796 get_transferred_tps 0.0
2026-06-10 17:03:37 INFO StoreStatsService - findPutMessageEntireTimePX 0.99=0.00ms cost 0ms
2026-06-10 17:03:37 INFO StoreStatsService - findPutMessageEntireTimePX 0.999=0.00ms cost 0ms
2026-06-10 17:03:37 INFO StoreStatsService - [PAGECACHERT] TotalPut 0, PutMessageDistributeTime [<=0ms]:0 [0~10ms]:0 [10~50ms]:0 [50~100ms]:0 [100~200ms]:0 [200~500ms]:0 [500ms~1s]:0 [1~2s]:0 [2~3s]:0 [3~4s]:0 [4~5s]:0 [5~10s]:0 [10s~]:0 
2026-06-10 17:03:39 INFO FlushRealTimeService - PERF_COUNTER_FLUSH_DATA_TIME_MS[2026-06-10 09:03:39.188] num:20 cost:10003 tps:2.0094 min:0 max:99999999 tp50:0 tp80:0 tp90:0 tp99:0 tp999:0 0_1:20 2_5:0 6_10:0 11_50:0 51_100:0 101_500:0 501_999:0 1000_:0
2026-06-10 17:03:47 INFO TimerFlushService - [ASYNC_MASTER]Timer progress-check commitRead:[06-10 09:03:47] currRead:[06-10 09:03:47] currWrite:[06-10 09:03:47] readBehind:0 currReadOffset:0 offsetBehind:0 behindMaster:0 enqPutQueue:0 deqGetQueue:0 deqPutQueue:0 allCongestNum:0 enqExpiredStoreTime:01-01 00:00:00
2026-06-10 17:03:49 INFO FlushRealTimeService - PERF_COUNTER_FLUSH_DATA_TIME_MS[2026-06-10 09:03:49.191] num:20 cost:10003 tps:2.0094 min:0 max:1 tp50:0 tp80:0 tp90:0 tp99:1 tp999:1 0_1:20 2_5:0 6_10:0 11_50:0 51_100:0 101_500:0 501_999:0 1000_:0
2026-06-10 17:03:57 INFO TimerFlushService - [ASYNC_MASTER]Timer progress-check commitRead:[06-10 09:03:57] currRead:[06-10 09:03:57] currWrite:[06-10 09:03:57] readBehind:0 currReadOffset:0 offsetBehind:0 behindMaster:0 enqPutQueue:0 deqGetQueue:0 deqPutQueue:0 allCongestNum:0 enqExpiredStoreTime:01-01 00:00:00
2026-06-10 17:03:59 INFO FlushRealTimeService - PERF_COUNTER_FLUSH_DATA_TIME_MS[2026-06-10 09:03:59.198] num:20 cost:10007 tps:2.0086 min:0 max:99999999 tp50:0 tp80:0 tp90:0 tp99:0 tp999:0 0_1:20 2_5:0 6_10:0 11_50:0 51_100:0 101_500:0 501_999:0 1000_:0
2026-06-10 17:04:06 INFO compactionSchedule_2 - start to scan all topicConfig
2026-06-10 17:04:06 INFO compactionSchedule_2 - scan all topicConfig over
2026-06-10 17:04:08 INFO TimerFlushService - [ASYNC_MASTER]Timer progress-check commitRead:[06-10 09:04:08] currRead:[06-10 09:04:08] currWrite:[06-10 09:04:08] readBehind:0 currReadOffset:0 offsetBehind:0 behindMaster:0 enqPutQueue:0 deqGetQueue:0 deqPutQueue:0 allCongestNum:0 enqExpiredStoreTime:01-01 00:00:00
2026-06-10 17:04:09 INFO FlushRealTimeService - PERF_COUNTER_FLUSH_DATA_TIME_MS[2026-06-10 09:04:09.201] num:20 cost:10003 tps:2.0094 min:0 max:99999999 tp50:0 tp80:0 tp90:0 tp99:0 tp999:0 0_1:20 2_5:0 6_10:0 11_50:0 51_100:0 101_500:0 501_999:0 1000_:0
2026-06-10 17:04:18 INFO TimerFlushService - [ASYNC_MASTER]Timer progress-check commitRead:[06-10 09:04:18] currRead:[06-10 09:04:18] currWrite:[06-10 09:04:18] readBehind:0 currReadOffset:0 offsetBehind:0 behindMaster:0 enqPutQueue:0 deqGetQueue:0 deqPutQueue:0 allCongestNum:0 enqExpiredStoreTime:01-01 00:00:00
2026-06-10 17:04:19 INFO FlushRealTimeService - PERF_COUNTER_FLUSH_DATA_TIME_MS[2026-06-10 09:04:19.205] num:20 cost:10004 tps:2.0092 min:0 max:99999999 tp50:0 tp80:0 tp90:0 tp99:0 tp999:0 0_1:20 2_5:0 6_10:0 11_50:0 51_100:0 101_500:0 501_999:0 1000_:0
2026-06-10 17:04:29 INFO FlushRealTimeService - PERF_COUNTER_FLUSH_DATA_TIME_MS[2026-06-10 09:04:29.211] num:20 cost:10006 tps:2.0088 min:0 max:99999999 tp50:0 tp80:0 tp90:0 tp99:0 tp999:0 0_1:20 2_5:0 6_10:0 11_50:0 51_100:0 101_500:0 501_999:0 1000_:0
2026-06-10 17:04:29 INFO TimerFlushService - [ASYNC_MASTER]Timer progress-check commitRead:[06-10 09:04:29] currRead:[06-10 09:04:29] currWrite:[06-10 09:04:29] readBehind:0 currReadOffset:0 offsetBehind:0 behindMaster:0 enqPutQueue:0 deqGetQueue:0 deqPutQueue:0 allCongestNum:0 enqExpiredStoreTime:01-01 00:00:00
2026-06-10 17:04:36 INFO compactionSchedule_2 - start to scan all topicConfig
2026-06-10 17:04:36 INFO compactionSchedule_2 - scan all topicConfig over
2026-06-10 17:04:37 INFO StoreStatsService - [STORETPS] put_tps 0.0 get_found_tps 0.0 get_miss_tps 42.72407645010247 get_transferred_tps 0.0
2026-06-10 17:04:37 INFO StoreStatsService - findPutMessageEntireTimePX 0.99=0.00ms cost 0ms
2026-06-10 17:04:37 INFO StoreStatsService - findPutMessageEntireTimePX 0.999=0.00ms cost 0ms
2026-06-10 17:04:37 INFO StoreStatsService - [PAGECACHERT] TotalPut 0, PutMessageDistributeTime [<=0ms]:0 [0~10ms]:0 [10~50ms]:0 [50~100ms]:0 [100~200ms]:0 [200~500ms]:0 [500ms~1s]:0 [1~2s]:0 [2~3s]:0 [3~4s]:0 [4~5s]:0 [5~10s]:0 [10s~]:0 
2026-06-10 17:04:39 INFO FlushRealTimeService - PERF_COUNTER_FLUSH_DATA_TIME_MS[2026-06-10 09:04:39.215] num:20 cost:10004 tps:2.0092 min:0 max:99999999 tp50:0 tp80:0 tp90:0 tp99:0 tp999:0 0_1:20 2_5:0 6_10:0 11_50:0 51_100:0 101_500:0 501_999:0 1000_:0
2026-06-10 17:04:39 INFO TimerFlushService - [ASYNC_MASTER]Timer progress-check commitRead:[06-10 09:04:39] currRead:[06-10 09:04:39] currWrite:[06-10 09:04:39] readBehind:0 currReadOffset:0 offsetBehind:0 behindMaster:0 enqPutQueue:0 deqGetQueue:0 deqPutQueue:0 allCongestNum:0 enqExpiredStoreTime:01-01 00:00:00
2026-06-10 17:04:49 INFO FlushRealTimeService - PERF_COUNTER_FLUSH_DATA_TIME_MS[2026-06-10 09:04:49.221] num:20 cost:10006 tps:2.0088 min:0 max:99999999 tp50:0 tp80:0 tp90:0 tp99:0 tp999:0 0_1:20 2_5:0 6_10:0 11_50:0 51_100:0 101_500:0 501_999:0 1000_:0
2026-06-10 17:04:50 INFO TimerFlushService - [ASYNC_MASTER]Timer progress-check commitRead:[06-10 09:04:50] currRead:[06-10 09:04:50] currWrite:[06-10 09:04:50] readBehind:0 currReadOffset:0 offsetBehind:0 behindMaster:0 enqPutQueue:0 deqGetQueue:0 deqPutQueue:0 allCongestNum:0 enqExpiredStoreTime:01-01 00:00:00
2026-06-10 17:04:59 INFO FlushRealTimeService - PERF_COUNTER_FLUSH_DATA_TIME_MS[2026-06-10 09:04:59.224] num:20 cost:10003 tps:2.0094 min:0 max:99999999 tp50:0 tp80:0 tp90:0 tp99:0 tp999:0 0_1:20 2_5:0 6_10:0 11_50:0 51_100:0 101_500:0 501_999:0 1000_:0
2026-06-10 17:05:01 INFO TimerFlushService - [ASYNC_MASTER]Timer progress-check commitRead:[06-10 09:05:01] currRead:[06-10 09:05:01] currWrite:[06-10 09:05:01] readBehind:0 currReadOffset:0 offsetBehind:0 behindMaster:0 enqPutQueue:0 deqGetQueue:0 deqPutQueue:0 allCongestNum:0 enqExpiredStoreTime:01-01 00:00:00
2026-06-10 17:05:06 INFO compactionSchedule_2 - start to scan all topicConfig
2026-06-10 17:05:06 INFO compactionSchedule_2 - scan all topicConfig over
2026-06-10 17:05:09 INFO FlushRealTimeService - PERF_COUNTER_FLUSH_DATA_TIME_MS[2026-06-10 09:05:09.229] num:20 cost:10005 tps:2.0090 min:0 max:99999999 tp50:0 tp80:0 tp90:0 tp99:0 tp999:0 0_1:20 2_5:0 6_10:0 11_50:0 51_100:0 101_500:0 501_999:0 1000_:0
2026-06-10 17:05:11 INFO TimerFlushService - [ASYNC_MASTER]Timer progress-check commitRead:[06-10 09:05:11] currRead:[06-10 09:05:11] currWrite:[06-10 09:05:11] readBehind:0 currReadOffset:0 offsetBehind:0 behindMaster:0 enqPutQueue:0 deqGetQueue:0 deqPutQueue:0 allCongestNum:0 enqExpiredStoreTime:01-01 00:00:00
2026-06-10 17:05:19 INFO FlushRealTimeService - PERF_COUNTER_FLUSH_DATA_TIME_MS[2026-06-10 09:05:19.233] num:20 cost:10003 tps:2.0094 min:0 max:99999999 tp50:0 tp80:0 tp90:0 tp99:0 tp999:0 0_1:20 2_5:0 6_10:0 11_50:0 51_100:0 101_500:0 501_999:0 1000_:0
2026-06-10 17:05:22 INFO TimerFlushService - [ASYNC_MASTER]Timer progress-check commitRead:[06-10 09:05:22] currRead:[06-10 09:05:22] currWrite:[06-10 09:05:22] readBehind:0 currReadOffset:0 offsetBehind:0 behindMaster:0 enqPutQueue:0 deqGetQueue:0 deqPutQueue:0 allCongestNum:0 enqExpiredStoreTime:01-01 00:00:00
2026-06-10 17:05:29 INFO FlushRealTimeService - PERF_COUNTER_FLUSH_DATA_TIME_MS[2026-06-10 09:05:29.235] num:20 cost:10002 tps:2.0096 min:0 max:99999999 tp50:0 tp80:0 tp90:0 tp99:0 tp999:0 0_1:20 2_5:0 6_10:0 11_50:0 51_100:0 101_500:0 501_999:0 1000_:0
2026-06-10 17:05:33 INFO TimerFlushService - [ASYNC_MASTER]Timer progress-check commitRead:[06-10 09:05:33] currRead:[06-10 09:05:33] currWrite:[06-10 09:05:33] readBehind:0 currReadOffset:0 offsetBehind:0 behindMaster:0 enqPutQueue:0 deqGetQueue:0 deqPutQueue:0 allCongestNum:0 enqExpiredStoreTime:01-01 00:00:00
2026-06-10 17:05:36 INFO compactionSchedule_2 - start to scan all topicConfig
2026-06-10 17:05:36 INFO compactionSchedule_2 - scan all topicConfig over
2026-06-10 17:05:37 INFO StoreStatsService - [STORETPS] put_tps 0.0 get_found_tps 0.0 get_miss_tps 39.42544824368459 get_transferred_tps 0.0
2026-06-10 17:05:37 INFO StoreStatsService - findPutMessageEntireTimePX 0.99=0.00ms cost 0ms
2026-06-10 17:05:37 INFO StoreStatsService - findPutMessageEntireTimePX 0.999=0.00ms cost 0ms
2026-06-10 17:05:37 INFO StoreStatsService - [PAGECACHERT] TotalPut 0, PutMessageDistributeTime [<=0ms]:0 [0~10ms]:0 [10~50ms]:0 [50~100ms]:0 [100~200ms]:0 [200~500ms]:0 [500ms~1s]:0 [1~2s]:0 [2~3s]:0 [3~4s]:0 [4~5s]:0 [5~10s]:0 [10s~]:0 
2026-06-10 17:05:39 INFO FlushRealTimeService - PERF_COUNTER_FLUSH_DATA_TIME_MS[2026-06-10 09:05:39.238] num:20 cost:10003 tps:2.0094 min:0 max:99999999 tp50:0 tp80:0 tp90:0 tp99:0 tp999:0 0_1:20 2_5:0 6_10:0 11_50:0 51_100:0 101_500:0 501_999:0 1000_:0
2026-06-10 17:05:43 INFO TimerFlushService - [ASYNC_MASTER]Timer progress-check commitRead:[06-10 09:05:43] currRead:[06-10 09:05:43] currWrite:[06-10 09:05:43] readBehind:0 currReadOffset:0 offsetBehind:0 behindMaster:0 enqPutQueue:0 deqGetQueue:0 deqPutQueue:0 allCongestNum:0 enqExpiredStoreTime:01-01 00:00:00
2026-06-10 17:05:49 INFO FlushRealTimeService - PERF_COUNTER_FLUSH_DATA_TIME_MS[2026-06-10 09:05:49.241] num:20 cost:10003 tps:2.0094 min:0 max:99999999 tp50:0 tp80:0 tp90:0 tp99:0 tp999:0 0_1:20 2_5:0 6_10:0 11_50:0 51_100:0 101_500:0 501_999:0 1000_:0
2026-06-10 17:05:54 INFO TimerFlushService - [ASYNC_MASTER]Timer progress-check commitRead:[06-10 09:05:54] currRead:[06-10 09:05:54] currWrite:[06-10 09:05:54] readBehind:0 currReadOffset:0 offsetBehind:0 behindMaster:0 enqPutQueue:0 deqGetQueue:0 deqPutQueue:0 allCongestNum:0 enqExpiredStoreTime:01-01 00:00:00
2026-06-10 17:05:59 INFO FlushRealTimeService - PERF_COUNTER_FLUSH_DATA_TIME_MS[2026-06-10 09:05:59.244] num:20 cost:10003 tps:2.0094 min:0 max:99999999 tp50:0 tp80:0 tp90:0 tp99:0 tp999:0 0_1:20 2_5:0 6_10:0 11_50:0 51_100:0 101_500:0 501_999:0 1000_:0
2026-06-10 17:06:05 INFO TimerFlushService - [ASYNC_MASTER]Timer progress-check commitRead:[06-10 09:06:05] currRead:[06-10 09:06:05] currWrite:[06-10 09:06:05] readBehind:0 currReadOffset:0 offsetBehind:0 behindMaster:0 enqPutQueue:0 deqGetQueue:0 deqPutQueue:0 allCongestNum:0 enqExpiredStoreTime:01-01 00:00:00
2026-06-10 17:06:06 INFO compactionSchedule_2 - start to scan all topicConfig
2026-06-10 17:06:06 INFO compactionSchedule_2 - scan all topicConfig over
2026-06-10 17:06:09 INFO FlushRealTimeService - PERF_COUNTER_FLUSH_DATA_TIME_MS[2026-06-10 09:06:09.247] num:20 cost:10003 tps:2.0094 min:0 max:99999999 tp50:0 tp80:0 tp90:0 tp99:0 tp999:0 0_1:20 2_5:0 6_10:0 11_50:0 51_100:0 101_500:0 501_999:0 1000_:0
2026-06-10 17:06:15 INFO TimerFlushService - [ASYNC_MASTER]Timer progress-check commitRead:[06-10 09:06:15] currRead:[06-10 09:06:15] currWrite:[06-10 09:06:15] readBehind:0 currReadOffset:0 offsetBehind:0 behindMaster:0 enqPutQueue:0 deqGetQueue:0 deqPutQueue:0 allCongestNum:0 enqExpiredStoreTime:01-01 00:00:00
2026-06-10 17:06:19 INFO FlushRealTimeService - PERF_COUNTER_FLUSH_DATA_TIME_MS[2026-06-10 09:06:19.25] num:20 cost:10003 tps:2.0094 min:0 max:99999999 tp50:0 tp80:0 tp90:0 tp99:0 tp999:0 0_1:20 2_5:0 6_10:0 11_50:0 51_100:0 101_500:0 501_999:0 1000_:0
2026-06-10 17:06:26 INFO TimerFlushService - [ASYNC_MASTER]Timer progress-check commitRead:[06-10 09:06:26] currRead:[06-10 09:06:26] currWrite:[06-10 09:06:26] readBehind:0 currReadOffset:0 offsetBehind:0 behindMaster:0 enqPutQueue:0 deqGetQueue:0 deqPutQueue:0 allCongestNum:0 enqExpiredStoreTime:01-01 00:00:00
2026-06-10 17:06:29 INFO FlushRealTimeService - PERF_COUNTER_FLUSH_DATA_TIME_MS[2026-06-10 09:06:29.253] num:20 cost:10003 tps:2.0094 min:0 max:99999999 tp50:0 tp80:0 tp90:0 tp99:0 tp999:0 0_1:20 2_5:0 6_10:0 11_50:0 51_100:0 101_500:0 501_999:0 1000_:0
2026-06-10 17:06:36 INFO compactionSchedule_2 - start to scan all topicConfig
2026-06-10 17:06:36 INFO compactionSchedule_2 - scan all topicConfig over
2026-06-10 17:06:36 INFO TimerFlushService - [ASYNC_MASTER]Timer progress-check commitRead:[06-10 09:06:36] currRead:[06-10 09:06:36] currWrite:[06-10 09:06:36] readBehind:0 currReadOffset:0 offsetBehind:0 behindMaster:0 enqPutQueue:0 deqGetQueue:0 deqPutQueue:0 allCongestNum:0 enqExpiredStoreTime:01-01 00:00:00
2026-06-10 17:06:37 INFO StoreStatsService - [STORETPS] put_tps 0.0 get_found_tps 0.0 get_miss_tps 40.6905055487053 get_transferred_tps 0.0
2026-06-10 17:06:37 INFO StoreStatsService - findPutMessageEntireTimePX 0.99=0.00ms cost 0ms
2026-06-10 17:06:37 INFO StoreStatsService - findPutMessageEntireTimePX 0.999=0.00ms cost 0ms
2026-06-10 17:06:37 INFO StoreStatsService - [PAGECACHERT] TotalPut 0, PutMessageDistributeTime [<=0ms]:0 [0~10ms]:0 [10~50ms]:0 [50~100ms]:0 [100~200ms]:0 [200~500ms]:0 [500ms~1s]:0 [1~2s]:0 [2~3s]:0 [3~4s]:0 [4~5s]:0 [5~10s]:0 [10s~]:0 
2026-06-10 17:06:39 INFO FlushRealTimeService - PERF_COUNTER_FLUSH_DATA_TIME_MS[2026-06-10 09:06:39.257] num:20 cost:10004 tps:2.0092 min:0 max:99999999 tp50:0 tp80:0 tp90:0 tp99:0 tp999:0 0_1:20 2_5:0 6_10:0 11_50:0 51_100:0 101_500:0 501_999:0 1000_:0
2026-06-10 17:06:47 INFO TimerFlushService - [ASYNC_MASTER]Timer progress-check commitRead:[06-10 09:06:47] currRead:[06-10 09:06:47] currWrite:[06-10 09:06:47] readBehind:0 currReadOffset:0 offsetBehind:0 behindMaster:0 enqPutQueue:0 deqGetQueue:0 deqPutQueue:0 allCongestNum:0 enqExpiredStoreTime:01-01 00:00:00
2026-06-10 17:06:49 INFO FlushRealTimeService - PERF_COUNTER_FLUSH_DATA_TIME_MS[2026-06-10 09:06:49.26] num:20 cost:10003 tps:2.0094 min:0 max:99999999 tp50:0 tp80:0 tp90:0 tp99:0 tp999:0 0_1:20 2_5:0 6_10:0 11_50:0 51_100:0 101_500:0 501_999:0 1000_:0
2026-06-10 17:06:57 INFO TimerFlushService - [ASYNC_MASTER]Timer progress-check commitRead:[06-10 09:06:57] currRead:[06-10 09:06:57] currWrite:[06-10 09:06:57] readBehind:0 currReadOffset:0 offsetBehind:0 behindMaster:0 enqPutQueue:0 deqGetQueue:0 deqPutQueue:0 allCongestNum:0 enqExpiredStoreTime:01-01 00:00:00
2026-06-10 17:06:59 INFO FlushRealTimeService - PERF_COUNTER_FLUSH_DATA_TIME_MS[2026-06-10 09:06:59.262] num:20 cost:10002 tps:2.0096 min:0 max:99999999 tp50:0 tp80:0 tp90:0 tp99:0 tp999:0 0_1:20 2_5:0 6_10:0 11_50:0 51_100:0 101_500:0 501_999:0 1000_:0
2026-06-10 17:07:06 INFO compactionSchedule_2 - start to scan all topicConfig
2026-06-10 17:07:06 INFO compactionSchedule_2 - scan all topicConfig over
2026-06-10 17:07:08 INFO TimerFlushService - [ASYNC_MASTER]Timer progress-check commitRead:[06-10 09:07:08] currRead:[06-10 09:07:08] currWrite:[06-10 09:07:08] readBehind:0 currReadOffset:0 offsetBehind:0 behindMaster:0 enqPutQueue:0 deqGetQueue:0 deqPutQueue:0 allCongestNum:0 enqExpiredStoreTime:01-01 00:00:00
2026-06-10 17:07:09 INFO FlushRealTimeService - PERF_COUNTER_FLUSH_DATA_TIME_MS[2026-06-10 09:07:09.265] num:20 cost:10003 tps:2.0094 min:0 max:99999999 tp50:0 tp80:0 tp90:0 tp99:0 tp999:0 0_1:20 2_5:0 6_10:0 11_50:0 51_100:0 101_500:0 501_999:0 1000_:0
2026-06-10 17:07:19 INFO TimerFlushService - [ASYNC_MASTER]Timer progress-check commitRead:[06-10 09:07:19] currRead:[06-10 09:07:19] currWrite:[06-10 09:07:19] readBehind:0 currReadOffset:0 offsetBehind:0 behindMaster:0 enqPutQueue:0 deqGetQueue:0 deqPutQueue:0 allCongestNum:0 enqExpiredStoreTime:01-01 00:00:00
2026-06-10 17:07:19 INFO FlushRealTimeService - PERF_COUNTER_FLUSH_DATA_TIME_MS[2026-06-10 09:07:19.268] num:20 cost:10003 tps:2.0094 min:0 max:99999999 tp50:0 tp80:0 tp90:0 tp99:0 tp999:0 0_1:20 2_5:0 6_10:0 11_50:0 51_100:0 101_500:0 501_999:0 1000_:0
2026-06-10 17:07:29 INFO FlushRealTimeService - PERF_COUNTER_FLUSH_DATA_TIME_MS[2026-06-10 09:07:29.271] num:20 cost:10003 tps:2.0094 min:0 max:99999999 tp50:0 tp80:0 tp90:0 tp99:0 tp999:0 0_1:20 2_5:0 6_10:0 11_50:0 51_100:0 101_500:0 501_999:0 1000_:0
2026-06-10 17:07:29 INFO TimerFlushService - [ASYNC_MASTER]Timer progress-check commitRead:[06-10 09:07:29] currRead:[06-10 09:07:29] currWrite:[06-10 09:07:29] readBehind:0 currReadOffset:0 offsetBehind:0 behindMaster:0 enqPutQueue:0 deqGetQueue:0 deqPutQueue:0 allCongestNum:0 enqExpiredStoreTime:01-01 00:00:00
2026-06-10 17:07:36 INFO compactionSchedule_2 - start to scan all topicConfig
2026-06-10 17:07:36 INFO compactionSchedule_2 - scan all topicConfig over
2026-06-10 17:07:37 INFO StoreStatsService - [STORETPS] put_tps 0.0 get_found_tps 0.0 get_miss_tps 41.559047507956876 get_transferred_tps 0.0
2026-06-10 17:07:37 INFO StoreStatsService - findPutMessageEntireTimePX 0.99=0.00ms cost 0ms
2026-06-10 17:07:37 INFO StoreStatsService - findPutMessageEntireTimePX 0.999=0.00ms cost 0ms
2026-06-10 17:07:37 INFO StoreStatsService - [PAGECACHERT] TotalPut 0, PutMessageDistributeTime [<=0ms]:0 [0~10ms]:0 [10~50ms]:0 [50~100ms]:0 [100~200ms]:0 [200~500ms]:0 [500ms~1s]:0 [1~2s]:0 [2~3s]:0 [3~4s]:0 [4~5s]:0 [5~10s]:0 [10s~]:0 
2026-06-10 17:07:39 INFO FlushRealTimeService - PERF_COUNTER_FLUSH_DATA_TIME_MS[2026-06-10 09:07:39.273] num:20 cost:10002 tps:2.0096 min:0 max:99999999 tp50:0 tp80:0 tp90:0 tp99:0 tp999:0 0_1:20 2_5:0 6_10:0 11_50:0 51_100:0 101_500:0 501_999:0 1000_:0
2026-06-10 17:07:40 INFO TimerFlushService - [ASYNC_MASTER]Timer progress-check commitRead:[06-10 09:07:40] currRead:[06-10 09:07:40] currWrite:[06-10 09:07:40] readBehind:0 currReadOffset:0 offsetBehind:0 behindMaster:0 enqPutQueue:0 deqGetQueue:0 deqPutQueue:0 allCongestNum:0 enqExpiredStoreTime:01-01 00:00:00
2026-06-10 17:07:49 INFO FlushRealTimeService - PERF_COUNTER_FLUSH_DATA_TIME_MS[2026-06-10 09:07:49.277] num:20 cost:10002 tps:2.0096 min:0 max:99999999 tp50:0 tp80:0 tp90:0 tp99:0 tp999:0 0_1:20 2_5:0 6_10:0 11_50:0 51_100:0 101_500:0 501_999:0 1000_:0
2026-06-10 17:07:50 INFO TimerFlushService - [ASYNC_MASTER]Timer progress-check commitRead:[06-10 09:07:50] currRead:[06-10 09:07:50] currWrite:[06-10 09:07:50] readBehind:0 currReadOffset:0 offsetBehind:0 behindMaster:0 enqPutQueue:0 deqGetQueue:0 deqPutQueue:0 allCongestNum:0 enqExpiredStoreTime:01-01 00:00:00
2026-06-10 17:07:59 INFO FlushRealTimeService - PERF_COUNTER_FLUSH_DATA_TIME_MS[2026-06-10 09:07:59.282] num:20 cost:10004 tps:2.0092 min:0 max:99999999 tp50:0 tp80:0 tp90:0 tp99:0 tp999:0 0_1:20 2_5:0 6_10:0 11_50:0 51_100:0 101_500:0 501_999:0 1000_:0
2026-06-10 17:08:01 INFO TimerFlushService - [ASYNC_MASTER]Timer progress-check commitRead:[06-10 09:08:01] currRead:[06-10 09:08:01] currWrite:[06-10 09:08:01] readBehind:0 currReadOffset:0 offsetBehind:0 behindMaster:0 enqPutQueue:0 deqGetQueue:0 deqPutQueue:0 allCongestNum:0 enqExpiredStoreTime:01-01 00:00:00
2026-06-10 17:08:06 INFO compactionSchedule_2 - start to scan all topicConfig
2026-06-10 17:08:06 INFO compactionSchedule_2 - scan all topicConfig over
2026-06-10 17:08:09 INFO FlushRealTimeService - PERF_COUNTER_FLUSH_DATA_TIME_MS[2026-06-10 09:08:09.285] num:20 cost:10003 tps:2.0094 min:0 max:1 tp50:0 tp80:0 tp90:0 tp99:1 tp999:1 0_1:20 2_5:0 6_10:0 11_50:0 51_100:0 101_500:0 501_999:0 1000_:0
2026-06-10 17:08:11 INFO TimerFlushService - [ASYNC_MASTER]Timer progress-check commitRead:[06-10 09:08:11] currRead:[06-10 09:08:11] currWrite:[06-10 09:08:11] readBehind:0 currReadOffset:0 offsetBehind:0 behindMaster:0 enqPutQueue:0 deqGetQueue:0 deqPutQueue:0 allCongestNum:0 enqExpiredStoreTime:01-01 00:00:00
2026-06-10 17:08:19 INFO FlushRealTimeService - PERF_COUNTER_FLUSH_DATA_TIME_MS[2026-06-10 09:08:19.288] num:20 cost:10002 tps:2.0096 min:0 max:99999999 tp50:0 tp80:0 tp90:0 tp99:0 tp999:0 0_1:20 2_5:0 6_10:0 11_50:0 51_100:0 101_500:0 501_999:0 1000_:0
2026-06-10 17:08:22 INFO TimerFlushService - [ASYNC_MASTER]Timer progress-check commitRead:[06-10 09:08:22] currRead:[06-10 09:08:22] currWrite:[06-10 09:08:22] readBehind:0 currReadOffset:0 offsetBehind:0 behindMaster:0 enqPutQueue:0 deqGetQueue:0 deqPutQueue:0 allCongestNum:0 enqExpiredStoreTime:01-01 00:00:00
2026-06-10 17:08:29 INFO FlushRealTimeService - PERF_COUNTER_FLUSH_DATA_TIME_MS[2026-06-10 09:08:29.291] num:20 cost:10003 tps:2.0094 min:0 max:99999999 tp50:0 tp80:0 tp90:0 tp99:0 tp999:0 0_1:20 2_5:0 6_10:0 11_50:0 51_100:0 101_500:0 501_999:0 1000_:0
2026-06-10 17:08:32 INFO TimerFlushService - [ASYNC_MASTER]Timer progress-check commitRead:[06-10 09:08:32] currRead:[06-10 09:08:32] currWrite:[06-10 09:08:32] readBehind:0 currReadOffset:0 offsetBehind:0 behindMaster:0 enqPutQueue:0 deqGetQueue:0 deqPutQueue:0 allCongestNum:0 enqExpiredStoreTime:01-01 00:00:00
2026-06-10 17:08:36 INFO compactionSchedule_2 - start to scan all topicConfig
2026-06-10 17:08:36 INFO compactionSchedule_2 - scan all topicConfig over
2026-06-10 17:08:37 INFO StoreStatsService - [STORETPS] put_tps 0.0 get_found_tps 0.0 get_miss_tps 38.57626101881321 get_transferred_tps 0.0
2026-06-10 17:08:37 INFO StoreStatsService - findPutMessageEntireTimePX 0.99=0.00ms cost 1ms
2026-06-10 17:08:37 INFO StoreStatsService - findPutMessageEntireTimePX 0.999=0.00ms cost 0ms
2026-06-10 17:08:37 INFO StoreStatsService - [PAGECACHERT] TotalPut 0, PutMessageDistributeTime [<=0ms]:0 [0~10ms]:0 [10~50ms]:0 [50~100ms]:0 [100~200ms]:0 [200~500ms]:0 [500ms~1s]:0 [1~2s]:0 [2~3s]:0 [3~4s]:0 [4~5s]:0 [5~10s]:0 [10s~]:0 
2026-06-10 17:08:39 INFO FlushRealTimeService - PERF_COUNTER_FLUSH_DATA_TIME_MS[2026-06-10 09:08:39.295] num:20 cost:10004 tps:2.0092 min:0 max:99999999 tp50:0 tp80:0 tp90:0 tp99:0 tp999:0 0_1:20 2_5:0 6_10:0 11_50:0 51_100:0 101_500:0 501_999:0 1000_:0
2026-06-10 17:08:43 INFO TimerFlushService - [ASYNC_MASTER]Timer progress-check commitRead:[06-10 09:08:43] currRead:[06-10 09:08:43] currWrite:[06-10 09:08:43] readBehind:0 currReadOffset:0 offsetBehind:0 behindMaster:0 enqPutQueue:0 deqGetQueue:0 deqPutQueue:0 allCongestNum:0 enqExpiredStoreTime:01-01 00:00:00
2026-06-10 17:08:49 INFO FlushRealTimeService - PERF_COUNTER_FLUSH_DATA_TIME_MS[2026-06-10 09:08:49.297] num:20 cost:10002 tps:2.0096 min:0 max:99999999 tp50:0 tp80:0 tp90:0 tp99:0 tp999:0 0_1:20 2_5:0 6_10:0 11_50:0 51_100:0 101_500:0 501_999:0 1000_:0
2026-06-10 17:08:53 INFO TimerFlushService - [ASYNC_MASTER]Timer progress-check commitRead:[06-10 09:08:53] currRead:[06-10 09:08:53] currWrite:[06-10 09:08:53] readBehind:0 currReadOffset:0 offsetBehind:0 behindMaster:0 enqPutQueue:0 deqGetQueue:0 deqPutQueue:0 allCongestNum:0 enqExpiredStoreTime:01-01 00:00:00
2026-06-10 17:08:59 INFO FlushRealTimeService - PERF_COUNTER_FLUSH_DATA_TIME_MS[2026-06-10 09:08:59.301] num:20 cost:10003 tps:2.0094 min:0 max:99999999 tp50:0 tp80:0 tp90:0 tp99:0 tp999:0 0_1:20 2_5:0 6_10:0 11_50:0 51_100:0 101_500:0 501_999:0 1000_:0
2026-06-10 17:09:04 INFO TimerFlushService - [ASYNC_MASTER]Timer progress-check commitRead:[06-10 09:09:04] currRead:[06-10 09:09:04] currWrite:[06-10 09:09:04] readBehind:0 currReadOffset:0 offsetBehind:0 behindMaster:0 enqPutQueue:0 deqGetQueue:0 deqPutQueue:0 allCongestNum:0 enqExpiredStoreTime:01-01 00:00:00
2026-06-10 17:09:06 INFO compactionSchedule_2 - start to scan all topicConfig
2026-06-10 17:09:06 INFO compactionSchedule_2 - scan all topicConfig over
2026-06-10 17:09:09 INFO FlushRealTimeService - PERF_COUNTER_FLUSH_DATA_TIME_MS[2026-06-10 09:09:09.304] num:20 cost:10003 tps:2.0094 min:0 max:99999999 tp50:0 tp80:0 tp90:0 tp99:0 tp999:0 0_1:20 2_5:0 6_10:0 11_50:0 51_100:0 101_500:0 501_999:0 1000_:0
2026-06-10 17:09:14 INFO TimerFlushService - [ASYNC_MASTER]Timer progress-check commitRead:[06-10 09:09:14] currRead:[06-10 09:09:14] currWrite:[06-10 09:09:14] readBehind:0 currReadOffset:0 offsetBehind:0 behindMaster:0 enqPutQueue:0 deqGetQueue:0 deqPutQueue:0 allCongestNum:0 enqExpiredStoreTime:01-01 00:00:00
2026-06-10 17:09:19 INFO FlushRealTimeService - PERF_COUNTER_FLUSH_DATA_TIME_MS[2026-06-10 09:09:19.307] num:20 cost:10003 tps:2.0094 min:0 max:99999999 tp50:0 tp80:0 tp90:0 tp99:0 tp999:0 0_1:20 2_5:0 6_10:0 11_50:0 51_100:0 101_500:0 501_999:0 1000_:0
2026-06-10 17:09:25 INFO TimerFlushService - [ASYNC_MASTER]Timer progress-check commitRead:[06-10 09:09:25] currRead:[06-10 09:09:25] currWrite:[06-10 09:09:25] readBehind:0 currReadOffset:0 offsetBehind:0 behindMaster:0 enqPutQueue:0 deqGetQueue:0 deqPutQueue:0 allCongestNum:0 enqExpiredStoreTime:01-01 00:00:00
2026-06-10 17:09:29 INFO FlushRealTimeService - PERF_COUNTER_FLUSH_DATA_TIME_MS[2026-06-10 09:09:29.314] num:20 cost:10007 tps:2.0086 min:0 max:1 tp50:0 tp80:0 tp90:0 tp99:1 tp999:1 0_1:20 2_5:0 6_10:0 11_50:0 51_100:0 101_500:0 501_999:0 1000_:0
2026-06-10 17:09:35 INFO TimerFlushService - [ASYNC_MASTER]Timer progress-check commitRead:[06-10 09:09:35] currRead:[06-10 09:09:35] currWrite:[06-10 09:09:35] readBehind:0 currReadOffset:0 offsetBehind:0 behindMaster:0 enqPutQueue:0 deqGetQueue:0 deqPutQueue:0 allCongestNum:0 enqExpiredStoreTime:01-01 00:00:00
2026-06-10 17:09:36 INFO compactionSchedule_2 - start to scan all topicConfig
2026-06-10 17:09:36 INFO compactionSchedule_2 - scan all topicConfig over
2026-06-10 17:09:37 INFO StoreStatsService - [STORETPS] put_tps 0.0 get_found_tps 0.0 get_miss_tps 42.75954007665389 get_transferred_tps 0.0
2026-06-10 17:09:37 INFO StoreStatsService - findPutMessageEntireTimePX 0.99=0.00ms cost 0ms
2026-06-10 17:09:37 INFO StoreStatsService - findPutMessageEntireTimePX 0.999=0.00ms cost 0ms
2026-06-10 17:09:37 INFO StoreStatsService - [PAGECACHERT] TotalPut 0, PutMessageDistributeTime [<=0ms]:0 [0~10ms]:0 [10~50ms]:0 [50~100ms]:0 [100~200ms]:0 [200~500ms]:0 [500ms~1s]:0 [1~2s]:0 [2~3s]:0 [3~4s]:0 [4~5s]:0 [5~10s]:0 [10s~]:0 
2026-06-10 17:09:39 INFO FlushRealTimeService - PERF_COUNTER_FLUSH_DATA_TIME_MS[2026-06-10 09:09:39.318] num:20 cost:10004 tps:2.0092 min:0 max:99999999 tp50:0 tp80:0 tp90:0 tp99:0 tp999:0 0_1:20 2_5:0 6_10:0 11_50:0 51_100:0 101_500:0 501_999:0 1000_:0
2026-06-10 17:09:46 INFO TimerFlushService - [ASYNC_MASTER]Timer progress-check commitRead:[06-10 09:09:46] currRead:[06-10 09:09:46] currWrite:[06-10 09:09:46] readBehind:0 currReadOffset:0 offsetBehind:0 behindMaster:0 enqPutQueue:0 deqGetQueue:0 deqPutQueue:0 allCongestNum:0 enqExpiredStoreTime:01-01 00:00:00
2026-06-10 17:09:49 INFO FlushRealTimeService - PERF_COUNTER_FLUSH_DATA_TIME_MS[2026-06-10 09:09:49.322] num:20 cost:10004 tps:2.0092 min:0 max:99999999 tp50:0 tp80:0 tp90:0 tp99:0 tp999:0 0_1:20 2_5:0 6_10:0 11_50:0 51_100:0 101_500:0 501_999:0 1000_:0
2026-06-10 17:09:57 INFO TimerFlushService - [ASYNC_MASTER]Timer progress-check commitRead:[06-10 09:09:57] currRead:[06-10 09:09:57] currWrite:[06-10 09:09:57] readBehind:0 currReadOffset:0 offsetBehind:0 behindMaster:0 enqPutQueue:0 deqGetQueue:0 deqPutQueue:0 allCongestNum:0 enqExpiredStoreTime:01-01 00:00:00
2026-06-10 17:09:59 INFO FlushRealTimeService - PERF_COUNTER_FLUSH_DATA_TIME_MS[2026-06-10 09:09:59.328] num:20 cost:10006 tps:2.0088 min:0 max:99999999 tp50:0 tp80:0 tp90:0 tp99:0 tp999:0 0_1:20 2_5:0 6_10:0 11_50:0 51_100:0 101_500:0 501_999:0 1000_:0
2026-06-10 17:10:06 INFO compactionSchedule_2 - start to scan all topicConfig
2026-06-10 17:10:06 INFO compactionSchedule_2 - scan all topicConfig over
2026-06-10 17:10:08 INFO TimerFlushService - [ASYNC_MASTER]Timer progress-check commitRead:[06-10 09:10:08] currRead:[06-10 09:10:08] currWrite:[06-10 09:10:08] readBehind:0 currReadOffset:0 offsetBehind:0 behindMaster:0 enqPutQueue:0 deqGetQueue:0 deqPutQueue:0 allCongestNum:0 enqExpiredStoreTime:01-01 00:00:00
2026-06-10 17:10:09 INFO FlushRealTimeService - PERF_COUNTER_FLUSH_DATA_TIME_MS[2026-06-10 09:10:09.334] num:20 cost:10006 tps:2.0088 min:0 max:99999999 tp50:0 tp80:0 tp90:0 tp99:0 tp999:0 0_1:20 2_5:0 6_10:0 11_50:0 51_100:0 101_500:0 501_999:0 1000_:0
2026-06-10 17:10:18 INFO TimerFlushService - [ASYNC_MASTER]Timer progress-check commitRead:[06-10 09:10:18] currRead:[06-10 09:10:18] currWrite:[06-10 09:10:18] readBehind:0 currReadOffset:0 offsetBehind:0 behindMaster:0 enqPutQueue:0 deqGetQueue:0 deqPutQueue:0 allCongestNum:0 enqExpiredStoreTime:01-01 00:00:00
2026-06-10 17:10:19 INFO FlushRealTimeService - PERF_COUNTER_FLUSH_DATA_TIME_MS[2026-06-10 09:10:19.34] num:20 cost:10006 tps:2.0088 min:0 max:99999999 tp50:0 tp80:0 tp90:0 tp99:0 tp999:0 0_1:20 2_5:0 6_10:0 11_50:0 51_100:0 101_500:0 501_999:0 1000_:0
2026-06-10 17:10:29 INFO FlushRealTimeService - PERF_COUNTER_FLUSH_DATA_TIME_MS[2026-06-10 09:10:29.344] num:20 cost:10004 tps:2.0092 min:0 max:99999999 tp50:0 tp80:0 tp90:0 tp99:0 tp999:0 0_1:20 2_5:0 6_10:0 11_50:0 51_100:0 101_500:0 501_999:0 1000_:0
2026-06-10 17:10:29 INFO TimerFlushService - [ASYNC_MASTER]Timer progress-check commitRead:[06-10 09:10:29] currRead:[06-10 09:10:29] currWrite:[06-10 09:10:29] readBehind:0 currReadOffset:0 offsetBehind:0 behindMaster:0 enqPutQueue:0 deqGetQueue:0 deqPutQueue:0 allCongestNum:0 enqExpiredStoreTime:01-01 00:00:00
2026-06-10 17:10:36 INFO compactionSchedule_2 - start to scan all topicConfig
2026-06-10 17:10:36 INFO compactionSchedule_2 - scan all topicConfig over
2026-06-10 17:10:37 INFO StoreStatsService - [STORETPS] put_tps 0.0 get_found_tps 0.0 get_miss_tps 39.3068399566775 get_transferred_tps 0.0
2026-06-10 17:10:37 INFO StoreStatsService - findPutMessageEntireTimePX 0.99=0.00ms cost 0ms
2026-06-10 17:10:37 INFO StoreStatsService - findPutMessageEntireTimePX 0.999=0.00ms cost 0ms
2026-06-10 17:10:37 INFO StoreStatsService - [PAGECACHERT] TotalPut 0, PutMessageDistributeTime [<=0ms]:0 [0~10ms]:0 [10~50ms]:0 [50~100ms]:0 [100~200ms]:0 [200~500ms]:0 [500ms~1s]:0 [1~2s]:0 [2~3s]:0 [3~4s]:0 [4~5s]:0 [5~10s]:0 [10s~]:0 
2026-06-10 17:10:39 INFO FlushRealTimeService - PERF_COUNTER_FLUSH_DATA_TIME_MS[2026-06-10 09:10:39.347] num:20 cost:10003 tps:2.0094 min:0 max:99999999 tp50:0 tp80:0 tp90:0 tp99:0 tp999:0 0_1:20 2_5:0 6_10:0 11_50:0 51_100:0 101_500:0 501_999:0 1000_:0
2026-06-10 17:10:40 INFO TimerFlushService - [ASYNC_MASTER]Timer progress-check commitRead:[06-10 09:10:40] currRead:[06-10 09:10:40] currWrite:[06-10 09:10:40] readBehind:0 currReadOffset:0 offsetBehind:0 behindMaster:0 enqPutQueue:0 deqGetQueue:0 deqPutQueue:0 allCongestNum:0 enqExpiredStoreTime:01-01 00:00:00
2026-06-10 17:10:49 INFO FlushRealTimeService - PERF_COUNTER_FLUSH_DATA_TIME_MS[2026-06-10 09:10:49.351] num:20 cost:10003 tps:2.0094 min:0 max:99999999 tp50:0 tp80:0 tp90:0 tp99:0 tp999:0 0_1:20 2_5:0 6_10:0 11_50:0 51_100:0 101_500:0 501_999:0 1000_:0
2026-06-10 17:10:50 INFO TimerFlushService - [ASYNC_MASTER]Timer progress-check commitRead:[06-10 09:10:50] currRead:[06-10 09:10:50] currWrite:[06-10 09:10:50] readBehind:0 currReadOffset:0 offsetBehind:0 behindMaster:0 enqPutQueue:0 deqGetQueue:0 deqPutQueue:0 allCongestNum:0 enqExpiredStoreTime:01-01 00:00:00
2026-06-10 17:10:59 INFO FlushRealTimeService - PERF_COUNTER_FLUSH_DATA_TIME_MS[2026-06-10 09:10:59.354] num:20 cost:10003 tps:2.0094 min:0 max:99999999 tp50:0 tp80:0 tp90:0 tp99:0 tp999:0 0_1:20 2_5:0 6_10:0 11_50:0 51_100:0 101_500:0 501_999:0 1000_:0
2026-06-10 17:11:01 INFO TimerFlushService - [ASYNC_MASTER]Timer progress-check commitRead:[06-10 09:11:01] currRead:[06-10 09:11:01] currWrite:[06-10 09:11:01] readBehind:0 currReadOffset:0 offsetBehind:0 behindMaster:0 enqPutQueue:0 deqGetQueue:0 deqPutQueue:0 allCongestNum:0 enqExpiredStoreTime:01-01 00:00:00
2026-06-10 17:11:06 INFO compactionSchedule_2 - start to scan all topicConfig
2026-06-10 17:11:06 INFO compactionSchedule_2 - scan all topicConfig over
2026-06-10 17:11:09 INFO FlushRealTimeService - PERF_COUNTER_FLUSH_DATA_TIME_MS[2026-06-10 09:11:09.361] num:20 cost:10007 tps:2.0086 min:0 max:99999999 tp50:0 tp80:0 tp90:0 tp99:0 tp999:0 0_1:20 2_5:0 6_10:0 11_50:0 51_100:0 101_500:0 501_999:0 1000_:0
2026-06-10 17:11:11 INFO TimerFlushService - [ASYNC_MASTER]Timer progress-check commitRead:[06-10 09:11:11] currRead:[06-10 09:11:11] currWrite:[06-10 09:11:11] readBehind:0 currReadOffset:0 offsetBehind:0 behindMaster:0 enqPutQueue:0 deqGetQueue:0 deqPutQueue:0 allCongestNum:0 enqExpiredStoreTime:01-01 00:00:00
2026-06-10 17:11:19 INFO FlushRealTimeService - PERF_COUNTER_FLUSH_DATA_TIME_MS[2026-06-10 09:11:19.365] num:20 cost:10003 tps:2.0094 min:0 max:99999999 tp50:0 tp80:0 tp90:0 tp99:0 tp999:0 0_1:20 2_5:0 6_10:0 11_50:0 51_100:0 101_500:0 501_999:0 1000_:0
2026-06-10 17:11:22 INFO TimerFlushService - [ASYNC_MASTER]Timer progress-check commitRead:[06-10 09:11:22] currRead:[06-10 09:11:22] currWrite:[06-10 09:11:22] readBehind:0 currReadOffset:0 offsetBehind:0 behindMaster:0 enqPutQueue:0 deqGetQueue:0 deqPutQueue:0 allCongestNum:0 enqExpiredStoreTime:01-01 00:00:00
2026-06-10 17:11:29 INFO FlushRealTimeService - PERF_COUNTER_FLUSH_DATA_TIME_MS[2026-06-10 09:11:29.367] num:20 cost:10002 tps:2.0096 min:0 max:1 tp50:0 tp80:0 tp90:0 tp99:1 tp999:1 0_1:20 2_5:0 6_10:0 11_50:0 51_100:0 101_500:0 501_999:0 1000_:0
2026-06-10 17:11:32 INFO TimerFlushService - [ASYNC_MASTER]Timer progress-check commitRead:[06-10 09:11:32] currRead:[06-10 09:11:32] currWrite:[06-10 09:11:32] readBehind:0 currReadOffset:0 offsetBehind:0 behindMaster:0 enqPutQueue:0 deqGetQueue:0 deqPutQueue:0 allCongestNum:0 enqExpiredStoreTime:01-01 00:00:00
2026-06-10 17:11:36 INFO compactionSchedule_2 - start to scan all topicConfig
2026-06-10 17:11:36 INFO compactionSchedule_2 - scan all topicConfig over
2026-06-10 17:11:37 INFO StoreStatsService - [STORETPS] put_tps 0.0 get_found_tps 0.0 get_miss_tps 40.80986502249625 get_transferred_tps 0.0
2026-06-10 17:11:37 INFO StoreStatsService - findPutMessageEntireTimePX 0.99=0.00ms cost 0ms
2026-06-10 17:11:37 INFO StoreStatsService - findPutMessageEntireTimePX 0.999=0.00ms cost 0ms
2026-06-10 17:11:37 INFO StoreStatsService - [PAGECACHERT] TotalPut 0, PutMessageDistributeTime [<=0ms]:0 [0~10ms]:0 [10~50ms]:0 [50~100ms]:0 [100~200ms]:0 [200~500ms]:0 [500ms~1s]:0 [1~2s]:0 [2~3s]:0 [3~4s]:0 [4~5s]:0 [5~10s]:0 [10s~]:0 
2026-06-10 17:11:39 INFO FlushRealTimeService - PERF_COUNTER_FLUSH_DATA_TIME_MS[2026-06-10 09:11:39.371] num:20 cost:10004 tps:2.0092 min:0 max:99999999 tp50:0 tp80:0 tp90:0 tp99:0 tp999:0 0_1:20 2_5:0 6_10:0 11_50:0 51_100:0 101_500:0 501_999:0 1000_:0
2026-06-10 17:11:43 INFO TimerFlushService - [ASYNC_MASTER]Timer progress-check commitRead:[06-10 09:11:42] currRead:[06-10 09:11:42] currWrite:[06-10 09:11:43] readBehind:1 currReadOffset:0 offsetBehind:0 behindMaster:0 enqPutQueue:0 deqGetQueue:0 deqPutQueue:0 allCongestNum:0 enqExpiredStoreTime:01-01 00:00:00
2026-06-10 17:11:49 INFO FlushRealTimeService - PERF_COUNTER_FLUSH_DATA_TIME_MS[2026-06-10 09:11:49.378] num:20 cost:10007 tps:2.0086 min:0 max:99999999 tp50:0 tp80:0 tp90:0 tp99:0 tp999:0 0_1:20 2_5:0 6_10:0 11_50:0 51_100:0 101_500:0 501_999:0 1000_:0
2026-06-10 17:11:53 INFO TimerFlushService - [ASYNC_MASTER]Timer progress-check commitRead:[06-10 09:11:53] currRead:[06-10 09:11:53] currWrite:[06-10 09:11:53] readBehind:0 currReadOffset:0 offsetBehind:0 behindMaster:0 enqPutQueue:0 deqGetQueue:0 deqPutQueue:0 allCongestNum:0 enqExpiredStoreTime:01-01 00:00:00
2026-06-10 17:11:59 INFO FlushRealTimeService - PERF_COUNTER_FLUSH_DATA_TIME_MS[2026-06-10 09:11:59.381] num:20 cost:10003 tps:2.0094 min:0 max:99999999 tp50:0 tp80:0 tp90:0 tp99:0 tp999:0 0_1:20 2_5:0 6_10:0 11_50:0 51_100:0 101_500:0 501_999:0 1000_:0
2026-06-10 17:12:04 INFO TimerFlushService - [ASYNC_MASTER]Timer progress-check commitRead:[06-10 09:12:04] currRead:[06-10 09:12:04] currWrite:[06-10 09:12:04] readBehind:0 currReadOffset:0 offsetBehind:0 behindMaster:0 enqPutQueue:0 deqGetQueue:0 deqPutQueue:0 allCongestNum:0 enqExpiredStoreTime:01-01 00:00:00
2026-06-10 17:12:06 INFO compactionSchedule_2 - start to scan all topicConfig
2026-06-10 17:12:06 INFO compactionSchedule_2 - scan all topicConfig over
2026-06-10 17:12:09 INFO FlushRealTimeService - PERF_COUNTER_FLUSH_DATA_TIME_MS[2026-06-10 09:12:09.385] num:20 cost:10004 tps:2.0092 min:0 max:99999999 tp50:0 tp80:0 tp90:0 tp99:0 tp999:0 0_1:20 2_5:0 6_10:0 11_50:0 51_100:0 101_500:0 501_999:0 1000_:0
2026-06-10 17:12:14 INFO TimerFlushService - [ASYNC_MASTER]Timer progress-check commitRead:[06-10 09:12:14] currRead:[06-10 09:12:14] currWrite:[06-10 09:12:14] readBehind:0 currReadOffset:0 offsetBehind:0 behindMaster:0 enqPutQueue:0 deqGetQueue:0 deqPutQueue:0 allCongestNum:0 enqExpiredStoreTime:01-01 00:00:00
2026-06-10 17:12:19 INFO FlushRealTimeService - PERF_COUNTER_FLUSH_DATA_TIME_MS[2026-06-10 09:12:19.39] num:20 cost:10004 tps:2.0092 min:0 max:99999999 tp50:0 tp80:0 tp90:0 tp99:0 tp999:0 0_1:20 2_5:0 6_10:0 11_50:0 51_100:0 101_500:0 501_999:0 1000_:0
2026-06-10 17:12:25 INFO TimerFlushService - [ASYNC_MASTER]Timer progress-check commitRead:[06-10 09:12:25] currRead:[06-10 09:12:25] currWrite:[06-10 09:12:25] readBehind:0 currReadOffset:0 offsetBehind:0 behindMaster:0 enqPutQueue:0 deqGetQueue:0 deqPutQueue:0 allCongestNum:0 enqExpiredStoreTime:01-01 00:00:00
2026-06-10 17:12:29 INFO FlushRealTimeService - PERF_COUNTER_FLUSH_DATA_TIME_MS[2026-06-10 09:12:29.393] num:20 cost:10002 tps:2.0096 min:0 max:99999999 tp50:0 tp80:0 tp90:0 tp99:0 tp999:0 0_1:20 2_5:0 6_10:0 11_50:0 51_100:0 101_500:0 501_999:0 1000_:0
2026-06-10 17:12:35 INFO TimerFlushService - [ASYNC_MASTER]Timer progress-check commitRead:[06-10 09:12:35] currRead:[06-10 09:12:35] currWrite:[06-10 09:12:35] readBehind:0 currReadOffset:0 offsetBehind:0 behindMaster:0 enqPutQueue:0 deqGetQueue:0 deqPutQueue:0 allCongestNum:0 enqExpiredStoreTime:01-01 00:00:00
2026-06-10 17:12:36 INFO compactionSchedule_2 - start to scan all topicConfig
2026-06-10 17:12:36 INFO compactionSchedule_2 - scan all topicConfig over
2026-06-10 17:12:37 INFO StoreStatsService - [STORETPS] put_tps 0.0 get_found_tps 0.0 get_miss_tps 41.44033058952911 get_transferred_tps 0.0
2026-06-10 17:12:37 INFO StoreStatsService - findPutMessageEntireTimePX 0.99=0.00ms cost 0ms
2026-06-10 17:12:37 INFO StoreStatsService - findPutMessageEntireTimePX 0.999=0.00ms cost 0ms
2026-06-10 17:12:37 INFO StoreStatsService - [PAGECACHERT] TotalPut 0, PutMessageDistributeTime [<=0ms]:0 [0~10ms]:0 [10~50ms]:0 [50~100ms]:0 [100~200ms]:0 [200~500ms]:0 [500ms~1s]:0 [1~2s]:0 [2~3s]:0 [3~4s]:0 [4~5s]:0 [5~10s]:0 [10s~]:0 
2026-06-10 17:12:39 INFO FlushRealTimeService - PERF_COUNTER_FLUSH_DATA_TIME_MS[2026-06-10 09:12:39.396] num:20 cost:10003 tps:2.0094 min:0 max:1 tp50:0 tp80:0 tp90:0 tp99:1 tp999:1 0_1:20 2_5:0 6_10:0 11_50:0 51_100:0 101_500:0 501_999:0 1000_:0
2026-06-10 17:12:46 INFO TimerFlushService - [ASYNC_MASTER]Timer progress-check commitRead:[06-10 09:12:46] currRead:[06-10 09:12:46] currWrite:[06-10 09:12:46] readBehind:0 currReadOffset:0 offsetBehind:0 behindMaster:0 enqPutQueue:0 deqGetQueue:0 deqPutQueue:0 allCongestNum:0 enqExpiredStoreTime:01-01 00:00:00
2026-06-10 17:12:49 INFO FlushRealTimeService - PERF_COUNTER_FLUSH_DATA_TIME_MS[2026-06-10 09:12:49.398] num:20 cost:10002 tps:2.0096 min:0 max:99999999 tp50:0 tp80:0 tp90:0 tp99:0 tp999:0 0_1:20 2_5:0 6_10:0 11_50:0 51_100:0 101_500:0 501_999:0 1000_:0
2026-06-10 17:12:56 INFO TimerFlushService - [ASYNC_MASTER]Timer progress-check commitRead:[06-10 09:12:56] currRead:[06-10 09:12:56] currWrite:[06-10 09:12:56] readBehind:0 currReadOffset:0 offsetBehind:0 behindMaster:0 enqPutQueue:0 deqGetQueue:0 deqPutQueue:0 allCongestNum:0 enqExpiredStoreTime:01-01 00:00:00
2026-06-10 17:12:59 INFO FlushRealTimeService - PERF_COUNTER_FLUSH_DATA_TIME_MS[2026-06-10 09:12:59.401] num:20 cost:10003 tps:2.0094 min:0 max:99999999 tp50:0 tp80:0 tp90:0 tp99:0 tp999:0 0_1:20 2_5:0 6_10:0 11_50:0 51_100:0 101_500:0 501_999:0 1000_:0
2026-06-10 17:13:06 INFO compactionSchedule_2 - start to scan all topicConfig
2026-06-10 17:13:06 INFO compactionSchedule_2 - scan all topicConfig over
2026-06-10 17:13:07 INFO TimerFlushService - [ASYNC_MASTER]Timer progress-check commitRead:[06-10 09:13:07] currRead:[06-10 09:13:07] currWrite:[06-10 09:13:07] readBehind:0 currReadOffset:0 offsetBehind:0 behindMaster:0 enqPutQueue:0 deqGetQueue:0 deqPutQueue:0 allCongestNum:0 enqExpiredStoreTime:01-01 00:00:00
2026-06-10 17:13:09 INFO FlushRealTimeService - PERF_COUNTER_FLUSH_DATA_TIME_MS[2026-06-10 09:13:09.404] num:20 cost:10003 tps:2.0094 min:0 max:1 tp50:0 tp80:0 tp90:0 tp99:1 tp999:1 0_1:20 2_5:0 6_10:0 11_50:0 51_100:0 101_500:0 501_999:0 1000_:0
2026-06-10 17:13:17 INFO TimerFlushService - [ASYNC_MASTER]Timer progress-check commitRead:[06-10 09:13:17] currRead:[06-10 09:13:17] currWrite:[06-10 09:13:17] readBehind:0 currReadOffset:0 offsetBehind:0 behindMaster:0 enqPutQueue:0 deqGetQueue:0 deqPutQueue:0 allCongestNum:0 enqExpiredStoreTime:01-01 00:00:00
2026-06-10 17:13:19 INFO FlushRealTimeService - PERF_COUNTER_FLUSH_DATA_TIME_MS[2026-06-10 09:13:19.407] num:20 cost:10003 tps:2.0094 min:0 max:99999999 tp50:0 tp80:0 tp90:0 tp99:0 tp999:0 0_1:20 2_5:0 6_10:0 11_50:0 51_100:0 101_500:0 501_999:0 1000_:0
2026-06-10 17:13:28 INFO TimerFlushService - [ASYNC_MASTER]Timer progress-check commitRead:[06-10 09:13:28] currRead:[06-10 09:13:28] currWrite:[06-10 09:13:28] readBehind:0 currReadOffset:0 offsetBehind:0 behindMaster:0 enqPutQueue:0 deqGetQueue:0 deqPutQueue:0 allCongestNum:0 enqExpiredStoreTime:01-01 00:00:00
2026-06-10 17:13:29 INFO FlushRealTimeService - PERF_COUNTER_FLUSH_DATA_TIME_MS[2026-06-10 09:13:29.41] num:20 cost:10003 tps:2.0094 min:0 max:1 tp50:0 tp80:0 tp90:0 tp99:1 tp999:1 0_1:20 2_5:0 6_10:0 11_50:0 51_100:0 101_500:0 501_999:0 1000_:0
2026-06-10 17:13:36 INFO compactionSchedule_2 - start to scan all topicConfig
2026-06-10 17:13:36 INFO compactionSchedule_2 - scan all topicConfig over
2026-06-10 17:13:37 INFO StoreStatsService - [STORETPS] put_tps 0.0 get_found_tps 0.0 get_miss_tps 38.65635830445215 get_transferred_tps 0.0
2026-06-10 17:13:37 INFO StoreStatsService - findPutMessageEntireTimePX 0.99=0.00ms cost 0ms
2026-06-10 17:13:37 INFO StoreStatsService - findPutMessageEntireTimePX 0.999=0.00ms cost 0ms
2026-06-10 17:13:37 INFO StoreStatsService - [PAGECACHERT] TotalPut 0, PutMessageDistributeTime [<=0ms]:0 [0~10ms]:0 [10~50ms]:0 [50~100ms]:0 [100~200ms]:0 [200~500ms]:0 [500ms~1s]:0 [1~2s]:0 [2~3s]:0 [3~4s]:0 [4~5s]:0 [5~10s]:0 [10s~]:0 
2026-06-10 17:13:38 INFO TimerFlushService - [ASYNC_MASTER]Timer progress-check commitRead:[06-10 09:13:38] currRead:[06-10 09:13:38] currWrite:[06-10 09:13:38] readBehind:0 currReadOffset:0 offsetBehind:0 behindMaster:0 enqPutQueue:0 deqGetQueue:0 deqPutQueue:0 allCongestNum:0 enqExpiredStoreTime:01-01 00:00:00
2026-06-10 17:13:39 INFO FlushRealTimeService - PERF_COUNTER_FLUSH_DATA_TIME_MS[2026-06-10 09:13:39.414] num:20 cost:10004 tps:2.0092 min:0 max:99999999 tp50:0 tp80:0 tp90:0 tp99:0 tp999:0 0_1:20 2_5:0 6_10:0 11_50:0 51_100:0 101_500:0 501_999:0 1000_:0
2026-06-10 17:13:49 INFO TimerFlushService - [ASYNC_MASTER]Timer progress-check commitRead:[06-10 09:13:49] currRead:[06-10 09:13:49] currWrite:[06-10 09:13:49] readBehind:0 currReadOffset:0 offsetBehind:0 behindMaster:0 enqPutQueue:0 deqGetQueue:0 deqPutQueue:0 allCongestNum:0 enqExpiredStoreTime:01-01 00:00:00
2026-06-10 17:13:49 INFO FlushRealTimeService - PERF_COUNTER_FLUSH_DATA_TIME_MS[2026-06-10 09:13:49.416] num:20 cost:10002 tps:2.0096 min:0 max:99999999 tp50:0 tp80:0 tp90:0 tp99:0 tp999:0 0_1:20 2_5:0 6_10:0 11_50:0 51_100:0 101_500:0 501_999:0 1000_:0
2026-06-10 17:13:59 INFO FlushRealTimeService - PERF_COUNTER_FLUSH_DATA_TIME_MS[2026-06-10 09:13:59.42] num:20 cost:10003 tps:2.0094 min:0 max:99999999 tp50:0 tp80:0 tp90:0 tp99:0 tp999:0 0_1:20 2_5:0 6_10:0 11_50:0 51_100:0 101_500:0 501_999:0 1000_:0
2026-06-10 17:13:59 INFO TimerFlushService - [ASYNC_MASTER]Timer progress-check commitRead:[06-10 09:13:59] currRead:[06-10 09:13:59] currWrite:[06-10 09:13:59] readBehind:0 currReadOffset:0 offsetBehind:0 behindMaster:0 enqPutQueue:0 deqGetQueue:0 deqPutQueue:0 allCongestNum:0 enqExpiredStoreTime:01-01 00:00:00
2026-06-10 17:14:06 INFO compactionSchedule_2 - start to scan all topicConfig
2026-06-10 17:14:06 INFO compactionSchedule_2 - scan all topicConfig over
2026-06-10 17:14:09 INFO FlushRealTimeService - PERF_COUNTER_FLUSH_DATA_TIME_MS[2026-06-10 09:14:09.423] num:20 cost:10003 tps:2.0094 min:0 max:99999999 tp50:0 tp80:0 tp90:0 tp99:0 tp999:0 0_1:20 2_5:0 6_10:0 11_50:0 51_100:0 101_500:0 501_999:0 1000_:0
2026-06-10 17:14:10 INFO TimerFlushService - [ASYNC_MASTER]Timer progress-check commitRead:[06-10 09:14:10] currRead:[06-10 09:14:10] currWrite:[06-10 09:14:10] readBehind:0 currReadOffset:0 offsetBehind:0 behindMaster:0 enqPutQueue:0 deqGetQueue:0 deqPutQueue:0 allCongestNum:0 enqExpiredStoreTime:01-01 00:00:00
2026-06-10 17:14:19 INFO FlushRealTimeService - PERF_COUNTER_FLUSH_DATA_TIME_MS[2026-06-10 09:14:19.425] num:20 cost:10002 tps:2.0096 min:0 max:99999999 tp50:0 tp80:0 tp90:0 tp99:0 tp999:0 0_1:20 2_5:0 6_10:0 11_50:0 51_100:0 101_500:0 501_999:0 1000_:0
2026-06-10 17:14:20 INFO TimerFlushService - [ASYNC_MASTER]Timer progress-check commitRead:[06-10 09:14:20] currRead:[06-10 09:14:20] currWrite:[06-10 09:14:20] readBehind:0 currReadOffset:0 offsetBehind:0 behindMaster:0 enqPutQueue:0 deqGetQueue:0 deqPutQueue:0 allCongestNum:0 enqExpiredStoreTime:01-01 00:00:00
2026-06-10 17:14:29 INFO FlushRealTimeService - PERF_COUNTER_FLUSH_DATA_TIME_MS[2026-06-10 09:14:29.43] num:20 cost:10004 tps:2.0092 min:0 max:99999999 tp50:0 tp80:0 tp90:0 tp99:0 tp999:0 0_1:20 2_5:0 6_10:0 11_50:0 51_100:0 101_500:0 501_999:0 1000_:0
2026-06-10 17:14:31 INFO TimerFlushService - [ASYNC_MASTER]Timer progress-check commitRead:[06-10 09:14:31] currRead:[06-10 09:14:31] currWrite:[06-10 09:14:31] readBehind:0 currReadOffset:0 offsetBehind:0 behindMaster:0 enqPutQueue:0 deqGetQueue:0 deqPutQueue:0 allCongestNum:0 enqExpiredStoreTime:01-01 00:00:00
2026-06-10 17:14:36 INFO compactionSchedule_2 - start to scan all topicConfig
2026-06-10 17:14:36 INFO compactionSchedule_2 - scan all topicConfig over
2026-06-10 17:14:37 INFO StoreStatsService - [STORETPS] put_tps 0.0 get_found_tps 0.0 get_miss_tps 42.74216393661162 get_transferred_tps 0.0
2026-06-10 17:14:37 INFO StoreStatsService - findPutMessageEntireTimePX 0.99=0.00ms cost 0ms
2026-06-10 17:14:37 INFO StoreStatsService - findPutMessageEntireTimePX 0.999=0.00ms cost 1ms
2026-06-10 17:14:37 INFO StoreStatsService - [PAGECACHERT] TotalPut 0, PutMessageDistributeTime [<=0ms]:0 [0~10ms]:0 [10~50ms]:0 [50~100ms]:0 [100~200ms]:0 [200~500ms]:0 [500ms~1s]:0 [1~2s]:0 [2~3s]:0 [3~4s]:0 [4~5s]:0 [5~10s]:0 [10s~]:0 
2026-06-10 17:14:39 INFO FlushRealTimeService - PERF_COUNTER_FLUSH_DATA_TIME_MS[2026-06-10 09:14:39.433] num:20 cost:10003 tps:2.0094 min:0 max:99999999 tp50:0 tp80:0 tp90:0 tp99:0 tp999:0 0_1:20 2_5:0 6_10:0 11_50:0 51_100:0 101_500:0 501_999:0 1000_:0
2026-06-10 17:14:41 INFO TimerFlushService - [ASYNC_MASTER]Timer progress-check commitRead:[06-10 09:14:41] currRead:[06-10 09:14:41] currWrite:[06-10 09:14:41] readBehind:0 currReadOffset:0 offsetBehind:0 behindMaster:0 enqPutQueue:0 deqGetQueue:0 deqPutQueue:0 allCongestNum:0 enqExpiredStoreTime:01-01 00:00:00
2026-06-10 17:14:49 INFO FlushRealTimeService - PERF_COUNTER_FLUSH_DATA_TIME_MS[2026-06-10 09:14:49.436] num:20 cost:10003 tps:2.0094 min:0 max:99999999 tp50:0 tp80:0 tp90:0 tp99:0 tp999:0 0_1:20 2_5:0 6_10:0 11_50:0 51_100:0 101_500:0 501_999:0 1000_:0
2026-06-10 17:14:52 INFO TimerFlushService - [ASYNC_MASTER]Timer progress-check commitRead:[06-10 09:14:52] currRead:[06-10 09:14:52] currWrite:[06-10 09:14:52] readBehind:0 currReadOffset:0 offsetBehind:0 behindMaster:0 enqPutQueue:0 deqGetQueue:0 deqPutQueue:0 allCongestNum:0 enqExpiredStoreTime:01-01 00:00:00
2026-06-10 17:14:59 INFO FlushRealTimeService - PERF_COUNTER_FLUSH_DATA_TIME_MS[2026-06-10 09:14:59.439] num:20 cost:10003 tps:2.0094 min:0 max:99999999 tp50:0 tp80:0 tp90:0 tp99:0 tp999:0 0_1:20 2_5:0 6_10:0 11_50:0 51_100:0 101_500:0 501_999:0 1000_:0
2026-06-10 17:15:03 INFO TimerFlushService - [ASYNC_MASTER]Timer progress-check commitRead:[06-10 09:15:02] currRead:[06-10 09:15:02] currWrite:[06-10 09:15:03] readBehind:1 currReadOffset:0 offsetBehind:0 behindMaster:0 enqPutQueue:0 deqGetQueue:0 deqPutQueue:0 allCongestNum:0 enqExpiredStoreTime:01-01 00:00:00
2026-06-10 17:15:06 INFO compactionSchedule_2 - start to scan all topicConfig
2026-06-10 17:15:06 INFO compactionSchedule_2 - scan all topicConfig over
2026-06-10 17:15:09 INFO FlushRealTimeService - PERF_COUNTER_FLUSH_DATA_TIME_MS[2026-06-10 09:15:09.442] num:20 cost:10003 tps:2.0094 min:0 max:99999999 tp50:0 tp80:0 tp90:0 tp99:0 tp999:0 0_1:20 2_5:0 6_10:0 11_50:0 51_100:0 101_500:0 501_999:0 1000_:0
2026-06-10 17:15:13 INFO TimerFlushService - [ASYNC_MASTER]Timer progress-check commitRead:[06-10 09:15:13] currRead:[06-10 09:15:13] currWrite:[06-10 09:15:13] readBehind:0 currReadOffset:0 offsetBehind:0 behindMaster:0 enqPutQueue:0 deqGetQueue:0 deqPutQueue:0 allCongestNum:0 enqExpiredStoreTime:01-01 00:00:00
2026-06-10 17:15:19 INFO FlushRealTimeService - PERF_COUNTER_FLUSH_DATA_TIME_MS[2026-06-10 09:15:19.445] num:20 cost:10003 tps:2.0094 min:0 max:99999999 tp50:0 tp80:0 tp90:0 tp99:0 tp999:0 0_1:20 2_5:0 6_10:0 11_50:0 51_100:0 101_500:0 501_999:0 1000_:0
2026-06-10 17:15:24 INFO TimerFlushService - [ASYNC_MASTER]Timer progress-check commitRead:[06-10 09:15:24] currRead:[06-10 09:15:24] currWrite:[06-10 09:15:24] readBehind:0 currReadOffset:0 offsetBehind:0 behindMaster:0 enqPutQueue:0 deqGetQueue:0 deqPutQueue:0 allCongestNum:0 enqExpiredStoreTime:01-01 00:00:00
2026-06-10 17:15:29 INFO FlushRealTimeService - PERF_COUNTER_FLUSH_DATA_TIME_MS[2026-06-10 09:15:29.455] num:20 cost:10010 tps:2.0080 min:0 max:99999999 tp50:0 tp80:0 tp90:0 tp99:0 tp999:0 0_1:20 2_5:0 6_10:0 11_50:0 51_100:0 101_500:0 501_999:0 1000_:0
2026-06-10 17:15:34 INFO TimerFlushService - [ASYNC_MASTER]Timer progress-check commitRead:[06-10 09:15:34] currRead:[06-10 09:15:34] currWrite:[06-10 09:15:34] readBehind:0 currReadOffset:0 offsetBehind:0 behindMaster:0 enqPutQueue:0 deqGetQueue:0 deqPutQueue:0 allCongestNum:0 enqExpiredStoreTime:01-01 00:00:00
2026-06-10 17:15:36 INFO compactionSchedule_2 - start to scan all topicConfig
2026-06-10 17:15:36 INFO compactionSchedule_2 - scan all topicConfig over
2026-06-10 17:15:37 INFO StoreStatsService - [STORETPS] put_tps 0.0 get_found_tps 0.0 get_miss_tps 39.24084380311261 get_transferred_tps 0.0
2026-06-10 17:15:37 INFO StoreStatsService - findPutMessageEntireTimePX 0.99=0.00ms cost 0ms
2026-06-10 17:15:37 INFO StoreStatsService - findPutMessageEntireTimePX 0.999=0.00ms cost 0ms
2026-06-10 17:15:37 INFO StoreStatsService - [PAGECACHERT] TotalPut 0, PutMessageDistributeTime [<=0ms]:0 [0~10ms]:0 [10~50ms]:0 [50~100ms]:0 [100~200ms]:0 [200~500ms]:0 [500ms~1s]:0 [1~2s]:0 [2~3s]:0 [3~4s]:0 [4~5s]:0 [5~10s]:0 [10s~]:0 
2026-06-10 17:15:39 INFO FlushRealTimeService - PERF_COUNTER_FLUSH_DATA_TIME_MS[2026-06-10 09:15:39.458] num:20 cost:10003 tps:2.0094 min:0 max:99999999 tp50:0 tp80:0 tp90:0 tp99:0 tp999:0 0_1:20 2_5:0 6_10:0 11_50:0 51_100:0 101_500:0 501_999:0 1000_:0
2026-06-10 17:15:45 INFO TimerFlushService - [ASYNC_MASTER]Timer progress-check commitRead:[06-10 09:15:45] currRead:[06-10 09:15:45] currWrite:[06-10 09:15:45] readBehind:0 currReadOffset:0 offsetBehind:0 behindMaster:0 enqPutQueue:0 deqGetQueue:0 deqPutQueue:0 allCongestNum:0 enqExpiredStoreTime:01-01 00:00:00
2026-06-10 17:15:49 INFO FlushRealTimeService - PERF_COUNTER_FLUSH_DATA_TIME_MS[2026-06-10 09:15:49.464] num:20 cost:10006 tps:2.0088 min:0 max:99999999 tp50:0 tp80:0 tp90:0 tp99:0 tp999:0 0_1:20 2_5:0 6_10:0 11_50:0 51_100:0 101_500:0 501_999:0 1000_:0
2026-06-10 17:15:55 INFO TimerFlushService - [ASYNC_MASTER]Timer progress-check commitRead:[06-10 09:15:55] currRead:[06-10 09:15:55] currWrite:[06-10 09:15:55] readBehind:0 currReadOffset:0 offsetBehind:0 behindMaster:0 enqPutQueue:0 deqGetQueue:0 deqPutQueue:0 allCongestNum:0 enqExpiredStoreTime:01-01 00:00:00
2026-06-10 17:15:59 INFO FlushRealTimeService - PERF_COUNTER_FLUSH_DATA_TIME_MS[2026-06-10 09:15:59.469] num:20 cost:10005 tps:2.0090 min:0 max:99999999 tp50:0 tp80:0 tp90:0 tp99:0 tp999:0 0_1:20 2_5:0 6_10:0 11_50:0 51_100:0 101_500:0 501_999:0 1000_:0
2026-06-10 17:16:06 INFO compactionSchedule_2 - start to scan all topicConfig
2026-06-10 17:16:06 INFO compactionSchedule_2 - scan all topicConfig over
2026-06-10 17:16:06 INFO TimerFlushService - [ASYNC_MASTER]Timer progress-check commitRead:[06-10 09:16:06] currRead:[06-10 09:16:06] currWrite:[06-10 09:16:06] readBehind:0 currReadOffset:0 offsetBehind:0 behindMaster:0 enqPutQueue:0 deqGetQueue:0 deqPutQueue:0 allCongestNum:0 enqExpiredStoreTime:01-01 00:00:00
2026-06-10 17:16:09 INFO FlushRealTimeService - PERF_COUNTER_FLUSH_DATA_TIME_MS[2026-06-10 09:16:09.472] num:20 cost:10003 tps:2.0094 min:0 max:99999999 tp50:0 tp80:0 tp90:0 tp99:0 tp999:0 0_1:20 2_5:0 6_10:0 11_50:0 51_100:0 101_500:0 501_999:0 1000_:0
2026-06-10 17:16:17 INFO TimerFlushService - [ASYNC_MASTER]Timer progress-check commitRead:[06-10 09:16:17] currRead:[06-10 09:16:17] currWrite:[06-10 09:16:17] readBehind:0 currReadOffset:0 offsetBehind:0 behindMaster:0 enqPutQueue:0 deqGetQueue:0 deqPutQueue:0 allCongestNum:0 enqExpiredStoreTime:01-01 00:00:00
2026-06-10 17:16:19 INFO FlushRealTimeService - PERF_COUNTER_FLUSH_DATA_TIME_MS[2026-06-10 09:16:19.475] num:20 cost:10003 tps:2.0094 min:0 max:99999999 tp50:0 tp80:0 tp90:0 tp99:0 tp999:0 0_1:20 2_5:0 6_10:0 11_50:0 51_100:0 101_500:0 501_999:0 1000_:0
2026-06-10 17:16:27 INFO TimerFlushService - [ASYNC_MASTER]Timer progress-check commitRead:[06-10 09:16:27] currRead:[06-10 09:16:27] currWrite:[06-10 09:16:27] readBehind:0 currReadOffset:0 offsetBehind:0 behindMaster:0 enqPutQueue:0 deqGetQueue:0 deqPutQueue:0 allCongestNum:0 enqExpiredStoreTime:01-01 00:00:00
2026-06-10 17:16:29 INFO FlushRealTimeService - PERF_COUNTER_FLUSH_DATA_TIME_MS[2026-06-10 09:16:29.479] num:20 cost:10004 tps:2.0092 min:0 max:99999999 tp50:0 tp80:0 tp90:0 tp99:0 tp999:0 0_1:20 2_5:0 6_10:0 11_50:0 51_100:0 101_500:0 501_999:0 1000_:0
2026-06-10 17:16:36 INFO compactionSchedule_2 - start to scan all topicConfig
2026-06-10 17:16:36 INFO compactionSchedule_2 - scan all topicConfig over
2026-06-10 17:16:37 INFO StoreStatsService - [STORETPS] put_tps 0.0 get_found_tps 0.0 get_miss_tps 40.893184469255125 get_transferred_tps 0.0
2026-06-10 17:16:37 INFO StoreStatsService - findPutMessageEntireTimePX 0.99=0.00ms cost 0ms
2026-06-10 17:16:37 INFO StoreStatsService - findPutMessageEntireTimePX 0.999=0.00ms cost 0ms
2026-06-10 17:16:37 INFO StoreStatsService - [PAGECACHERT] TotalPut 0, PutMessageDistributeTime [<=0ms]:0 [0~10ms]:0 [10~50ms]:0 [50~100ms]:0 [100~200ms]:0 [200~500ms]:0 [500ms~1s]:0 [1~2s]:0 [2~3s]:0 [3~4s]:0 [4~5s]:0 [5~10s]:0 [10s~]:0 
2026-06-10 17:16:38 INFO TimerFlushService - [ASYNC_MASTER]Timer progress-check commitRead:[06-10 09:16:38] currRead:[06-10 09:16:38] currWrite:[06-10 09:16:38] readBehind:0 currReadOffset:0 offsetBehind:0 behindMaster:0 enqPutQueue:0 deqGetQueue:0 deqPutQueue:0 allCongestNum:0 enqExpiredStoreTime:01-01 00:00:00
2026-06-10 17:16:39 INFO FlushRealTimeService - PERF_COUNTER_FLUSH_DATA_TIME_MS[2026-06-10 09:16:39.482] num:20 cost:10003 tps:2.0094 min:0 max:99999999 tp50:0 tp80:0 tp90:0 tp99:0 tp999:0 0_1:20 2_5:0 6_10:0 11_50:0 51_100:0 101_500:0 501_999:0 1000_:0
2026-06-10 17:16:48 INFO TimerFlushService - [ASYNC_MASTER]Timer progress-check commitRead:[06-10 09:16:48] currRead:[06-10 09:16:48] currWrite:[06-10 09:16:48] readBehind:0 currReadOffset:0 offsetBehind:0 behindMaster:0 enqPutQueue:0 deqGetQueue:0 deqPutQueue:0 allCongestNum:0 enqExpiredStoreTime:01-01 00:00:00
2026-06-10 17:16:49 INFO FlushRealTimeService - PERF_COUNTER_FLUSH_DATA_TIME_MS[2026-06-10 09:16:49.485] num:20 cost:10003 tps:2.0094 min:0 max:99999999 tp50:0 tp80:0 tp90:0 tp99:0 tp999:0 0_1:20 2_5:0 6_10:0 11_50:0 51_100:0 101_500:0 501_999:0 1000_:0
2026-06-10 17:16:59 INFO TimerFlushService - [ASYNC_MASTER]Timer progress-check commitRead:[06-10 09:16:59] currRead:[06-10 09:16:59] currWrite:[06-10 09:16:59] readBehind:0 currReadOffset:0 offsetBehind:0 behindMaster:0 enqPutQueue:0 deqGetQueue:0 deqPutQueue:0 allCongestNum:0 enqExpiredStoreTime:01-01 00:00:00
2026-06-10 17:16:59 INFO FlushRealTimeService - PERF_COUNTER_FLUSH_DATA_TIME_MS[2026-06-10 09:16:59.489] num:20 cost:10004 tps:2.0092 min:0 max:1 tp50:0 tp80:0 tp90:0 tp99:1 tp999:1 0_1:20 2_5:0 6_10:0 11_50:0 51_100:0 101_500:0 501_999:0 1000_:0
2026-06-10 17:17:06 INFO compactionSchedule_2 - start to scan all topicConfig
2026-06-10 17:17:06 INFO compactionSchedule_2 - scan all topicConfig over
2026-06-10 17:17:09 INFO FlushRealTimeService - PERF_COUNTER_FLUSH_DATA_TIME_MS[2026-06-10 09:17:09.493] num:20 cost:10004 tps:2.0092 min:0 max:1 tp50:0 tp80:0 tp90:0 tp99:1 tp999:1 0_1:20 2_5:0 6_10:0 11_50:0 51_100:0 101_500:0 501_999:0 1000_:0
2026-06-10 17:17:09 INFO TimerFlushService - [ASYNC_MASTER]Timer progress-check commitRead:[06-10 09:17:09] currRead:[06-10 09:17:09] currWrite:[06-10 09:17:09] readBehind:0 currReadOffset:0 offsetBehind:0 behindMaster:0 enqPutQueue:0 deqGetQueue:0 deqPutQueue:0 allCongestNum:0 enqExpiredStoreTime:01-01 00:00:00
2026-06-10 17:17:19 INFO FlushRealTimeService - PERF_COUNTER_FLUSH_DATA_TIME_MS[2026-06-10 09:17:19.498] num:20 cost:10004 tps:2.0092 min:0 max:99999999 tp50:0 tp80:0 tp90:0 tp99:0 tp999:0 0_1:20 2_5:0 6_10:0 11_50:0 51_100:0 101_500:0 501_999:0 1000_:0
2026-06-10 17:17:20 INFO TimerFlushService - [ASYNC_MASTER]Timer progress-check commitRead:[06-10 09:17:20] currRead:[06-10 09:17:20] currWrite:[06-10 09:17:20] readBehind:0 currReadOffset:0 offsetBehind:0 behindMaster:0 enqPutQueue:0 deqGetQueue:0 deqPutQueue:0 allCongestNum:0 enqExpiredStoreTime:01-01 00:00:00
2026-06-10 17:17:29 INFO FlushRealTimeService - PERF_COUNTER_FLUSH_DATA_TIME_MS[2026-06-10 09:17:29.502] num:20 cost:10004 tps:2.0092 min:0 max:99999999 tp50:0 tp80:0 tp90:0 tp99:0 tp999:0 0_1:20 2_5:0 6_10:0 11_50:0 51_100:0 101_500:0 501_999:0 1000_:0
2026-06-10 17:17:30 INFO TimerFlushService - [ASYNC_MASTER]Timer progress-check commitRead:[06-10 09:17:30] currRead:[06-10 09:17:30] currWrite:[06-10 09:17:30] readBehind:0 currReadOffset:0 offsetBehind:0 behindMaster:0 enqPutQueue:0 deqGetQueue:0 deqPutQueue:0 allCongestNum:0 enqExpiredStoreTime:01-01 00:00:00
2026-06-10 17:17:36 INFO compactionSchedule_2 - start to scan all topicConfig
2026-06-10 17:17:36 INFO compactionSchedule_2 - scan all topicConfig over
2026-06-10 17:17:37 INFO StoreStatsService - [STORETPS] put_tps 0.0 get_found_tps 0.0 get_miss_tps 41.358394987669136 get_transferred_tps 0.0
2026-06-10 17:17:37 INFO StoreStatsService - findPutMessageEntireTimePX 0.99=0.00ms cost 0ms
2026-06-10 17:17:37 INFO StoreStatsService - findPutMessageEntireTimePX 0.999=0.00ms cost 0ms
2026-06-10 17:17:37 INFO StoreStatsService - [PAGECACHERT] TotalPut 0, PutMessageDistributeTime [<=0ms]:0 [0~10ms]:0 [10~50ms]:0 [50~100ms]:0 [100~200ms]:0 [200~500ms]:0 [500ms~1s]:0 [1~2s]:0 [2~3s]:0 [3~4s]:0 [4~5s]:0 [5~10s]:0 [10s~]:0 
2026-06-10 17:17:39 INFO FlushRealTimeService - PERF_COUNTER_FLUSH_DATA_TIME_MS[2026-06-10 09:17:39.504] num:20 cost:10002 tps:2.0096 min:0 max:99999999 tp50:0 tp80:0 tp90:0 tp99:0 tp999:0 0_1:20 2_5:0 6_10:0 11_50:0 51_100:0 101_500:0 501_999:0 1000_:0
2026-06-10 17:17:41 INFO TimerFlushService - [ASYNC_MASTER]Timer progress-check commitRead:[06-10 09:17:41] currRead:[06-10 09:17:41] currWrite:[06-10 09:17:41] readBehind:0 currReadOffset:0 offsetBehind:0 behindMaster:0 enqPutQueue:0 deqGetQueue:0 deqPutQueue:0 allCongestNum:0 enqExpiredStoreTime:01-01 00:00:00
2026-06-10 17:17:49 INFO FlushRealTimeService - PERF_COUNTER_FLUSH_DATA_TIME_MS[2026-06-10 09:17:49.507] num:20 cost:10002 tps:2.0096 min:0 max:99999999 tp50:0 tp80:0 tp90:0 tp99:0 tp999:0 0_1:20 2_5:0 6_10:0 11_50:0 51_100:0 101_500:0 501_999:0 1000_:0
2026-06-10 17:17:52 INFO TimerFlushService - [ASYNC_MASTER]Timer progress-check commitRead:[06-10 09:17:51] currRead:[06-10 09:17:51] currWrite:[06-10 09:17:52] readBehind:1 currReadOffset:0 offsetBehind:0 behindMaster:0 enqPutQueue:0 deqGetQueue:0 deqPutQueue:0 allCongestNum:0 enqExpiredStoreTime:01-01 00:00:00
2026-06-10 17:17:59 INFO FlushRealTimeService - PERF_COUNTER_FLUSH_DATA_TIME_MS[2026-06-10 09:17:59.51] num:20 cost:10003 tps:2.0094 min:0 max:1 tp50:0 tp80:0 tp90:0 tp99:1 tp999:1 0_1:20 2_5:0 6_10:0 11_50:0 51_100:0 101_500:0 501_999:0 1000_:0
2026-06-10 17:18:02 INFO TimerFlushService - [ASYNC_MASTER]Timer progress-check commitRead:[06-10 09:18:02] currRead:[06-10 09:18:02] currWrite:[06-10 09:18:02] readBehind:0 currReadOffset:0 offsetBehind:0 behindMaster:0 enqPutQueue:0 deqGetQueue:0 deqPutQueue:0 allCongestNum:0 enqExpiredStoreTime:01-01 00:00:00
2026-06-10 17:18:06 INFO compactionSchedule_2 - start to scan all topicConfig
2026-06-10 17:18:06 INFO compactionSchedule_2 - scan all topicConfig over
2026-06-10 17:18:09 INFO FlushRealTimeService - PERF_COUNTER_FLUSH_DATA_TIME_MS[2026-06-10 09:18:09.516] num:20 cost:10006 tps:2.0088 min:0 max:99999999 tp50:0 tp80:0 tp90:0 tp99:0 tp999:0 0_1:20 2_5:0 6_10:0 11_50:0 51_100:0 101_500:0 501_999:0 1000_:0
2026-06-10 17:18:13 INFO TimerFlushService - [ASYNC_MASTER]Timer progress-check commitRead:[06-10 09:18:13] currRead:[06-10 09:18:13] currWrite:[06-10 09:18:13] readBehind:0 currReadOffset:0 offsetBehind:0 behindMaster:0 enqPutQueue:0 deqGetQueue:0 deqPutQueue:0 allCongestNum:0 enqExpiredStoreTime:01-01 00:00:00
2026-06-10 17:18:19 INFO FlushRealTimeService - PERF_COUNTER_FLUSH_DATA_TIME_MS[2026-06-10 09:18:19.52] num:20 cost:10004 tps:2.0092 min:0 max:99999999 tp50:0 tp80:0 tp90:0 tp99:0 tp999:0 0_1:20 2_5:0 6_10:0 11_50:0 51_100:0 101_500:0 501_999:0 1000_:0
2026-06-10 17:18:23 INFO TimerFlushService - [ASYNC_MASTER]Timer progress-check commitRead:[06-10 09:18:23] currRead:[06-10 09:18:23] currWrite:[06-10 09:18:23] readBehind:0 currReadOffset:0 offsetBehind:0 behindMaster:0 enqPutQueue:0 deqGetQueue:0 deqPutQueue:0 allCongestNum:0 enqExpiredStoreTime:01-01 00:00:00
2026-06-10 17:18:29 INFO FlushRealTimeService - PERF_COUNTER_FLUSH_DATA_TIME_MS[2026-06-10 09:18:29.529] num:20 cost:10009 tps:2.0082 min:0 max:99999999 tp50:0 tp80:0 tp90:0 tp99:0 tp999:0 0_1:20 2_5:0 6_10:0 11_50:0 51_100:0 101_500:0 501_999:0 1000_:0
2026-06-10 17:18:34 INFO TimerFlushService - [ASYNC_MASTER]Timer progress-check commitRead:[06-10 09:18:34] currRead:[06-10 09:18:34] currWrite:[06-10 09:18:34] readBehind:0 currReadOffset:0 offsetBehind:0 behindMaster:0 enqPutQueue:0 deqGetQueue:0 deqPutQueue:0 allCongestNum:0 enqExpiredStoreTime:01-01 00:00:00
2026-06-10 17:18:36 INFO compactionSchedule_2 - start to scan all topicConfig
2026-06-10 17:18:36 INFO compactionSchedule_2 - scan all topicConfig over
2026-06-10 17:18:37 INFO StoreStatsService - [STORETPS] put_tps 0.0 get_found_tps 0.0 get_miss_tps 38.77751670582746 get_transferred_tps 0.0
2026-06-10 17:18:37 INFO StoreStatsService - findPutMessageEntireTimePX 0.99=0.00ms cost 0ms
2026-06-10 17:18:37 INFO StoreStatsService - findPutMessageEntireTimePX 0.999=0.00ms cost 0ms
2026-06-10 17:18:37 INFO StoreStatsService - [PAGECACHERT] TotalPut 0, PutMessageDistributeTime [<=0ms]:0 [0~10ms]:0 [10~50ms]:0 [50~100ms]:0 [100~200ms]:0 [200~500ms]:0 [500ms~1s]:0 [1~2s]:0 [2~3s]:0 [3~4s]:0 [4~5s]:0 [5~10s]:0 [10s~]:0 
2026-06-10 17:18:39 INFO FlushRealTimeService - PERF_COUNTER_FLUSH_DATA_TIME_MS[2026-06-10 09:18:39.536] num:20 cost:10007 tps:2.0086 min:0 max:99999999 tp50:0 tp80:0 tp90:0 tp99:0 tp999:0 0_1:20 2_5:0 6_10:0 11_50:0 51_100:0 101_500:0 501_999:0 1000_:0
2026-06-10 17:18:45 INFO TimerFlushService - [ASYNC_MASTER]Timer progress-check commitRead:[06-10 09:18:45] currRead:[06-10 09:18:45] currWrite:[06-10 09:18:45] readBehind:0 currReadOffset:0 offsetBehind:0 behindMaster:0 enqPutQueue:0 deqGetQueue:0 deqPutQueue:0 allCongestNum:0 enqExpiredStoreTime:01-01 00:00:00
2026-06-10 17:18:49 INFO FlushRealTimeService - PERF_COUNTER_FLUSH_DATA_TIME_MS[2026-06-10 09:18:49.539] num:20 cost:10002 tps:2.0096 min:0 max:99999999 tp50:0 tp80:0 tp90:0 tp99:0 tp999:0 0_1:20 2_5:0 6_10:0 11_50:0 51_100:0 101_500:0 501_999:0 1000_:0
2026-06-10 17:18:55 INFO TimerFlushService - [ASYNC_MASTER]Timer progress-check commitRead:[06-10 09:18:55] currRead:[06-10 09:18:55] currWrite:[06-10 09:18:55] readBehind:0 currReadOffset:0 offsetBehind:0 behindMaster:0 enqPutQueue:0 deqGetQueue:0 deqPutQueue:0 allCongestNum:0 enqExpiredStoreTime:01-01 00:00:00
2026-06-10 17:18:59 INFO FlushRealTimeService - PERF_COUNTER_FLUSH_DATA_TIME_MS[2026-06-10 09:18:59.543] num:20 cost:10004 tps:2.0092 min:0 max:99999999 tp50:0 tp80:0 tp90:0 tp99:0 tp999:0 0_1:20 2_5:0 6_10:0 11_50:0 51_100:0 101_500:0 501_999:0 1000_:0
2026-06-10 17:19:06 INFO TimerFlushService - [ASYNC_MASTER]Timer progress-check commitRead:[06-10 09:19:06] currRead:[06-10 09:19:06] currWrite:[06-10 09:19:06] readBehind:0 currReadOffset:0 offsetBehind:0 behindMaster:0 enqPutQueue:0 deqGetQueue:0 deqPutQueue:0 allCongestNum:0 enqExpiredStoreTime:01-01 00:00:00
2026-06-10 17:19:06 INFO compactionSchedule_2 - start to scan all topicConfig
2026-06-10 17:19:06 INFO compactionSchedule_2 - scan all topicConfig over
2026-06-10 17:19:09 INFO FlushRealTimeService - PERF_COUNTER_FLUSH_DATA_TIME_MS[2026-06-10 09:19:09.546] num:20 cost:10003 tps:2.0094 min:0 max:99999999 tp50:0 tp80:0 tp90:0 tp99:0 tp999:0 0_1:20 2_5:0 6_10:0 11_50:0 51_100:0 101_500:0 501_999:0 1000_:0
2026-06-10 17:19:17 INFO TimerFlushService - [ASYNC_MASTER]Timer progress-check commitRead:[06-10 09:19:17] currRead:[06-10 09:19:17] currWrite:[06-10 09:19:17] readBehind:0 currReadOffset:0 offsetBehind:0 behindMaster:0 enqPutQueue:0 deqGetQueue:0 deqPutQueue:0 allCongestNum:0 enqExpiredStoreTime:01-01 00:00:00
2026-06-10 17:19:19 INFO FlushRealTimeService - PERF_COUNTER_FLUSH_DATA_TIME_MS[2026-06-10 09:19:19.552] num:20 cost:10005 tps:2.0090 min:0 max:99999999 tp50:0 tp80:0 tp90:0 tp99:0 tp999:0 0_1:20 2_5:0 6_10:0 11_50:0 51_100:0 101_500:0 501_999:0 1000_:0
2026-06-10 17:19:28 INFO TimerFlushService - [ASYNC_MASTER]Timer progress-check commitRead:[06-10 09:19:28] currRead:[06-10 09:19:28] currWrite:[06-10 09:19:28] readBehind:0 currReadOffset:0 offsetBehind:0 behindMaster:0 enqPutQueue:0 deqGetQueue:0 deqPutQueue:0 allCongestNum:0 enqExpiredStoreTime:01-01 00:00:00
2026-06-10 17:19:29 INFO FlushRealTimeService - PERF_COUNTER_FLUSH_DATA_TIME_MS[2026-06-10 09:19:29.557] num:20 cost:10005 tps:2.0090 min:0 max:99999999 tp50:0 tp80:0 tp90:0 tp99:0 tp999:0 0_1:20 2_5:0 6_10:0 11_50:0 51_100:0 101_500:0 501_999:0 1000_:0
2026-06-10 17:19:36 INFO compactionSchedule_2 - start to scan all topicConfig
2026-06-10 17:19:36 INFO compactionSchedule_2 - scan all topicConfig over
2026-06-10 17:19:37 INFO StoreStatsService - [STORETPS] put_tps 0.0 get_found_tps 0.0 get_miss_tps 42.692173101598044 get_transferred_tps 0.0
2026-06-10 17:19:37 INFO StoreStatsService - findPutMessageEntireTimePX 0.99=0.00ms cost 0ms
2026-06-10 17:19:37 INFO StoreStatsService - findPutMessageEntireTimePX 0.999=0.00ms cost 1ms
2026-06-10 17:19:37 INFO StoreStatsService - [PAGECACHERT] TotalPut 0, PutMessageDistributeTime [<=0ms]:0 [0~10ms]:0 [10~50ms]:0 [50~100ms]:0 [100~200ms]:0 [200~500ms]:0 [500ms~1s]:0 [1~2s]:0 [2~3s]:0 [3~4s]:0 [4~5s]:0 [5~10s]:0 [10s~]:0 
2026-06-10 17:19:38 INFO TimerFlushService - [ASYNC_MASTER]Timer progress-check commitRead:[06-10 09:19:38] currRead:[06-10 09:19:38] currWrite:[06-10 09:19:38] readBehind:0 currReadOffset:0 offsetBehind:0 behindMaster:0 enqPutQueue:0 deqGetQueue:0 deqPutQueue:0 allCongestNum:0 enqExpiredStoreTime:01-01 00:00:00
2026-06-10 17:19:39 INFO FlushRealTimeService - PERF_COUNTER_FLUSH_DATA_TIME_MS[2026-06-10 09:19:39.56] num:20 cost:10003 tps:2.0094 min:0 max:99999999 tp50:0 tp80:0 tp90:0 tp99:0 tp999:0 0_1:20 2_5:0 6_10:0 11_50:0 51_100:0 101_500:0 501_999:0 1000_:0
2026-06-10 17:19:49 INFO TimerFlushService - [ASYNC_MASTER]Timer progress-check commitRead:[06-10 09:19:49] currRead:[06-10 09:19:49] currWrite:[06-10 09:19:49] readBehind:0 currReadOffset:0 offsetBehind:0 behindMaster:0 enqPutQueue:0 deqGetQueue:0 deqPutQueue:0 allCongestNum:0 enqExpiredStoreTime:01-01 00:00:00
2026-06-10 17:19:49 INFO FlushRealTimeService - PERF_COUNTER_FLUSH_DATA_TIME_MS[2026-06-10 09:19:49.564] num:20 cost:10004 tps:2.0092 min:0 max:99999999 tp50:0 tp80:0 tp90:0 tp99:0 tp999:0 0_1:20 2_5:0 6_10:0 11_50:0 51_100:0 101_500:0 501_999:0 1000_:0
2026-06-10 17:19:59 INFO FlushRealTimeService - PERF_COUNTER_FLUSH_DATA_TIME_MS[2026-06-10 09:19:59.574] num:20 cost:10010 tps:2.0080 min:0 max:99999999 tp50:0 tp80:0 tp90:0 tp99:0 tp999:0 0_1:20 2_5:0 6_10:0 11_50:0 51_100:0 101_500:0 501_999:0 1000_:0
2026-06-10 17:19:59 INFO TimerFlushService - [ASYNC_MASTER]Timer progress-check commitRead:[06-10 09:19:59] currRead:[06-10 09:19:59] currWrite:[06-10 09:19:59] readBehind:0 currReadOffset:0 offsetBehind:0 behindMaster:0 enqPutQueue:0 deqGetQueue:0 deqPutQueue:0 allCongestNum:0 enqExpiredStoreTime:01-01 00:00:00
2026-06-10 17:20:06 INFO compactionSchedule_2 - start to scan all topicConfig
2026-06-10 17:20:06 INFO compactionSchedule_2 - scan all topicConfig over
2026-06-10 17:20:09 INFO FlushRealTimeService - PERF_COUNTER_FLUSH_DATA_TIME_MS[2026-06-10 09:20:09.578] num:20 cost:10003 tps:2.0094 min:0 max:99999999 tp50:0 tp80:0 tp90:0 tp99:0 tp999:0 0_1:20 2_5:0 6_10:0 11_50:0 51_100:0 101_500:0 501_999:0 1000_:0
2026-06-10 17:20:10 INFO TimerFlushService - [ASYNC_MASTER]Timer progress-check commitRead:[06-10 09:20:10] currRead:[06-10 09:20:10] currWrite:[06-10 09:20:10] readBehind:0 currReadOffset:0 offsetBehind:0 behindMaster:0 enqPutQueue:0 deqGetQueue:0 deqPutQueue:0 allCongestNum:0 enqExpiredStoreTime:01-01 00:00:00
2026-06-10 17:20:19 INFO FlushRealTimeService - PERF_COUNTER_FLUSH_DATA_TIME_MS[2026-06-10 09:20:19.586] num:20 cost:10007 tps:2.0086 min:0 max:99999999 tp50:0 tp80:0 tp90:0 tp99:0 tp999:0 0_1:20 2_5:0 6_10:0 11_50:0 51_100:0 101_500:0 501_999:0 1000_:0
2026-06-10 17:20:20 INFO TimerFlushService - [ASYNC_MASTER]Timer progress-check commitRead:[06-10 09:20:20] currRead:[06-10 09:20:20] currWrite:[06-10 09:20:20] readBehind:0 currReadOffset:0 offsetBehind:0 behindMaster:0 enqPutQueue:0 deqGetQueue:0 deqPutQueue:0 allCongestNum:0 enqExpiredStoreTime:01-01 00:00:00
2026-06-10 17:20:29 INFO FlushRealTimeService - PERF_COUNTER_FLUSH_DATA_TIME_MS[2026-06-10 09:20:29.592] num:20 cost:10006 tps:2.0088 min:0 max:99999999 tp50:0 tp80:0 tp90:0 tp99:0 tp999:0 0_1:20 2_5:0 6_10:0 11_50:0 51_100:0 101_500:0 501_999:0 1000_:0
2026-06-10 17:20:31 INFO TimerFlushService - [ASYNC_MASTER]Timer progress-check commitRead:[06-10 09:20:31] currRead:[06-10 09:20:31] currWrite:[06-10 09:20:31] readBehind:0 currReadOffset:0 offsetBehind:0 behindMaster:0 enqPutQueue:0 deqGetQueue:0 deqPutQueue:0 allCongestNum:0 enqExpiredStoreTime:01-01 00:00:00
2026-06-10 17:20:36 INFO compactionSchedule_2 - start to scan all topicConfig
2026-06-10 17:20:36 INFO compactionSchedule_2 - scan all topicConfig over
2026-06-10 17:20:37 INFO StoreStatsService - [STORETPS] put_tps 0.0 get_found_tps 0.0 get_miss_tps 39.174192688372706 get_transferred_tps 0.0
2026-06-10 17:20:37 INFO StoreStatsService - findPutMessageEntireTimePX 0.99=0.00ms cost 0ms
2026-06-10 17:20:37 INFO StoreStatsService - findPutMessageEntireTimePX 0.999=0.00ms cost 0ms
2026-06-10 17:20:37 INFO StoreStatsService - [PAGECACHERT] TotalPut 0, PutMessageDistributeTime [<=0ms]:0 [0~10ms]:0 [10~50ms]:0 [50~100ms]:0 [100~200ms]:0 [200~500ms]:0 [500ms~1s]:0 [1~2s]:0 [2~3s]:0 [3~4s]:0 [4~5s]:0 [5~10s]:0 [10s~]:0 
2026-06-10 17:20:39 INFO FlushRealTimeService - PERF_COUNTER_FLUSH_DATA_TIME_MS[2026-06-10 09:20:39.597] num:20 cost:10005 tps:2.0090 min:0 max:99999999 tp50:0 tp80:0 tp90:0 tp99:0 tp999:0 0_1:20 2_5:0 6_10:0 11_50:0 51_100:0 101_500:0 501_999:0 1000_:0
2026-06-10 17:20:41 INFO TimerFlushService - [ASYNC_MASTER]Timer progress-check commitRead:[06-10 09:20:41] currRead:[06-10 09:20:41] currWrite:[06-10 09:20:41] readBehind:0 currReadOffset:0 offsetBehind:0 behindMaster:0 enqPutQueue:0 deqGetQueue:0 deqPutQueue:0 allCongestNum:0 enqExpiredStoreTime:01-01 00:00:00
2026-06-10 17:20:49 INFO FlushRealTimeService - PERF_COUNTER_FLUSH_DATA_TIME_MS[2026-06-10 09:20:49.602] num:20 cost:10005 tps:2.0090 min:0 max:99999999 tp50:0 tp80:0 tp90:0 tp99:0 tp999:0 0_1:20 2_5:0 6_10:0 11_50:0 51_100:0 101_500:0 501_999:0 1000_:0
2026-06-10 17:20:52 INFO TimerFlushService - [ASYNC_MASTER]Timer progress-check commitRead:[06-10 09:20:52] currRead:[06-10 09:20:52] currWrite:[06-10 09:20:52] readBehind:0 currReadOffset:0 offsetBehind:0 behindMaster:0 enqPutQueue:0 deqGetQueue:0 deqPutQueue:0 allCongestNum:0 enqExpiredStoreTime:01-01 00:00:00
2026-06-10 17:20:59 INFO FlushRealTimeService - PERF_COUNTER_FLUSH_DATA_TIME_MS[2026-06-10 09:20:59.609] num:20 cost:10006 tps:2.0088 min:0 max:99999999 tp50:0 tp80:0 tp90:0 tp99:0 tp999:0 0_1:20 2_5:0 6_10:0 11_50:0 51_100:0 101_500:0 501_999:0 1000_:0
2026-06-10 17:21:03 INFO TimerFlushService - [ASYNC_MASTER]Timer progress-check commitRead:[06-10 09:21:03] currRead:[06-10 09:21:03] currWrite:[06-10 09:21:03] readBehind:0 currReadOffset:0 offsetBehind:0 behindMaster:0 enqPutQueue:0 deqGetQueue:0 deqPutQueue:0 allCongestNum:0 enqExpiredStoreTime:01-01 00:00:00
2026-06-10 17:21:06 INFO compactionSchedule_2 - start to scan all topicConfig
2026-06-10 17:21:06 INFO compactionSchedule_2 - scan all topicConfig over
2026-06-10 17:21:09 INFO FlushRealTimeService - PERF_COUNTER_FLUSH_DATA_TIME_MS[2026-06-10 09:21:09.612] num:20 cost:10003 tps:2.0094 min:0 max:99999999 tp50:0 tp80:0 tp90:0 tp99:0 tp999:0 0_1:20 2_5:0 6_10:0 11_50:0 51_100:0 101_500:0 501_999:0 1000_:0
2026-06-10 17:21:13 INFO TimerFlushService - [ASYNC_MASTER]Timer progress-check commitRead:[06-10 09:21:13] currRead:[06-10 09:21:13] currWrite:[06-10 09:21:13] readBehind:0 currReadOffset:0 offsetBehind:0 behindMaster:0 enqPutQueue:0 deqGetQueue:0 deqPutQueue:0 allCongestNum:0 enqExpiredStoreTime:01-01 00:00:00
2026-06-10 17:21:19 INFO FlushRealTimeService - PERF_COUNTER_FLUSH_DATA_TIME_MS[2026-06-10 09:21:19.615] num:20 cost:10003 tps:2.0094 min:0 max:99999999 tp50:0 tp80:0 tp90:0 tp99:0 tp999:0 0_1:20 2_5:0 6_10:0 11_50:0 51_100:0 101_500:0 501_999:0 1000_:0
2026-06-10 17:21:24 INFO TimerFlushService - [ASYNC_MASTER]Timer progress-check commitRead:[06-10 09:21:24] currRead:[06-10 09:21:24] currWrite:[06-10 09:21:24] readBehind:0 currReadOffset:0 offsetBehind:0 behindMaster:0 enqPutQueue:0 deqGetQueue:0 deqPutQueue:0 allCongestNum:0 enqExpiredStoreTime:01-01 00:00:00
2026-06-10 17:21:29 INFO FlushRealTimeService - PERF_COUNTER_FLUSH_DATA_TIME_MS[2026-06-10 09:21:29.624] num:20 cost:10009 tps:2.0082 min:0 max:99999999 tp50:0 tp80:0 tp90:0 tp99:0 tp999:0 0_1:20 2_5:0 6_10:0 11_50:0 51_100:0 101_500:0 501_999:0 1000_:0
2026-06-10 17:21:34 INFO TimerFlushService - [ASYNC_MASTER]Timer progress-check commitRead:[06-10 09:21:34] currRead:[06-10 09:21:34] currWrite:[06-10 09:21:34] readBehind:0 currReadOffset:0 offsetBehind:0 behindMaster:0 enqPutQueue:0 deqGetQueue:0 deqPutQueue:0 allCongestNum:0 enqExpiredStoreTime:01-01 00:00:00
2026-06-10 17:21:36 INFO compactionSchedule_2 - start to scan all topicConfig
2026-06-10 17:21:36 INFO compactionSchedule_2 - scan all topicConfig over
2026-06-10 17:21:37 INFO StoreStatsService - [STORETPS] put_tps 0.0 get_found_tps 0.0 get_miss_tps 40.92514830367259 get_transferred_tps 0.0
2026-06-10 17:21:37 INFO StoreStatsService - findPutMessageEntireTimePX 0.99=0.00ms cost 0ms
2026-06-10 17:21:37 INFO StoreStatsService - findPutMessageEntireTimePX 0.999=0.00ms cost 0ms
2026-06-10 17:21:37 INFO StoreStatsService - [PAGECACHERT] TotalPut 0, PutMessageDistributeTime [<=0ms]:0 [0~10ms]:0 [10~50ms]:0 [50~100ms]:0 [100~200ms]:0 [200~500ms]:0 [500ms~1s]:0 [1~2s]:0 [2~3s]:0 [3~4s]:0 [4~5s]:0 [5~10s]:0 [10s~]:0 
2026-06-10 17:21:39 INFO FlushRealTimeService - PERF_COUNTER_FLUSH_DATA_TIME_MS[2026-06-10 09:21:39.629] num:20 cost:10004 tps:2.0092 min:0 max:99999999 tp50:0 tp80:0 tp90:0 tp99:0 tp999:0 0_1:20 2_5:0 6_10:0 11_50:0 51_100:0 101_500:0 501_999:0 1000_:0
2026-06-10 17:21:45 INFO TimerFlushService - [ASYNC_MASTER]Timer progress-check commitRead:[06-10 09:21:45] currRead:[06-10 09:21:45] currWrite:[06-10 09:21:45] readBehind:0 currReadOffset:0 offsetBehind:0 behindMaster:0 enqPutQueue:0 deqGetQueue:0 deqPutQueue:0 allCongestNum:0 enqExpiredStoreTime:01-01 00:00:00
2026-06-10 17:21:49 INFO FlushRealTimeService - PERF_COUNTER_FLUSH_DATA_TIME_MS[2026-06-10 09:21:49.632] num:20 cost:10003 tps:2.0094 min:0 max:99999999 tp50:0 tp80:0 tp90:0 tp99:0 tp999:0 0_1:20 2_5:0 6_10:0 11_50:0 51_100:0 101_500:0 501_999:0 1000_:0
2026-06-10 17:21:56 INFO TimerFlushService - [ASYNC_MASTER]Timer progress-check commitRead:[06-10 09:21:55] currRead:[06-10 09:21:55] currWrite:[06-10 09:21:56] readBehind:1 currReadOffset:0 offsetBehind:0 behindMaster:0 enqPutQueue:0 deqGetQueue:0 deqPutQueue:0 allCongestNum:0 enqExpiredStoreTime:01-01 00:00:00
2026-06-10 17:21:59 INFO FlushRealTimeService - PERF_COUNTER_FLUSH_DATA_TIME_MS[2026-06-10 09:21:59.64] num:20 cost:10008 tps:2.0084 min:0 max:99999999 tp50:0 tp80:0 tp90:0 tp99:0 tp999:0 0_1:20 2_5:0 6_10:0 11_50:0 51_100:0 101_500:0 501_999:0 1000_:0
2026-06-10 17:22:06 INFO compactionSchedule_2 - start to scan all topicConfig
2026-06-10 17:22:06 INFO compactionSchedule_2 - scan all topicConfig over
2026-06-10 17:22:06 INFO TimerFlushService - [ASYNC_MASTER]Timer progress-check commitRead:[06-10 09:22:06] currRead:[06-10 09:22:06] currWrite:[06-10 09:22:06] readBehind:0 currReadOffset:0 offsetBehind:0 behindMaster:0 enqPutQueue:0 deqGetQueue:0 deqPutQueue:0 allCongestNum:0 enqExpiredStoreTime:01-01 00:00:00
2026-06-10 17:22:09 INFO FlushRealTimeService - PERF_COUNTER_FLUSH_DATA_TIME_MS[2026-06-10 09:22:09.644] num:20 cost:10004 tps:2.0092 min:0 max:99999999 tp50:0 tp80:0 tp90:0 tp99:0 tp999:0 0_1:20 2_5:0 6_10:0 11_50:0 51_100:0 101_500:0 501_999:0 1000_:0
2026-06-10 17:22:17 INFO TimerFlushService - [ASYNC_MASTER]Timer progress-check commitRead:[06-10 09:22:17] currRead:[06-10 09:22:17] currWrite:[06-10 09:22:17] readBehind:0 currReadOffset:0 offsetBehind:0 behindMaster:0 enqPutQueue:0 deqGetQueue:0 deqPutQueue:0 allCongestNum:0 enqExpiredStoreTime:01-01 00:00:00
2026-06-10 17:22:19 INFO FlushRealTimeService - PERF_COUNTER_FLUSH_DATA_TIME_MS[2026-06-10 09:22:19.651] num:20 cost:10006 tps:2.0088 min:0 max:99999999 tp50:0 tp80:0 tp90:0 tp99:0 tp999:0 0_1:20 2_5:0 6_10:0 11_50:0 51_100:0 101_500:0 501_999:0 1000_:0
2026-06-10 17:22:27 INFO TimerFlushService - [ASYNC_MASTER]Timer progress-check commitRead:[06-10 09:22:27] currRead:[06-10 09:22:27] currWrite:[06-10 09:22:27] readBehind:0 currReadOffset:0 offsetBehind:0 behindMaster:0 enqPutQueue:0 deqGetQueue:0 deqPutQueue:0 allCongestNum:0 enqExpiredStoreTime:01-01 00:00:00
2026-06-10 17:22:29 INFO FlushRealTimeService - PERF_COUNTER_FLUSH_DATA_TIME_MS[2026-06-10 09:22:29.654] num:20 cost:10002 tps:2.0096 min:0 max:99999999 tp50:0 tp80:0 tp90:0 tp99:0 tp999:0 0_1:20 2_5:0 6_10:0 11_50:0 51_100:0 101_500:0 501_999:0 1000_:0
2026-06-10 17:22:36 INFO compactionSchedule_2 - start to scan all topicConfig
2026-06-10 17:22:36 INFO compactionSchedule_2 - scan all topicConfig over
2026-06-10 17:22:37 INFO StoreStatsService - [STORETPS] put_tps 0.0 get_found_tps 0.0 get_miss_tps 41.32575694456016 get_transferred_tps 0.0
2026-06-10 17:22:37 INFO StoreStatsService - findPutMessageEntireTimePX 0.99=0.00ms cost 0ms
2026-06-10 17:22:37 INFO StoreStatsService - findPutMessageEntireTimePX 0.999=0.00ms cost 1ms
2026-06-10 17:22:37 INFO StoreStatsService - [PAGECACHERT] TotalPut 0, PutMessageDistributeTime [<=0ms]:0 [0~10ms]:0 [10~50ms]:0 [50~100ms]:0 [100~200ms]:0 [200~500ms]:0 [500ms~1s]:0 [1~2s]:0 [2~3s]:0 [3~4s]:0 [4~5s]:0 [5~10s]:0 [10s~]:0 
2026-06-10 17:22:38 INFO TimerFlushService - [ASYNC_MASTER]Timer progress-check commitRead:[06-10 09:22:38] currRead:[06-10 09:22:38] currWrite:[06-10 09:22:38] readBehind:0 currReadOffset:0 offsetBehind:0 behindMaster:0 enqPutQueue:0 deqGetQueue:0 deqPutQueue:0 allCongestNum:0 enqExpiredStoreTime:01-01 00:00:00
2026-06-10 17:22:39 INFO FlushRealTimeService - PERF_COUNTER_FLUSH_DATA_TIME_MS[2026-06-10 09:22:39.657] num:20 cost:10003 tps:2.0094 min:0 max:99999999 tp50:0 tp80:0 tp90:0 tp99:0 tp999:0 0_1:20 2_5:0 6_10:0 11_50:0 51_100:0 101_500:0 501_999:0 1000_:0
2026-06-10 17:22:49 INFO TimerFlushService - [ASYNC_MASTER]Timer progress-check commitRead:[06-10 09:22:48] currRead:[06-10 09:22:48] currWrite:[06-10 09:22:48] readBehind:1 currReadOffset:0 offsetBehind:0 behindMaster:0 enqPutQueue:0 deqGetQueue:0 deqPutQueue:0 allCongestNum:0 enqExpiredStoreTime:01-01 00:00:00
2026-06-10 17:22:49 INFO FlushRealTimeService - PERF_COUNTER_FLUSH_DATA_TIME_MS[2026-06-10 09:22:49.66] num:20 cost:10003 tps:2.0094 min:0 max:99999999 tp50:0 tp80:0 tp90:0 tp99:0 tp999:0 0_1:20 2_5:0 6_10:0 11_50:0 51_100:0 101_500:0 501_999:0 1000_:0
2026-06-10 17:22:59 INFO TimerFlushService - [ASYNC_MASTER]Timer progress-check commitRead:[06-10 09:22:59] currRead:[06-10 09:22:59] currWrite:[06-10 09:22:59] readBehind:0 currReadOffset:0 offsetBehind:0 behindMaster:0 enqPutQueue:0 deqGetQueue:0 deqPutQueue:0 allCongestNum:0 enqExpiredStoreTime:01-01 00:00:00
2026-06-10 17:22:59 INFO FlushRealTimeService - PERF_COUNTER_FLUSH_DATA_TIME_MS[2026-06-10 09:22:59.663] num:20 cost:10003 tps:2.0094 min:0 max:99999999 tp50:0 tp80:0 tp90:0 tp99:0 tp999:0 0_1:20 2_5:0 6_10:0 11_50:0 51_100:0 101_500:0 501_999:0 1000_:0
2026-06-10 17:23:06 INFO compactionSchedule_2 - start to scan all topicConfig
2026-06-10 17:23:06 INFO compactionSchedule_2 - scan all topicConfig over
2026-06-10 17:23:09 INFO FlushRealTimeService - PERF_COUNTER_FLUSH_DATA_TIME_MS[2026-06-10 09:23:09.666] num:20 cost:10003 tps:2.0094 min:0 max:99999999 tp50:0 tp80:0 tp90:0 tp99:0 tp999:0 0_1:20 2_5:0 6_10:0 11_50:0 51_100:0 101_500:0 501_999:0 1000_:0
2026-06-10 17:23:09 INFO TimerFlushService - [ASYNC_MASTER]Timer progress-check commitRead:[06-10 09:23:09] currRead:[06-10 09:23:09] currWrite:[06-10 09:23:09] readBehind:0 currReadOffset:0 offsetBehind:0 behindMaster:0 enqPutQueue:0 deqGetQueue:0 deqPutQueue:0 allCongestNum:0 enqExpiredStoreTime:01-01 00:00:00
2026-06-10 17:23:19 INFO FlushRealTimeService - PERF_COUNTER_FLUSH_DATA_TIME_MS[2026-06-10 09:23:19.669] num:20 cost:10003 tps:2.0094 min:0 max:99999999 tp50:0 tp80:0 tp90:0 tp99:0 tp999:0 0_1:20 2_5:0 6_10:0 11_50:0 51_100:0 101_500:0 501_999:0 1000_:0
2026-06-10 17:23:20 INFO TimerFlushService - [ASYNC_MASTER]Timer progress-check commitRead:[06-10 09:23:20] currRead:[06-10 09:23:20] currWrite:[06-10 09:23:20] readBehind:0 currReadOffset:0 offsetBehind:0 behindMaster:0 enqPutQueue:0 deqGetQueue:0 deqPutQueue:0 allCongestNum:0 enqExpiredStoreTime:01-01 00:00:00
2026-06-10 17:23:29 INFO FlushRealTimeService - PERF_COUNTER_FLUSH_DATA_TIME_MS[2026-06-10 09:23:29.672] num:20 cost:10003 tps:2.0094 min:0 max:99999999 tp50:0 tp80:0 tp90:0 tp99:0 tp999:0 0_1:20 2_5:0 6_10:0 11_50:0 51_100:0 101_500:0 501_999:0 1000_:0
2026-06-10 17:23:30 INFO TimerFlushService - [ASYNC_MASTER]Timer progress-check commitRead:[06-10 09:23:30] currRead:[06-10 09:23:30] currWrite:[06-10 09:23:30] readBehind:0 currReadOffset:0 offsetBehind:0 behindMaster:0 enqPutQueue:0 deqGetQueue:0 deqPutQueue:0 allCongestNum:0 enqExpiredStoreTime:01-01 00:00:00
2026-06-10 17:23:36 INFO compactionSchedule_2 - start to scan all topicConfig
2026-06-10 17:23:36 INFO compactionSchedule_2 - scan all topicConfig over
2026-06-10 17:23:37 INFO StoreStatsService - [STORETPS] put_tps 0.0 get_found_tps 0.0 get_miss_tps 38.844173373993904 get_transferred_tps 0.0
2026-06-10 17:23:37 INFO StoreStatsService - findPutMessageEntireTimePX 0.99=0.00ms cost 0ms
2026-06-10 17:23:37 INFO StoreStatsService - findPutMessageEntireTimePX 0.999=0.00ms cost 0ms
2026-06-10 17:23:37 INFO StoreStatsService - [PAGECACHERT] TotalPut 0, PutMessageDistributeTime [<=0ms]:0 [0~10ms]:0 [10~50ms]:0 [50~100ms]:0 [100~200ms]:0 [200~500ms]:0 [500ms~1s]:0 [1~2s]:0 [2~3s]:0 [3~4s]:0 [4~5s]:0 [5~10s]:0 [10s~]:0 
2026-06-10 17:23:39 INFO FlushRealTimeService - PERF_COUNTER_FLUSH_DATA_TIME_MS[2026-06-10 09:23:39.674] num:20 cost:10002 tps:2.0096 min:0 max:99999999 tp50:0 tp80:0 tp90:0 tp99:0 tp999:0 0_1:20 2_5:0 6_10:0 11_50:0 51_100:0 101_500:0 501_999:0 1000_:0
2026-06-10 17:23:41 INFO TimerFlushService - [ASYNC_MASTER]Timer progress-check commitRead:[06-10 09:23:41] currRead:[06-10 09:23:41] currWrite:[06-10 09:23:41] readBehind:0 currReadOffset:0 offsetBehind:0 behindMaster:0 enqPutQueue:0 deqGetQueue:0 deqPutQueue:0 allCongestNum:0 enqExpiredStoreTime:01-01 00:00:00
2026-06-10 17:23:49 INFO FlushRealTimeService - PERF_COUNTER_FLUSH_DATA_TIME_MS[2026-06-10 09:23:49.677] num:20 cost:10003 tps:2.0094 min:0 max:99999999 tp50:0 tp80:0 tp90:0 tp99:0 tp999:0 0_1:20 2_5:0 6_10:0 11_50:0 51_100:0 101_500:0 501_999:0 1000_:0
2026-06-10 17:23:51 INFO TimerFlushService - [ASYNC_MASTER]Timer progress-check commitRead:[06-10 09:23:51] currRead:[06-10 09:23:51] currWrite:[06-10 09:23:51] readBehind:0 currReadOffset:0 offsetBehind:0 behindMaster:0 enqPutQueue:0 deqGetQueue:0 deqPutQueue:0 allCongestNum:0 enqExpiredStoreTime:01-01 00:00:00
2026-06-10 17:23:59 INFO FlushRealTimeService - PERF_COUNTER_FLUSH_DATA_TIME_MS[2026-06-10 09:23:59.68] num:20 cost:10002 tps:2.0096 min:0 max:99999999 tp50:0 tp80:0 tp90:0 tp99:0 tp999:0 0_1:20 2_5:0 6_10:0 11_50:0 51_100:0 101_500:0 501_999:0 1000_:0
2026-06-10 17:24:02 INFO TimerFlushService - [ASYNC_MASTER]Timer progress-check commitRead:[06-10 09:24:02] currRead:[06-10 09:24:02] currWrite:[06-10 09:24:02] readBehind:0 currReadOffset:0 offsetBehind:0 behindMaster:0 enqPutQueue:0 deqGetQueue:0 deqPutQueue:0 allCongestNum:0 enqExpiredStoreTime:01-01 00:00:00
2026-06-10 17:24:06 INFO compactionSchedule_2 - start to scan all topicConfig
2026-06-10 17:24:06 INFO compactionSchedule_2 - scan all topicConfig over
2026-06-10 17:24:09 INFO FlushRealTimeService - PERF_COUNTER_FLUSH_DATA_TIME_MS[2026-06-10 09:24:09.683] num:20 cost:10002 tps:2.0096 min:0 max:99999999 tp50:0 tp80:0 tp90:0 tp99:0 tp999:0 0_1:20 2_5:0 6_10:0 11_50:0 51_100:0 101_500:0 501_999:0 1000_:0
2026-06-10 17:24:12 INFO TimerFlushService - [ASYNC_MASTER]Timer progress-check commitRead:[06-10 09:24:12] currRead:[06-10 09:24:12] currWrite:[06-10 09:24:12] readBehind:0 currReadOffset:0 offsetBehind:0 behindMaster:0 enqPutQueue:0 deqGetQueue:0 deqPutQueue:0 allCongestNum:0 enqExpiredStoreTime:01-01 00:00:00
2026-06-10 17:24:19 INFO FlushRealTimeService - PERF_COUNTER_FLUSH_DATA_TIME_MS[2026-06-10 09:24:19.686] num:20 cost:10003 tps:2.0094 min:0 max:99999999 tp50:0 tp80:0 tp90:0 tp99:0 tp999:0 0_1:20 2_5:0 6_10:0 11_50:0 51_100:0 101_500:0 501_999:0 1000_:0
2026-06-10 17:24:22 INFO TimerFlushService - [ASYNC_MASTER]Timer progress-check commitRead:[06-10 09:24:22] currRead:[06-10 09:24:22] currWrite:[06-10 09:24:22] readBehind:0 currReadOffset:0 offsetBehind:0 behindMaster:0 enqPutQueue:0 deqGetQueue:0 deqPutQueue:0 allCongestNum:0 enqExpiredStoreTime:01-01 00:00:00
2026-06-10 17:24:29 INFO FlushRealTimeService - PERF_COUNTER_FLUSH_DATA_TIME_MS[2026-06-10 09:24:29.689] num:20 cost:10003 tps:2.0094 min:0 max:99999999 tp50:0 tp80:0 tp90:0 tp99:0 tp999:0 0_1:20 2_5:0 6_10:0 11_50:0 51_100:0 101_500:0 501_999:0 1000_:0
2026-06-10 17:24:33 INFO TimerFlushService - [ASYNC_MASTER]Timer progress-check commitRead:[06-10 09:24:33] currRead:[06-10 09:24:33] currWrite:[06-10 09:24:33] readBehind:0 currReadOffset:0 offsetBehind:0 behindMaster:0 enqPutQueue:0 deqGetQueue:0 deqPutQueue:0 allCongestNum:0 enqExpiredStoreTime:01-01 00:00:00
2026-06-10 17:24:36 INFO compactionSchedule_2 - start to scan all topicConfig
2026-06-10 17:24:36 INFO compactionSchedule_2 - scan all topicConfig over
2026-06-10 17:24:37 INFO StoreStatsService - [STORETPS] put_tps 0.0 get_found_tps 0.0 get_miss_tps 42.72621229795035 get_transferred_tps 0.0
2026-06-10 17:24:37 INFO StoreStatsService - findPutMessageEntireTimePX 0.99=0.00ms cost 0ms
2026-06-10 17:24:37 INFO StoreStatsService - findPutMessageEntireTimePX 0.999=0.00ms cost 0ms
2026-06-10 17:24:37 INFO StoreStatsService - [PAGECACHERT] TotalPut 0, PutMessageDistributeTime [<=0ms]:0 [0~10ms]:0 [10~50ms]:0 [50~100ms]:0 [100~200ms]:0 [200~500ms]:0 [500ms~1s]:0 [1~2s]:0 [2~3s]:0 [3~4s]:0 [4~5s]:0 [5~10s]:0 [10s~]:0 
2026-06-10 17:24:39 INFO FlushRealTimeService - PERF_COUNTER_FLUSH_DATA_TIME_MS[2026-06-10 09:24:39.692] num:20 cost:10003 tps:2.0094 min:0 max:99999999 tp50:0 tp80:0 tp90:0 tp99:0 tp999:0 0_1:20 2_5:0 6_10:0 11_50:0 51_100:0 101_500:0 501_999:0 1000_:0
2026-06-10 17:24:43 INFO TimerFlushService - [ASYNC_MASTER]Timer progress-check commitRead:[06-10 09:24:43] currRead:[06-10 09:24:43] currWrite:[06-10 09:24:43] readBehind:0 currReadOffset:0 offsetBehind:0 behindMaster:0 enqPutQueue:0 deqGetQueue:0 deqPutQueue:0 allCongestNum:0 enqExpiredStoreTime:01-01 00:00:00
2026-06-10 17:24:49 INFO FlushRealTimeService - PERF_COUNTER_FLUSH_DATA_TIME_MS[2026-06-10 09:24:49.695] num:20 cost:10002 tps:2.0096 min:0 max:99999999 tp50:0 tp80:0 tp90:0 tp99:0 tp999:0 0_1:20 2_5:0 6_10:0 11_50:0 51_100:0 101_500:0 501_999:0 1000_:0
2026-06-10 17:24:54 INFO TimerFlushService - [ASYNC_MASTER]Timer progress-check commitRead:[06-10 09:24:54] currRead:[06-10 09:24:54] currWrite:[06-10 09:24:54] readBehind:0 currReadOffset:0 offsetBehind:0 behindMaster:0 enqPutQueue:0 deqGetQueue:0 deqPutQueue:0 allCongestNum:0 enqExpiredStoreTime:01-01 00:00:00
2026-06-10 17:24:59 INFO FlushRealTimeService - PERF_COUNTER_FLUSH_DATA_TIME_MS[2026-06-10 09:24:59.698] num:20 cost:10002 tps:2.0096 min:0 max:99999999 tp50:0 tp80:0 tp90:0 tp99:0 tp999:0 0_1:20 2_5:0 6_10:0 11_50:0 51_100:0 101_500:0 501_999:0 1000_:0
2026-06-10 17:25:04 INFO TimerFlushService - [ASYNC_MASTER]Timer progress-check commitRead:[06-10 09:25:04] currRead:[06-10 09:25:04] currWrite:[06-10 09:25:04] readBehind:0 currReadOffset:0 offsetBehind:0 behindMaster:0 enqPutQueue:0 deqGetQueue:0 deqPutQueue:0 allCongestNum:0 enqExpiredStoreTime:01-01 00:00:00
2026-06-10 17:25:06 INFO compactionSchedule_2 - start to scan all topicConfig
2026-06-10 17:25:06 INFO compactionSchedule_2 - scan all topicConfig over
2026-06-10 17:25:09 INFO FlushRealTimeService - PERF_COUNTER_FLUSH_DATA_TIME_MS[2026-06-10 09:25:09.701] num:20 cost:10003 tps:2.0094 min:0 max:99999999 tp50:0 tp80:0 tp90:0 tp99:0 tp999:0 0_1:20 2_5:0 6_10:0 11_50:0 51_100:0 101_500:0 501_999:0 1000_:0
2026-06-10 17:25:14 INFO TimerFlushService - [ASYNC_MASTER]Timer progress-check commitRead:[06-10 09:25:14] currRead:[06-10 09:25:14] currWrite:[06-10 09:25:14] readBehind:0 currReadOffset:0 offsetBehind:0 behindMaster:0 enqPutQueue:0 deqGetQueue:0 deqPutQueue:0 allCongestNum:0 enqExpiredStoreTime:01-01 00:00:00
2026-06-10 17:25:19 INFO FlushRealTimeService - PERF_COUNTER_FLUSH_DATA_TIME_MS[2026-06-10 09:25:19.704] num:20 cost:10002 tps:2.0096 min:0 max:99999999 tp50:0 tp80:0 tp90:0 tp99:0 tp999:0 0_1:20 2_5:0 6_10:0 11_50:0 51_100:0 101_500:0 501_999:0 1000_:0
2026-06-10 17:25:25 INFO TimerFlushService - [ASYNC_MASTER]Timer progress-check commitRead:[06-10 09:25:25] currRead:[06-10 09:25:25] currWrite:[06-10 09:25:25] readBehind:0 currReadOffset:0 offsetBehind:0 behindMaster:0 enqPutQueue:0 deqGetQueue:0 deqPutQueue:0 allCongestNum:0 enqExpiredStoreTime:01-01 00:00:00
2026-06-10 17:25:29 INFO FlushRealTimeService - PERF_COUNTER_FLUSH_DATA_TIME_MS[2026-06-10 09:25:29.707] num:20 cost:10002 tps:2.0096 min:0 max:99999999 tp50:0 tp80:0 tp90:0 tp99:0 tp999:0 0_1:20 2_5:0 6_10:0 11_50:0 51_100:0 101_500:0 501_999:0 1000_:0
2026-06-10 17:25:35 INFO TimerFlushService - [ASYNC_MASTER]Timer progress-check commitRead:[06-10 09:25:35] currRead:[06-10 09:25:35] currWrite:[06-10 09:25:35] readBehind:0 currReadOffset:0 offsetBehind:0 behindMaster:0 enqPutQueue:0 deqGetQueue:0 deqPutQueue:0 allCongestNum:0 enqExpiredStoreTime:01-01 00:00:00
2026-06-10 17:25:36 INFO compactionSchedule_2 - start to scan all topicConfig
2026-06-10 17:25:36 INFO compactionSchedule_2 - scan all topicConfig over
2026-06-10 17:25:37 INFO StoreStatsService - [STORETPS] put_tps 0.0 get_found_tps 0.0 get_miss_tps 39.07747171257645 get_transferred_tps 0.0
2026-06-10 17:25:37 INFO StoreStatsService - findPutMessageEntireTimePX 0.99=0.00ms cost 0ms
2026-06-10 17:25:37 INFO StoreStatsService - findPutMessageEntireTimePX 0.999=0.00ms cost 0ms
2026-06-10 17:25:37 INFO StoreStatsService - [PAGECACHERT] TotalPut 0, PutMessageDistributeTime [<=0ms]:0 [0~10ms]:0 [10~50ms]:0 [50~100ms]:0 [100~200ms]:0 [200~500ms]:0 [500ms~1s]:0 [1~2s]:0 [2~3s]:0 [3~4s]:0 [4~5s]:0 [5~10s]:0 [10s~]:0 
2026-06-10 17:25:39 INFO FlushRealTimeService - PERF_COUNTER_FLUSH_DATA_TIME_MS[2026-06-10 09:25:39.71] num:20 cost:10003 tps:2.0094 min:0 max:99999999 tp50:0 tp80:0 tp90:0 tp99:0 tp999:0 0_1:20 2_5:0 6_10:0 11_50:0 51_100:0 101_500:0 501_999:0 1000_:0
2026-06-10 17:25:45 INFO TimerFlushService - [ASYNC_MASTER]Timer progress-check commitRead:[06-10 09:25:45] currRead:[06-10 09:25:45] currWrite:[06-10 09:25:45] readBehind:0 currReadOffset:0 offsetBehind:0 behindMaster:0 enqPutQueue:0 deqGetQueue:0 deqPutQueue:0 allCongestNum:0 enqExpiredStoreTime:01-01 00:00:00
2026-06-10 17:25:49 INFO FlushRealTimeService - PERF_COUNTER_FLUSH_DATA_TIME_MS[2026-06-10 09:25:49.713] num:20 cost:10003 tps:2.0094 min:0 max:99999999 tp50:0 tp80:0 tp90:0 tp99:0 tp999:0 0_1:20 2_5:0 6_10:0 11_50:0 51_100:0 101_500:0 501_999:0 1000_:0
2026-06-10 17:25:56 INFO TimerFlushService - [ASYNC_MASTER]Timer progress-check commitRead:[06-10 09:25:56] currRead:[06-10 09:25:56] currWrite:[06-10 09:25:56] readBehind:0 currReadOffset:0 offsetBehind:0 behindMaster:0 enqPutQueue:0 deqGetQueue:0 deqPutQueue:0 allCongestNum:0 enqExpiredStoreTime:01-01 00:00:00
2026-06-10 17:25:59 INFO FlushRealTimeService - PERF_COUNTER_FLUSH_DATA_TIME_MS[2026-06-10 09:25:59.716] num:20 cost:10003 tps:2.0094 min:0 max:99999999 tp50:0 tp80:0 tp90:0 tp99:0 tp999:0 0_1:20 2_5:0 6_10:0 11_50:0 51_100:0 101_500:0 501_999:0 1000_:0
2026-06-10 17:26:06 INFO compactionSchedule_2 - start to scan all topicConfig
2026-06-10 17:26:06 INFO compactionSchedule_2 - scan all topicConfig over
2026-06-10 17:26:06 INFO TimerFlushService - [ASYNC_MASTER]Timer progress-check commitRead:[06-10 09:26:06] currRead:[06-10 09:26:06] currWrite:[06-10 09:26:06] readBehind:0 currReadOffset:0 offsetBehind:0 behindMaster:0 enqPutQueue:0 deqGetQueue:0 deqPutQueue:0 allCongestNum:0 enqExpiredStoreTime:01-01 00:00:00
2026-06-10 17:26:09 INFO FlushRealTimeService - PERF_COUNTER_FLUSH_DATA_TIME_MS[2026-06-10 09:26:09.719] num:20 cost:10003 tps:2.0094 min:0 max:99999999 tp50:0 tp80:0 tp90:0 tp99:0 tp999:0 0_1:20 2_5:0 6_10:0 11_50:0 51_100:0 101_500:0 501_999:0 1000_:0
2026-06-10 17:26:17 INFO TimerFlushService - [ASYNC_MASTER]Timer progress-check commitRead:[06-10 09:26:16] currRead:[06-10 09:26:16] currWrite:[06-10 09:26:16] readBehind:0 currReadOffset:0 offsetBehind:0 behindMaster:0 enqPutQueue:0 deqGetQueue:0 deqPutQueue:0 allCongestNum:0 enqExpiredStoreTime:01-01 00:00:00
2026-06-10 17:26:19 INFO FlushRealTimeService - PERF_COUNTER_FLUSH_DATA_TIME_MS[2026-06-10 09:26:19.721] num:20 cost:10002 tps:2.0096 min:0 max:99999999 tp50:0 tp80:0 tp90:0 tp99:0 tp999:0 0_1:20 2_5:0 6_10:0 11_50:0 51_100:0 101_500:0 501_999:0 1000_:0
2026-06-10 17:26:27 INFO TimerFlushService - [ASYNC_MASTER]Timer progress-check commitRead:[06-10 09:26:27] currRead:[06-10 09:26:27] currWrite:[06-10 09:26:27] readBehind:0 currReadOffset:0 offsetBehind:0 behindMaster:0 enqPutQueue:0 deqGetQueue:0 deqPutQueue:0 allCongestNum:0 enqExpiredStoreTime:01-01 00:00:00
2026-06-10 17:26:29 INFO FlushRealTimeService - PERF_COUNTER_FLUSH_DATA_TIME_MS[2026-06-10 09:26:29.724] num:20 cost:10003 tps:2.0094 min:0 max:99999999 tp50:0 tp80:0 tp90:0 tp99:0 tp999:0 0_1:20 2_5:0 6_10:0 11_50:0 51_100:0 101_500:0 501_999:0 1000_:0
2026-06-10 17:26:36 INFO compactionSchedule_2 - start to scan all topicConfig
2026-06-10 17:26:36 INFO compactionSchedule_2 - scan all topicConfig over
2026-06-10 17:26:37 INFO StoreStatsService - [STORETPS] put_tps 0.0 get_found_tps 0.0 get_miss_tps 41.109815030828194 get_transferred_tps 0.0
2026-06-10 17:26:37 INFO StoreStatsService - findPutMessageEntireTimePX 0.99=0.00ms cost 0ms
2026-06-10 17:26:37 INFO StoreStatsService - findPutMessageEntireTimePX 0.999=0.00ms cost 0ms
2026-06-10 17:26:37 INFO StoreStatsService - [PAGECACHERT] TotalPut 0, PutMessageDistributeTime [<=0ms]:0 [0~10ms]:0 [10~50ms]:0 [50~100ms]:0 [100~200ms]:0 [200~500ms]:0 [500ms~1s]:0 [1~2s]:0 [2~3s]:0 [3~4s]:0 [4~5s]:0 [5~10s]:0 [10s~]:0 
2026-06-10 17:26:37 INFO TimerFlushService - [ASYNC_MASTER]Timer progress-check commitRead:[06-10 09:26:37] currRead:[06-10 09:26:37] currWrite:[06-10 09:26:37] readBehind:0 currReadOffset:0 offsetBehind:0 behindMaster:0 enqPutQueue:0 deqGetQueue:0 deqPutQueue:0 allCongestNum:0 enqExpiredStoreTime:01-01 00:00:00
2026-06-10 17:26:39 INFO FlushRealTimeService - PERF_COUNTER_FLUSH_DATA_TIME_MS[2026-06-10 09:26:39.727] num:20 cost:10002 tps:2.0096 min:0 max:1 tp50:0 tp80:0 tp90:0 tp99:1 tp999:1 0_1:20 2_5:0 6_10:0 11_50:0 51_100:0 101_500:0 501_999:0 1000_:0
2026-06-10 17:26:48 INFO TimerFlushService - [ASYNC_MASTER]Timer progress-check commitRead:[06-10 09:26:48] currRead:[06-10 09:26:48] currWrite:[06-10 09:26:48] readBehind:0 currReadOffset:0 offsetBehind:0 behindMaster:0 enqPutQueue:0 deqGetQueue:0 deqPutQueue:0 allCongestNum:0 enqExpiredStoreTime:01-01 00:00:00
2026-06-10 17:26:49 INFO FlushRealTimeService - PERF_COUNTER_FLUSH_DATA_TIME_MS[2026-06-10 09:26:49.731] num:20 cost:10003 tps:2.0094 min:0 max:99999999 tp50:0 tp80:0 tp90:0 tp99:0 tp999:0 0_1:20 2_5:0 6_10:0 11_50:0 51_100:0 101_500:0 501_999:0 1000_:0
2026-06-10 17:26:58 INFO TimerFlushService - [ASYNC_MASTER]Timer progress-check commitRead:[06-10 09:26:58] currRead:[06-10 09:26:58] currWrite:[06-10 09:26:58] readBehind:0 currReadOffset:0 offsetBehind:0 behindMaster:0 enqPutQueue:0 deqGetQueue:0 deqPutQueue:0 allCongestNum:0 enqExpiredStoreTime:01-01 00:00:00
2026-06-10 17:26:59 INFO FlushRealTimeService - PERF_COUNTER_FLUSH_DATA_TIME_MS[2026-06-10 09:26:59.733] num:20 cost:10002 tps:2.0096 min:0 max:99999999 tp50:0 tp80:0 tp90:0 tp99:0 tp999:0 0_1:20 2_5:0 6_10:0 11_50:0 51_100:0 101_500:0 501_999:0 1000_:0
2026-06-10 17:27:06 INFO compactionSchedule_2 - start to scan all topicConfig
2026-06-10 17:27:06 INFO compactionSchedule_2 - scan all topicConfig over
2026-06-10 17:27:09 INFO TimerFlushService - [ASYNC_MASTER]Timer progress-check commitRead:[06-10 09:27:08] currRead:[06-10 09:27:08] currWrite:[06-10 09:27:08] readBehind:1 currReadOffset:0 offsetBehind:0 behindMaster:0 enqPutQueue:0 deqGetQueue:0 deqPutQueue:0 allCongestNum:0 enqExpiredStoreTime:01-01 00:00:00
2026-06-10 17:27:09 INFO FlushRealTimeService - PERF_COUNTER_FLUSH_DATA_TIME_MS[2026-06-10 09:27:09.736] num:20 cost:10002 tps:2.0096 min:0 max:99999999 tp50:0 tp80:0 tp90:0 tp99:0 tp999:0 0_1:20 2_5:0 6_10:0 11_50:0 51_100:0 101_500:0 501_999:0 1000_:0
2026-06-10 17:27:19 INFO TimerFlushService - [ASYNC_MASTER]Timer progress-check commitRead:[06-10 09:27:19] currRead:[06-10 09:27:19] currWrite:[06-10 09:27:19] readBehind:0 currReadOffset:0 offsetBehind:0 behindMaster:0 enqPutQueue:0 deqGetQueue:0 deqPutQueue:0 allCongestNum:0 enqExpiredStoreTime:01-01 00:00:00
2026-06-10 17:27:19 INFO FlushRealTimeService - PERF_COUNTER_FLUSH_DATA_TIME_MS[2026-06-10 09:27:19.739] num:20 cost:10002 tps:2.0096 min:0 max:99999999 tp50:0 tp80:0 tp90:0 tp99:0 tp999:0 0_1:20 2_5:0 6_10:0 11_50:0 51_100:0 101_500:0 501_999:0 1000_:0
2026-06-10 17:27:29 INFO FlushRealTimeService - PERF_COUNTER_FLUSH_DATA_TIME_MS[2026-06-10 09:27:29.742] num:20 cost:10003 tps:2.0094 min:0 max:99999999 tp50:0 tp80:0 tp90:0 tp99:0 tp999:0 0_1:20 2_5:0 6_10:0 11_50:0 51_100:0 101_500:0 501_999:0 1000_:0
2026-06-10 17:27:29 INFO TimerFlushService - [ASYNC_MASTER]Timer progress-check commitRead:[06-10 09:27:29] currRead:[06-10 09:27:29] currWrite:[06-10 09:27:29] readBehind:0 currReadOffset:0 offsetBehind:0 behindMaster:0 enqPutQueue:0 deqGetQueue:0 deqPutQueue:0 allCongestNum:0 enqExpiredStoreTime:01-01 00:00:00
2026-06-10 17:27:36 INFO compactionSchedule_2 - start to scan all topicConfig
2026-06-10 17:27:36 INFO compactionSchedule_2 - scan all topicConfig over
2026-06-10 17:27:37 INFO StoreStatsService - [STORETPS] put_tps 0.0 get_found_tps 0.0 get_miss_tps 41.14382842573614 get_transferred_tps 0.0
2026-06-10 17:27:37 INFO StoreStatsService - findPutMessageEntireTimePX 0.99=0.00ms cost 0ms
2026-06-10 17:27:37 INFO StoreStatsService - findPutMessageEntireTimePX 0.999=0.00ms cost 0ms
2026-06-10 17:27:37 INFO StoreStatsService - [PAGECACHERT] TotalPut 0, PutMessageDistributeTime [<=0ms]:0 [0~10ms]:0 [10~50ms]:0 [50~100ms]:0 [100~200ms]:0 [200~500ms]:0 [500ms~1s]:0 [1~2s]:0 [2~3s]:0 [3~4s]:0 [4~5s]:0 [5~10s]:0 [10s~]:0 
2026-06-10 17:27:39 INFO FlushRealTimeService - PERF_COUNTER_FLUSH_DATA_TIME_MS[2026-06-10 09:27:39.745] num:20 cost:10003 tps:2.0094 min:0 max:1 tp50:0 tp80:0 tp90:0 tp99:1 tp999:1 0_1:20 2_5:0 6_10:0 11_50:0 51_100:0 101_500:0 501_999:0 1000_:0
2026-06-10 17:27:40 INFO TimerFlushService - [ASYNC_MASTER]Timer progress-check commitRead:[06-10 09:27:40] currRead:[06-10 09:27:40] currWrite:[06-10 09:27:40] readBehind:0 currReadOffset:0 offsetBehind:0 behindMaster:0 enqPutQueue:0 deqGetQueue:0 deqPutQueue:0 allCongestNum:0 enqExpiredStoreTime:01-01 00:00:00
2026-06-10 17:27:49 INFO FlushRealTimeService - PERF_COUNTER_FLUSH_DATA_TIME_MS[2026-06-10 09:27:49.748] num:20 cost:10003 tps:2.0094 min:0 max:1 tp50:0 tp80:0 tp90:0 tp99:1 tp999:1 0_1:20 2_5:0 6_10:0 11_50:0 51_100:0 101_500:0 501_999:0 1000_:0
2026-06-10 17:27:50 INFO TimerFlushService - [ASYNC_MASTER]Timer progress-check commitRead:[06-10 09:27:50] currRead:[06-10 09:27:50] currWrite:[06-10 09:27:50] readBehind:0 currReadOffset:0 offsetBehind:0 behindMaster:0 enqPutQueue:0 deqGetQueue:0 deqPutQueue:0 allCongestNum:0 enqExpiredStoreTime:01-01 00:00:00
2026-06-10 17:27:59 INFO FlushRealTimeService - PERF_COUNTER_FLUSH_DATA_TIME_MS[2026-06-10 09:27:59.751] num:20 cost:10003 tps:2.0094 min:0 max:1 tp50:0 tp80:0 tp90:0 tp99:1 tp999:1 0_1:20 2_5:0 6_10:0 11_50:0 51_100:0 101_500:0 501_999:0 1000_:0
2026-06-10 17:28:00 INFO TimerFlushService - [ASYNC_MASTER]Timer progress-check commitRead:[06-10 09:28:00] currRead:[06-10 09:28:00] currWrite:[06-10 09:28:00] readBehind:0 currReadOffset:0 offsetBehind:0 behindMaster:0 enqPutQueue:0 deqGetQueue:0 deqPutQueue:0 allCongestNum:0 enqExpiredStoreTime:01-01 00:00:00
2026-06-10 17:28:06 INFO compactionSchedule_2 - start to scan all topicConfig
2026-06-10 17:28:06 INFO compactionSchedule_2 - scan all topicConfig over
2026-06-10 17:28:09 INFO FlushRealTimeService - PERF_COUNTER_FLUSH_DATA_TIME_MS[2026-06-10 09:28:09.754] num:20 cost:10003 tps:2.0094 min:0 max:99999999 tp50:0 tp80:0 tp90:0 tp99:0 tp999:0 0_1:20 2_5:0 6_10:0 11_50:0 51_100:0 101_500:0 501_999:0 1000_:0
2026-06-10 17:28:11 INFO TimerFlushService - [ASYNC_MASTER]Timer progress-check commitRead:[06-10 09:28:11] currRead:[06-10 09:28:11] currWrite:[06-10 09:28:11] readBehind:0 currReadOffset:0 offsetBehind:0 behindMaster:0 enqPutQueue:0 deqGetQueue:0 deqPutQueue:0 allCongestNum:0 enqExpiredStoreTime:01-01 00:00:00
2026-06-10 17:28:19 INFO FlushRealTimeService - PERF_COUNTER_FLUSH_DATA_TIME_MS[2026-06-10 09:28:19.757] num:20 cost:10003 tps:2.0094 min:0 max:99999999 tp50:0 tp80:0 tp90:0 tp99:0 tp999:0 0_1:20 2_5:0 6_10:0 11_50:0 51_100:0 101_500:0 501_999:0 1000_:0
2026-06-10 17:28:21 INFO TimerFlushService - [ASYNC_MASTER]Timer progress-check commitRead:[06-10 09:28:21] currRead:[06-10 09:28:21] currWrite:[06-10 09:28:21] readBehind:0 currReadOffset:0 offsetBehind:0 behindMaster:0 enqPutQueue:0 deqGetQueue:0 deqPutQueue:0 allCongestNum:0 enqExpiredStoreTime:01-01 00:00:00
2026-06-10 17:28:29 INFO FlushRealTimeService - PERF_COUNTER_FLUSH_DATA_TIME_MS[2026-06-10 09:28:29.759] num:20 cost:10002 tps:2.0096 min:0 max:1 tp50:0 tp80:0 tp90:0 tp99:1 tp999:1 0_1:20 2_5:0 6_10:0 11_50:0 51_100:0 101_500:0 501_999:0 1000_:0
2026-06-10 17:28:32 INFO TimerFlushService - [ASYNC_MASTER]Timer progress-check commitRead:[06-10 09:28:32] currRead:[06-10 09:28:32] currWrite:[06-10 09:28:32] readBehind:0 currReadOffset:0 offsetBehind:0 behindMaster:0 enqPutQueue:0 deqGetQueue:0 deqPutQueue:0 allCongestNum:0 enqExpiredStoreTime:01-01 00:00:00
2026-06-10 17:28:36 INFO compactionSchedule_2 - start to scan all topicConfig
2026-06-10 17:28:36 INFO compactionSchedule_2 - scan all topicConfig over
2026-06-10 17:28:37 INFO StoreStatsService - [STORETPS] put_tps 0.0 get_found_tps 0.0 get_miss_tps 39.0281295827223 get_transferred_tps 0.0
2026-06-10 17:28:37 INFO StoreStatsService - findPutMessageEntireTimePX 0.99=0.00ms cost 0ms
2026-06-10 17:28:37 INFO StoreStatsService - findPutMessageEntireTimePX 0.999=0.00ms cost 0ms
2026-06-10 17:28:37 INFO StoreStatsService - [PAGECACHERT] TotalPut 0, PutMessageDistributeTime [<=0ms]:0 [0~10ms]:0 [10~50ms]:0 [50~100ms]:0 [100~200ms]:0 [200~500ms]:0 [500ms~1s]:0 [1~2s]:0 [2~3s]:0 [3~4s]:0 [4~5s]:0 [5~10s]:0 [10s~]:0 
2026-06-10 17:28:39 INFO FlushRealTimeService - PERF_COUNTER_FLUSH_DATA_TIME_MS[2026-06-10 09:28:39.762] num:20 cost:10003 tps:2.0094 min:0 max:99999999 tp50:0 tp80:0 tp90:0 tp99:0 tp999:0 0_1:20 2_5:0 6_10:0 11_50:0 51_100:0 101_500:0 501_999:0 1000_:0
2026-06-10 17:28:42 INFO TimerFlushService - [ASYNC_MASTER]Timer progress-check commitRead:[06-10 09:28:42] currRead:[06-10 09:28:42] currWrite:[06-10 09:28:42] readBehind:0 currReadOffset:0 offsetBehind:0 behindMaster:0 enqPutQueue:0 deqGetQueue:0 deqPutQueue:0 allCongestNum:0 enqExpiredStoreTime:01-01 00:00:00
2026-06-10 17:28:49 INFO FlushRealTimeService - PERF_COUNTER_FLUSH_DATA_TIME_MS[2026-06-10 09:28:49.765] num:20 cost:10003 tps:2.0094 min:0 max:99999999 tp50:0 tp80:0 tp90:0 tp99:0 tp999:0 0_1:20 2_5:0 6_10:0 11_50:0 51_100:0 101_500:0 501_999:0 1000_:0
2026-06-10 17:28:53 INFO TimerFlushService - [ASYNC_MASTER]Timer progress-check commitRead:[06-10 09:28:53] currRead:[06-10 09:28:53] currWrite:[06-10 09:28:53] readBehind:0 currReadOffset:0 offsetBehind:0 behindMaster:0 enqPutQueue:0 deqGetQueue:0 deqPutQueue:0 allCongestNum:0 enqExpiredStoreTime:01-01 00:00:00
2026-06-10 17:28:59 INFO FlushRealTimeService - PERF_COUNTER_FLUSH_DATA_TIME_MS[2026-06-10 09:28:59.768] num:20 cost:10003 tps:2.0094 min:0 max:1 tp50:0 tp80:0 tp90:0 tp99:1 tp999:1 0_1:20 2_5:0 6_10:0 11_50:0 51_100:0 101_500:0 501_999:0 1000_:0
2026-06-10 17:29:04 INFO TimerFlushService - [ASYNC_MASTER]Timer progress-check commitRead:[06-10 09:29:03] currRead:[06-10 09:29:03] currWrite:[06-10 09:29:03] readBehind:0 currReadOffset:0 offsetBehind:0 behindMaster:0 enqPutQueue:0 deqGetQueue:0 deqPutQueue:0 allCongestNum:0 enqExpiredStoreTime:01-01 00:00:00
2026-06-10 17:29:06 INFO compactionSchedule_2 - start to scan all topicConfig
2026-06-10 17:29:06 INFO compactionSchedule_2 - scan all topicConfig over
2026-06-10 17:29:09 INFO FlushRealTimeService - PERF_COUNTER_FLUSH_DATA_TIME_MS[2026-06-10 09:29:09.77] num:20 cost:10002 tps:2.0096 min:0 max:99999999 tp50:0 tp80:0 tp90:0 tp99:0 tp999:0 0_1:20 2_5:0 6_10:0 11_50:0 51_100:0 101_500:0 501_999:0 1000_:0
2026-06-10 17:29:14 INFO TimerFlushService - [ASYNC_MASTER]Timer progress-check commitRead:[06-10 09:29:14] currRead:[06-10 09:29:14] currWrite:[06-10 09:29:14] readBehind:0 currReadOffset:0 offsetBehind:0 behindMaster:0 enqPutQueue:0 deqGetQueue:0 deqPutQueue:0 allCongestNum:0 enqExpiredStoreTime:01-01 00:00:00
2026-06-10 17:29:19 INFO FlushRealTimeService - PERF_COUNTER_FLUSH_DATA_TIME_MS[2026-06-10 09:29:19.773] num:20 cost:10003 tps:2.0094 min:0 max:99999999 tp50:0 tp80:0 tp90:0 tp99:0 tp999:0 0_1:20 2_5:0 6_10:0 11_50:0 51_100:0 101_500:0 501_999:0 1000_:0
2026-06-10 17:29:25 INFO TimerFlushService - [ASYNC_MASTER]Timer progress-check commitRead:[06-10 09:29:25] currRead:[06-10 09:29:25] currWrite:[06-10 09:29:25] readBehind:0 currReadOffset:0 offsetBehind:0 behindMaster:0 enqPutQueue:0 deqGetQueue:0 deqPutQueue:0 allCongestNum:0 enqExpiredStoreTime:01-01 00:00:00
2026-06-10 17:29:29 INFO FlushRealTimeService - PERF_COUNTER_FLUSH_DATA_TIME_MS[2026-06-10 09:29:29.776] num:20 cost:10003 tps:2.0094 min:0 max:1 tp50:0 tp80:0 tp90:0 tp99:1 tp999:1 0_1:20 2_5:0 6_10:0 11_50:0 51_100:0 101_500:0 501_999:0 1000_:0
2026-06-10 17:29:36 INFO TimerFlushService - [ASYNC_MASTER]Timer progress-check commitRead:[06-10 09:29:35] currRead:[06-10 09:29:35] currWrite:[06-10 09:29:36] readBehind:1 currReadOffset:0 offsetBehind:0 behindMaster:0 enqPutQueue:0 deqGetQueue:0 deqPutQueue:0 allCongestNum:0 enqExpiredStoreTime:01-01 00:00:00
2026-06-10 17:29:36 INFO compactionSchedule_2 - start to scan all topicConfig
2026-06-10 17:29:36 INFO compactionSchedule_2 - scan all topicConfig over
2026-06-10 17:29:37 INFO StoreStatsService - [STORETPS] put_tps 0.0 get_found_tps 0.0 get_miss_tps 42.74501308180712 get_transferred_tps 0.0
2026-06-10 17:29:37 INFO StoreStatsService - findPutMessageEntireTimePX 0.99=0.00ms cost 0ms
2026-06-10 17:29:37 INFO StoreStatsService - findPutMessageEntireTimePX 0.999=0.00ms cost 0ms
2026-06-10 17:29:37 INFO StoreStatsService - [PAGECACHERT] TotalPut 0, PutMessageDistributeTime [<=0ms]:0 [0~10ms]:0 [10~50ms]:0 [50~100ms]:0 [100~200ms]:0 [200~500ms]:0 [500ms~1s]:0 [1~2s]:0 [2~3s]:0 [3~4s]:0 [4~5s]:0 [5~10s]:0 [10s~]:0 
2026-06-10 17:29:39 INFO FlushRealTimeService - PERF_COUNTER_FLUSH_DATA_TIME_MS[2026-06-10 09:29:39.779] num:20 cost:10003 tps:2.0094 min:0 max:99999999 tp50:0 tp80:0 tp90:0 tp99:0 tp999:0 0_1:20 2_5:0 6_10:0 11_50:0 51_100:0 101_500:0 501_999:0 1000_:0
2026-06-10 17:29:46 INFO TimerFlushService - [ASYNC_MASTER]Timer progress-check commitRead:[06-10 09:29:46] currRead:[06-10 09:29:46] currWrite:[06-10 09:29:46] readBehind:0 currReadOffset:0 offsetBehind:0 behindMaster:0 enqPutQueue:0 deqGetQueue:0 deqPutQueue:0 allCongestNum:0 enqExpiredStoreTime:01-01 00:00:00
2026-06-10 17:29:49 INFO FlushRealTimeService - PERF_COUNTER_FLUSH_DATA_TIME_MS[2026-06-10 09:29:49.782] num:20 cost:10003 tps:2.0094 min:0 max:99999999 tp50:0 tp80:0 tp90:0 tp99:0 tp999:0 0_1:20 2_5:0 6_10:0 11_50:0 51_100:0 101_500:0 501_999:0 1000_:0
2026-06-10 17:29:57 INFO TimerFlushService - [ASYNC_MASTER]Timer progress-check commitRead:[06-10 09:29:57] currRead:[06-10 09:29:57] currWrite:[06-10 09:29:57] readBehind:0 currReadOffset:0 offsetBehind:0 behindMaster:0 enqPutQueue:0 deqGetQueue:0 deqPutQueue:0 allCongestNum:0 enqExpiredStoreTime:01-01 00:00:00
2026-06-10 17:29:59 INFO FlushRealTimeService - PERF_COUNTER_FLUSH_DATA_TIME_MS[2026-06-10 09:29:59.785] num:20 cost:10003 tps:2.0094 min:0 max:99999999 tp50:0 tp80:0 tp90:0 tp99:0 tp999:0 0_1:20 2_5:0 6_10:0 11_50:0 51_100:0 101_500:0 501_999:0 1000_:0
2026-06-10 17:30:06 INFO compactionSchedule_2 - start to scan all topicConfig
2026-06-10 17:30:06 INFO compactionSchedule_2 - scan all topicConfig over
2026-06-10 17:30:07 INFO TimerFlushService - [ASYNC_MASTER]Timer progress-check commitRead:[06-10 09:30:07] currRead:[06-10 09:30:07] currWrite:[06-10 09:30:07] readBehind:0 currReadOffset:0 offsetBehind:0 behindMaster:0 enqPutQueue:0 deqGetQueue:0 deqPutQueue:0 allCongestNum:0 enqExpiredStoreTime:01-01 00:00:00
2026-06-10 17:30:09 INFO FlushRealTimeService - PERF_COUNTER_FLUSH_DATA_TIME_MS[2026-06-10 09:30:09.789] num:20 cost:10003 tps:2.0094 min:0 max:99999999 tp50:0 tp80:0 tp90:0 tp99:0 tp999:0 0_1:20 2_5:0 6_10:0 11_50:0 51_100:0 101_500:0 501_999:0 1000_:0
2026-06-10 17:30:18 INFO TimerFlushService - [ASYNC_MASTER]Timer progress-check commitRead:[06-10 09:30:18] currRead:[06-10 09:30:18] currWrite:[06-10 09:30:18] readBehind:0 currReadOffset:0 offsetBehind:0 behindMaster:0 enqPutQueue:0 deqGetQueue:0 deqPutQueue:0 allCongestNum:0 enqExpiredStoreTime:01-01 00:00:00
2026-06-10 17:30:19 INFO FlushRealTimeService - PERF_COUNTER_FLUSH_DATA_TIME_MS[2026-06-10 09:30:19.792] num:20 cost:10003 tps:2.0094 min:0 max:99999999 tp50:0 tp80:0 tp90:0 tp99:0 tp999:0 0_1:20 2_5:0 6_10:0 11_50:0 51_100:0 101_500:0 501_999:0 1000_:0
2026-06-10 17:30:29 INFO TimerFlushService - [ASYNC_MASTER]Timer progress-check commitRead:[06-10 09:30:29] currRead:[06-10 09:30:29] currWrite:[06-10 09:30:29] readBehind:0 currReadOffset:0 offsetBehind:0 behindMaster:0 enqPutQueue:0 deqGetQueue:0 deqPutQueue:0 allCongestNum:0 enqExpiredStoreTime:01-01 00:00:00
2026-06-10 17:30:29 INFO FlushRealTimeService - PERF_COUNTER_FLUSH_DATA_TIME_MS[2026-06-10 09:30:29.795] num:20 cost:10003 tps:2.0094 min:0 max:99999999 tp50:0 tp80:0 tp90:0 tp99:0 tp999:0 0_1:20 2_5:0 6_10:0 11_50:0 51_100:0 101_500:0 501_999:0 1000_:0
2026-06-10 17:30:36 INFO compactionSchedule_2 - start to scan all topicConfig
2026-06-10 17:30:36 INFO compactionSchedule_2 - scan all topicConfig over
2026-06-10 17:30:37 INFO StoreStatsService - [STORETPS] put_tps 0.0 get_found_tps 0.0 get_miss_tps 38.87750170807712 get_transferred_tps 0.0
2026-06-10 17:30:37 INFO StoreStatsService - findPutMessageEntireTimePX 0.99=0.00ms cost 0ms
2026-06-10 17:30:37 INFO StoreStatsService - findPutMessageEntireTimePX 0.999=0.00ms cost 0ms
2026-06-10 17:30:37 INFO StoreStatsService - [PAGECACHERT] TotalPut 0, PutMessageDistributeTime [<=0ms]:0 [0~10ms]:0 [10~50ms]:0 [50~100ms]:0 [100~200ms]:0 [200~500ms]:0 [500ms~1s]:0 [1~2s]:0 [2~3s]:0 [3~4s]:0 [4~5s]:0 [5~10s]:0 [10s~]:0 
2026-06-10 17:30:39 INFO FlushRealTimeService - PERF_COUNTER_FLUSH_DATA_TIME_MS[2026-06-10 09:30:39.798] num:20 cost:10003 tps:2.0094 min:0 max:99999999 tp50:0 tp80:0 tp90:0 tp99:0 tp999:0 0_1:20 2_5:0 6_10:0 11_50:0 51_100:0 101_500:0 501_999:0 1000_:0
2026-06-10 17:30:40 INFO TimerFlushService - [ASYNC_MASTER]Timer progress-check commitRead:[06-10 09:30:40] currRead:[06-10 09:30:40] currWrite:[06-10 09:30:40] readBehind:0 currReadOffset:0 offsetBehind:0 behindMaster:0 enqPutQueue:0 deqGetQueue:0 deqPutQueue:0 allCongestNum:0 enqExpiredStoreTime:01-01 00:00:00
2026-06-10 17:30:49 INFO FlushRealTimeService - PERF_COUNTER_FLUSH_DATA_TIME_MS[2026-06-10 09:30:49.801] num:20 cost:10003 tps:2.0094 min:0 max:99999999 tp50:0 tp80:0 tp90:0 tp99:0 tp999:0 0_1:20 2_5:0 6_10:0 11_50:0 51_100:0 101_500:0 501_999:0 1000_:0
2026-06-10 17:30:51 INFO TimerFlushService - [ASYNC_MASTER]Timer progress-check commitRead:[06-10 09:30:50] currRead:[06-10 09:30:50] currWrite:[06-10 09:30:51] readBehind:1 currReadOffset:0 offsetBehind:0 behindMaster:0 enqPutQueue:0 deqGetQueue:0 deqPutQueue:0 allCongestNum:0 enqExpiredStoreTime:01-01 00:00:00
2026-06-10 17:30:59 INFO FlushRealTimeService - PERF_COUNTER_FLUSH_DATA_TIME_MS[2026-06-10 09:30:59.804] num:20 cost:10003 tps:2.0094 min:0 max:99999999 tp50:0 tp80:0 tp90:0 tp99:0 tp999:0 0_1:20 2_5:0 6_10:0 11_50:0 51_100:0 101_500:0 501_999:0 1000_:0
2026-06-10 17:31:02 INFO TimerFlushService - [ASYNC_MASTER]Timer progress-check commitRead:[06-10 09:31:01] currRead:[06-10 09:31:01] currWrite:[06-10 09:31:01] readBehind:0 currReadOffset:0 offsetBehind:0 behindMaster:0 enqPutQueue:0 deqGetQueue:0 deqPutQueue:0 allCongestNum:0 enqExpiredStoreTime:01-01 00:00:00
2026-06-10 17:31:06 INFO compactionSchedule_2 - start to scan all topicConfig
2026-06-10 17:31:06 INFO compactionSchedule_2 - scan all topicConfig over
2026-06-10 17:31:09 INFO FlushRealTimeService - PERF_COUNTER_FLUSH_DATA_TIME_MS[2026-06-10 09:31:09.807] num:20 cost:10003 tps:2.0094 min:0 max:99999999 tp50:0 tp80:0 tp90:0 tp99:0 tp999:0 0_1:20 2_5:0 6_10:0 11_50:0 51_100:0 101_500:0 501_999:0 1000_:0
2026-06-10 17:31:13 INFO TimerFlushService - [ASYNC_MASTER]Timer progress-check commitRead:[06-10 09:31:12] currRead:[06-10 09:31:12] currWrite:[06-10 09:31:12] readBehind:0 currReadOffset:0 offsetBehind:0 behindMaster:0 enqPutQueue:0 deqGetQueue:0 deqPutQueue:0 allCongestNum:0 enqExpiredStoreTime:01-01 00:00:00
2026-06-10 17:31:19 INFO FlushRealTimeService - PERF_COUNTER_FLUSH_DATA_TIME_MS[2026-06-10 09:31:19.81] num:20 cost:10003 tps:2.0094 min:0 max:1 tp50:0 tp80:0 tp90:0 tp99:1 tp999:1 0_1:20 2_5:0 6_10:0 11_50:0 51_100:0 101_500:0 501_999:0 1000_:0
2026-06-10 17:31:23 INFO TimerFlushService - [ASYNC_MASTER]Timer progress-check commitRead:[06-10 09:31:23] currRead:[06-10 09:31:23] currWrite:[06-10 09:31:23] readBehind:0 currReadOffset:0 offsetBehind:0 behindMaster:0 enqPutQueue:0 deqGetQueue:0 deqPutQueue:0 allCongestNum:0 enqExpiredStoreTime:01-01 00:00:00
2026-06-10 17:31:29 INFO FlushRealTimeService - PERF_COUNTER_FLUSH_DATA_TIME_MS[2026-06-10 09:31:29.813] num:20 cost:10003 tps:2.0094 min:0 max:99999999 tp50:0 tp80:0 tp90:0 tp99:0 tp999:0 0_1:20 2_5:0 6_10:0 11_50:0 51_100:0 101_500:0 501_999:0 1000_:0
2026-06-10 17:31:34 INFO TimerFlushService - [ASYNC_MASTER]Timer progress-check commitRead:[06-10 09:31:34] currRead:[06-10 09:31:34] currWrite:[06-10 09:31:34] readBehind:0 currReadOffset:0 offsetBehind:0 behindMaster:0 enqPutQueue:0 deqGetQueue:0 deqPutQueue:0 allCongestNum:0 enqExpiredStoreTime:01-01 00:00:00
2026-06-10 17:31:36 INFO compactionSchedule_2 - start to scan all topicConfig
2026-06-10 17:31:36 INFO compactionSchedule_2 - scan all topicConfig over
2026-06-10 17:31:37 INFO StoreStatsService - [STORETPS] put_tps 0.0 get_found_tps 0.0 get_miss_tps 41.29380592911063 get_transferred_tps 0.0
2026-06-10 17:31:37 INFO StoreStatsService - findPutMessageEntireTimePX 0.99=0.00ms cost 0ms
2026-06-10 17:31:37 INFO StoreStatsService - findPutMessageEntireTimePX 0.999=0.00ms cost 0ms
2026-06-10 17:31:37 INFO StoreStatsService - [PAGECACHERT] TotalPut 0, PutMessageDistributeTime [<=0ms]:0 [0~10ms]:0 [10~50ms]:0 [50~100ms]:0 [100~200ms]:0 [200~500ms]:0 [500ms~1s]:0 [1~2s]:0 [2~3s]:0 [3~4s]:0 [4~5s]:0 [5~10s]:0 [10s~]:0 
2026-06-10 17:31:39 INFO FlushRealTimeService - PERF_COUNTER_FLUSH_DATA_TIME_MS[2026-06-10 09:31:39.816] num:20 cost:10003 tps:2.0094 min:0 max:99999999 tp50:0 tp80:0 tp90:0 tp99:0 tp999:0 0_1:20 2_5:0 6_10:0 11_50:0 51_100:0 101_500:0 501_999:0 1000_:0
2026-06-10 17:31:45 INFO TimerFlushService - [ASYNC_MASTER]Timer progress-check commitRead:[06-10 09:31:45] currRead:[06-10 09:31:45] currWrite:[06-10 09:31:45] readBehind:0 currReadOffset:0 offsetBehind:0 behindMaster:0 enqPutQueue:0 deqGetQueue:0 deqPutQueue:0 allCongestNum:0 enqExpiredStoreTime:01-01 00:00:00
2026-06-10 17:31:49 INFO FlushRealTimeService - PERF_COUNTER_FLUSH_DATA_TIME_MS[2026-06-10 09:31:49.819] num:20 cost:10003 tps:2.0094 min:0 max:99999999 tp50:0 tp80:0 tp90:0 tp99:0 tp999:0 0_1:20 2_5:0 6_10:0 11_50:0 51_100:0 101_500:0 501_999:0 1000_:0
2026-06-10 17:31:56 INFO TimerFlushService - [ASYNC_MASTER]Timer progress-check commitRead:[06-10 09:31:56] currRead:[06-10 09:31:56] currWrite:[06-10 09:31:56] readBehind:0 currReadOffset:0 offsetBehind:0 behindMaster:0 enqPutQueue:0 deqGetQueue:0 deqPutQueue:0 allCongestNum:0 enqExpiredStoreTime:01-01 00:00:00
2026-06-10 17:31:59 INFO FlushRealTimeService - PERF_COUNTER_FLUSH_DATA_TIME_MS[2026-06-10 09:31:59.822] num:20 cost:10003 tps:2.0094 min:0 max:99999999 tp50:0 tp80:0 tp90:0 tp99:0 tp999:0 0_1:20 2_5:0 6_10:0 11_50:0 51_100:0 101_500:0 501_999:0 1000_:0
2026-06-10 17:32:06 INFO compactionSchedule_2 - start to scan all topicConfig
2026-06-10 17:32:06 INFO compactionSchedule_2 - scan all topicConfig over
2026-06-10 17:32:06 INFO TimerFlushService - [ASYNC_MASTER]Timer progress-check commitRead:[06-10 09:32:06] currRead:[06-10 09:32:06] currWrite:[06-10 09:32:06] readBehind:0 currReadOffset:0 offsetBehind:0 behindMaster:0 enqPutQueue:0 deqGetQueue:0 deqPutQueue:0 allCongestNum:0 enqExpiredStoreTime:01-01 00:00:00
2026-06-10 17:32:09 INFO FlushRealTimeService - PERF_COUNTER_FLUSH_DATA_TIME_MS[2026-06-10 09:32:09.825] num:20 cost:10003 tps:2.0094 min:0 max:99999999 tp50:0 tp80:0 tp90:0 tp99:0 tp999:0 0_1:20 2_5:0 6_10:0 11_50:0 51_100:0 101_500:0 501_999:0 1000_:0
2026-06-10 17:32:17 INFO TimerFlushService - [ASYNC_MASTER]Timer progress-check commitRead:[06-10 09:32:17] currRead:[06-10 09:32:17] currWrite:[06-10 09:32:17] readBehind:0 currReadOffset:0 offsetBehind:0 behindMaster:0 enqPutQueue:0 deqGetQueue:0 deqPutQueue:0 allCongestNum:0 enqExpiredStoreTime:01-01 00:00:00
2026-06-10 17:32:19 INFO FlushRealTimeService - PERF_COUNTER_FLUSH_DATA_TIME_MS[2026-06-10 09:32:19.828] num:20 cost:10003 tps:2.0094 min:0 max:99999999 tp50:0 tp80:0 tp90:0 tp99:0 tp999:0 0_1:20 2_5:0 6_10:0 11_50:0 51_100:0 101_500:0 501_999:0 1000_:0
2026-06-10 17:32:28 INFO TimerFlushService - [ASYNC_MASTER]Timer progress-check commitRead:[06-10 09:32:28] currRead:[06-10 09:32:28] currWrite:[06-10 09:32:28] readBehind:0 currReadOffset:0 offsetBehind:0 behindMaster:0 enqPutQueue:0 deqGetQueue:0 deqPutQueue:0 allCongestNum:0 enqExpiredStoreTime:01-01 00:00:00
2026-06-10 17:32:29 INFO FlushRealTimeService - PERF_COUNTER_FLUSH_DATA_TIME_MS[2026-06-10 09:32:29.832] num:20 cost:10004 tps:2.0092 min:0 max:99999999 tp50:0 tp80:0 tp90:0 tp99:0 tp999:0 0_1:20 2_5:0 6_10:0 11_50:0 51_100:0 101_500:0 501_999:0 1000_:0
2026-06-10 17:32:36 INFO compactionSchedule_2 - start to scan all topicConfig
2026-06-10 17:32:36 INFO compactionSchedule_2 - scan all topicConfig over
2026-06-10 17:32:37 INFO StoreStatsService - [STORETPS] put_tps 0.0 get_found_tps 0.0 get_miss_tps 40.96052258827842 get_transferred_tps 0.0
2026-06-10 17:32:37 INFO StoreStatsService - findPutMessageEntireTimePX 0.99=0.00ms cost 0ms
2026-06-10 17:32:37 INFO StoreStatsService - findPutMessageEntireTimePX 0.999=0.00ms cost 0ms
2026-06-10 17:32:37 INFO StoreStatsService - [PAGECACHERT] TotalPut 0, PutMessageDistributeTime [<=0ms]:0 [0~10ms]:0 [10~50ms]:0 [50~100ms]:0 [100~200ms]:0 [200~500ms]:0 [500ms~1s]:0 [1~2s]:0 [2~3s]:0 [3~4s]:0 [4~5s]:0 [5~10s]:0 [10s~]:0 
2026-06-10 17:32:39 INFO TimerFlushService - [ASYNC_MASTER]Timer progress-check commitRead:[06-10 09:32:39] currRead:[06-10 09:32:39] currWrite:[06-10 09:32:39] readBehind:0 currReadOffset:0 offsetBehind:0 behindMaster:0 enqPutQueue:0 deqGetQueue:0 deqPutQueue:0 allCongestNum:0 enqExpiredStoreTime:01-01 00:00:00
2026-06-10 17:32:39 INFO FlushRealTimeService - PERF_COUNTER_FLUSH_DATA_TIME_MS[2026-06-10 09:32:39.835] num:20 cost:10003 tps:2.0094 min:0 max:99999999 tp50:0 tp80:0 tp90:0 tp99:0 tp999:0 0_1:20 2_5:0 6_10:0 11_50:0 51_100:0 101_500:0 501_999:0 1000_:0
2026-06-10 17:32:49 INFO FlushRealTimeService - PERF_COUNTER_FLUSH_DATA_TIME_MS[2026-06-10 09:32:49.838] num:20 cost:10003 tps:2.0094 min:0 max:99999999 tp50:0 tp80:0 tp90:0 tp99:0 tp999:0 0_1:20 2_5:0 6_10:0 11_50:0 51_100:0 101_500:0 501_999:0 1000_:0
2026-06-10 17:32:50 INFO TimerFlushService - [ASYNC_MASTER]Timer progress-check commitRead:[06-10 09:32:50] currRead:[06-10 09:32:50] currWrite:[06-10 09:32:50] readBehind:0 currReadOffset:0 offsetBehind:0 behindMaster:0 enqPutQueue:0 deqGetQueue:0 deqPutQueue:0 allCongestNum:0 enqExpiredStoreTime:01-01 00:00:00
2026-06-10 17:32:59 INFO FlushRealTimeService - PERF_COUNTER_FLUSH_DATA_TIME_MS[2026-06-10 09:32:59.841] num:20 cost:10003 tps:2.0094 min:0 max:99999999 tp50:0 tp80:0 tp90:0 tp99:0 tp999:0 0_1:20 2_5:0 6_10:0 11_50:0 51_100:0 101_500:0 501_999:0 1000_:0
2026-06-10 17:33:01 INFO TimerFlushService - [ASYNC_MASTER]Timer progress-check commitRead:[06-10 09:33:01] currRead:[06-10 09:33:01] currWrite:[06-10 09:33:01] readBehind:0 currReadOffset:0 offsetBehind:0 behindMaster:0 enqPutQueue:0 deqGetQueue:0 deqPutQueue:0 allCongestNum:0 enqExpiredStoreTime:01-01 00:00:00
2026-06-10 17:33:06 INFO compactionSchedule_2 - start to scan all topicConfig
2026-06-10 17:33:06 INFO compactionSchedule_2 - scan all topicConfig over
2026-06-10 17:33:09 INFO FlushRealTimeService - PERF_COUNTER_FLUSH_DATA_TIME_MS[2026-06-10 09:33:09.844] num:20 cost:10003 tps:2.0094 min:0 max:99999999 tp50:0 tp80:0 tp90:0 tp99:0 tp999:0 0_1:20 2_5:0 6_10:0 11_50:0 51_100:0 101_500:0 501_999:0 1000_:0
2026-06-10 17:33:11 INFO TimerFlushService - [ASYNC_MASTER]Timer progress-check commitRead:[06-10 09:33:11] currRead:[06-10 09:33:11] currWrite:[06-10 09:33:11] readBehind:0 currReadOffset:0 offsetBehind:0 behindMaster:0 enqPutQueue:0 deqGetQueue:0 deqPutQueue:0 allCongestNum:0 enqExpiredStoreTime:01-01 00:00:00
2026-06-10 17:33:19 INFO FlushRealTimeService - PERF_COUNTER_FLUSH_DATA_TIME_MS[2026-06-10 09:33:19.848] num:20 cost:10004 tps:2.0092 min:0 max:99999999 tp50:0 tp80:0 tp90:0 tp99:0 tp999:0 0_1:20 2_5:0 6_10:0 11_50:0 51_100:0 101_500:0 501_999:0 1000_:0
2026-06-10 17:33:22 INFO TimerFlushService - [ASYNC_MASTER]Timer progress-check commitRead:[06-10 09:33:22] currRead:[06-10 09:33:22] currWrite:[06-10 09:33:22] readBehind:0 currReadOffset:0 offsetBehind:0 behindMaster:0 enqPutQueue:0 deqGetQueue:0 deqPutQueue:0 allCongestNum:0 enqExpiredStoreTime:01-01 00:00:00
2026-06-10 17:33:29 INFO FlushRealTimeService - PERF_COUNTER_FLUSH_DATA_TIME_MS[2026-06-10 09:33:29.851] num:20 cost:10003 tps:2.0094 min:0 max:1 tp50:0 tp80:0 tp90:0 tp99:1 tp999:1 0_1:20 2_5:0 6_10:0 11_50:0 51_100:0 101_500:0 501_999:0 1000_:0
2026-06-10 17:33:33 INFO TimerFlushService - [ASYNC_MASTER]Timer progress-check commitRead:[06-10 09:33:33] currRead:[06-10 09:33:33] currWrite:[06-10 09:33:33] readBehind:0 currReadOffset:0 offsetBehind:0 behindMaster:0 enqPutQueue:0 deqGetQueue:0 deqPutQueue:0 allCongestNum:0 enqExpiredStoreTime:01-01 00:00:00
2026-06-10 17:33:36 INFO compactionSchedule_2 - start to scan all topicConfig
2026-06-10 17:33:36 INFO compactionSchedule_2 - scan all topicConfig over
2026-06-10 17:33:37 INFO StoreStatsService - [STORETPS] put_tps 0.0 get_found_tps 0.0 get_miss_tps 39.17745671482611 get_transferred_tps 0.0
2026-06-10 17:33:37 INFO StoreStatsService - findPutMessageEntireTimePX 0.99=0.00ms cost 0ms
2026-06-10 17:33:37 INFO StoreStatsService - findPutMessageEntireTimePX 0.999=0.00ms cost 0ms
2026-06-10 17:33:37 INFO StoreStatsService - [PAGECACHERT] TotalPut 0, PutMessageDistributeTime [<=0ms]:0 [0~10ms]:0 [10~50ms]:0 [50~100ms]:0 [100~200ms]:0 [200~500ms]:0 [500ms~1s]:0 [1~2s]:0 [2~3s]:0 [3~4s]:0 [4~5s]:0 [5~10s]:0 [10s~]:0 
2026-06-10 17:33:39 INFO FlushRealTimeService - PERF_COUNTER_FLUSH_DATA_TIME_MS[2026-06-10 09:33:39.854] num:20 cost:10003 tps:2.0094 min:0 max:99999999 tp50:0 tp80:0 tp90:0 tp99:0 tp999:0 0_1:20 2_5:0 6_10:0 11_50:0 51_100:0 101_500:0 501_999:0 1000_:0
2026-06-10 17:33:43 INFO TimerFlushService - [ASYNC_MASTER]Timer progress-check commitRead:[06-10 09:33:43] currRead:[06-10 09:33:43] currWrite:[06-10 09:33:43] readBehind:0 currReadOffset:0 offsetBehind:0 behindMaster:0 enqPutQueue:0 deqGetQueue:0 deqPutQueue:0 allCongestNum:0 enqExpiredStoreTime:01-01 00:00:00
2026-06-10 17:33:49 INFO FlushRealTimeService - PERF_COUNTER_FLUSH_DATA_TIME_MS[2026-06-10 09:33:49.856] num:20 cost:10002 tps:2.0096 min:0 max:99999999 tp50:0 tp80:0 tp90:0 tp99:0 tp999:0 0_1:20 2_5:0 6_10:0 11_50:0 51_100:0 101_500:0 501_999:0 1000_:0
2026-06-10 17:33:54 INFO TimerFlushService - [ASYNC_MASTER]Timer progress-check commitRead:[06-10 09:33:54] currRead:[06-10 09:33:54] currWrite:[06-10 09:33:54] readBehind:0 currReadOffset:0 offsetBehind:0 behindMaster:0 enqPutQueue:0 deqGetQueue:0 deqPutQueue:0 allCongestNum:0 enqExpiredStoreTime:01-01 00:00:00
2026-06-10 17:33:59 INFO FlushRealTimeService - PERF_COUNTER_FLUSH_DATA_TIME_MS[2026-06-10 09:33:59.859] num:20 cost:10002 tps:2.0096 min:0 max:99999999 tp50:0 tp80:0 tp90:0 tp99:0 tp999:0 0_1:20 2_5:0 6_10:0 11_50:0 51_100:0 101_500:0 501_999:0 1000_:0
2026-06-10 17:34:05 INFO TimerFlushService - [ASYNC_MASTER]Timer progress-check commitRead:[06-10 09:34:05] currRead:[06-10 09:34:05] currWrite:[06-10 09:34:05] readBehind:0 currReadOffset:0 offsetBehind:0 behindMaster:0 enqPutQueue:0 deqGetQueue:0 deqPutQueue:0 allCongestNum:0 enqExpiredStoreTime:01-01 00:00:00
2026-06-10 17:34:06 INFO compactionSchedule_2 - start to scan all topicConfig
2026-06-10 17:34:06 INFO compactionSchedule_2 - scan all topicConfig over
2026-06-10 17:34:09 INFO FlushRealTimeService - PERF_COUNTER_FLUSH_DATA_TIME_MS[2026-06-10 09:34:09.862] num:20 cost:10002 tps:2.0096 min:0 max:99999999 tp50:0 tp80:0 tp90:0 tp99:0 tp999:0 0_1:20 2_5:0 6_10:0 11_50:0 51_100:0 101_500:0 501_999:0 1000_:0
2026-06-10 17:34:16 INFO TimerFlushService - [ASYNC_MASTER]Timer progress-check commitRead:[06-10 09:34:16] currRead:[06-10 09:34:16] currWrite:[06-10 09:34:16] readBehind:0 currReadOffset:0 offsetBehind:0 behindMaster:0 enqPutQueue:0 deqGetQueue:0 deqPutQueue:0 allCongestNum:0 enqExpiredStoreTime:01-01 00:00:00
2026-06-10 17:34:19 INFO FlushRealTimeService - PERF_COUNTER_FLUSH_DATA_TIME_MS[2026-06-10 09:34:19.865] num:20 cost:10002 tps:2.0096 min:0 max:99999999 tp50:0 tp80:0 tp90:0 tp99:0 tp999:0 0_1:20 2_5:0 6_10:0 11_50:0 51_100:0 101_500:0 501_999:0 1000_:0
2026-06-10 17:34:26 INFO TimerFlushService - [ASYNC_MASTER]Timer progress-check commitRead:[06-10 09:34:26] currRead:[06-10 09:34:26] currWrite:[06-10 09:34:26] readBehind:0 currReadOffset:0 offsetBehind:0 behindMaster:0 enqPutQueue:0 deqGetQueue:0 deqPutQueue:0 allCongestNum:0 enqExpiredStoreTime:01-01 00:00:00
2026-06-10 17:34:29 INFO FlushRealTimeService - PERF_COUNTER_FLUSH_DATA_TIME_MS[2026-06-10 09:34:29.869] num:20 cost:10003 tps:2.0094 min:0 max:99999999 tp50:0 tp80:0 tp90:0 tp99:0 tp999:0 0_1:20 2_5:0 6_10:0 11_50:0 51_100:0 101_500:0 501_999:0 1000_:0
2026-06-10 17:34:36 INFO compactionSchedule_2 - start to scan all topicConfig
2026-06-10 17:34:36 INFO compactionSchedule_2 - scan all topicConfig over
2026-06-10 17:34:37 INFO TimerFlushService - [ASYNC_MASTER]Timer progress-check commitRead:[06-10 09:34:37] currRead:[06-10 09:34:37] currWrite:[06-10 09:34:37] readBehind:0 currReadOffset:0 offsetBehind:0 behindMaster:0 enqPutQueue:0 deqGetQueue:0 deqPutQueue:0 allCongestNum:0 enqExpiredStoreTime:01-01 00:00:00
2026-06-10 17:34:37 INFO StoreStatsService - [STORETPS] put_tps 0.0 get_found_tps 0.0 get_miss_tps 42.76025262877235 get_transferred_tps 0.0
2026-06-10 17:34:37 INFO StoreStatsService - findPutMessageEntireTimePX 0.99=0.00ms cost 0ms
2026-06-10 17:34:37 INFO StoreStatsService - findPutMessageEntireTimePX 0.999=0.00ms cost 0ms
2026-06-10 17:34:37 INFO StoreStatsService - [PAGECACHERT] TotalPut 0, PutMessageDistributeTime [<=0ms]:0 [0~10ms]:0 [10~50ms]:0 [50~100ms]:0 [100~200ms]:0 [200~500ms]:0 [500ms~1s]:0 [1~2s]:0 [2~3s]:0 [3~4s]:0 [4~5s]:0 [5~10s]:0 [10s~]:0 
2026-06-10 17:34:39 INFO FlushRealTimeService - PERF_COUNTER_FLUSH_DATA_TIME_MS[2026-06-10 09:34:39.872] num:20 cost:10003 tps:2.0094 min:0 max:99999999 tp50:0 tp80:0 tp90:0 tp99:0 tp999:0 0_1:20 2_5:0 6_10:0 11_50:0 51_100:0 101_500:0 501_999:0 1000_:0
2026-06-10 17:34:47 INFO TimerFlushService - [ASYNC_MASTER]Timer progress-check commitRead:[06-10 09:34:47] currRead:[06-10 09:34:47] currWrite:[06-10 09:34:47] readBehind:0 currReadOffset:0 offsetBehind:0 behindMaster:0 enqPutQueue:0 deqGetQueue:0 deqPutQueue:0 allCongestNum:0 enqExpiredStoreTime:01-01 00:00:00
2026-06-10 17:34:49 INFO FlushRealTimeService - PERF_COUNTER_FLUSH_DATA_TIME_MS[2026-06-10 09:34:49.875] num:20 cost:10003 tps:2.0094 min:0 max:99999999 tp50:0 tp80:0 tp90:0 tp99:0 tp999:0 0_1:20 2_5:0 6_10:0 11_50:0 51_100:0 101_500:0 501_999:0 1000_:0
2026-06-10 17:34:57 INFO TimerFlushService - [ASYNC_MASTER]Timer progress-check commitRead:[06-10 09:34:57] currRead:[06-10 09:34:57] currWrite:[06-10 09:34:57] readBehind:0 currReadOffset:0 offsetBehind:0 behindMaster:0 enqPutQueue:0 deqGetQueue:0 deqPutQueue:0 allCongestNum:0 enqExpiredStoreTime:01-01 00:00:00
2026-06-10 17:34:59 INFO FlushRealTimeService - PERF_COUNTER_FLUSH_DATA_TIME_MS[2026-06-10 09:34:59.878] num:20 cost:10003 tps:2.0094 min:0 max:99999999 tp50:0 tp80:0 tp90:0 tp99:0 tp999:0 0_1:20 2_5:0 6_10:0 11_50:0 51_100:0 101_500:0 501_999:0 1000_:0
2026-06-10 17:35:06 INFO compactionSchedule_2 - start to scan all topicConfig
2026-06-10 17:35:06 INFO compactionSchedule_2 - scan all topicConfig over
2026-06-10 17:35:08 INFO TimerFlushService - [ASYNC_MASTER]Timer progress-check commitRead:[06-10 09:35:08] currRead:[06-10 09:35:08] currWrite:[06-10 09:35:08] readBehind:0 currReadOffset:0 offsetBehind:0 behindMaster:0 enqPutQueue:0 deqGetQueue:0 deqPutQueue:0 allCongestNum:0 enqExpiredStoreTime:01-01 00:00:00
2026-06-10 17:35:09 INFO FlushRealTimeService - PERF_COUNTER_FLUSH_DATA_TIME_MS[2026-06-10 09:35:09.881] num:20 cost:10003 tps:2.0094 min:0 max:99999999 tp50:0 tp80:0 tp90:0 tp99:0 tp999:0 0_1:20 2_5:0 6_10:0 11_50:0 51_100:0 101_500:0 501_999:0 1000_:0
2026-06-10 17:35:18 INFO TimerFlushService - [ASYNC_MASTER]Timer progress-check commitRead:[06-10 09:35:18] currRead:[06-10 09:35:18] currWrite:[06-10 09:35:18] readBehind:0 currReadOffset:0 offsetBehind:0 behindMaster:0 enqPutQueue:0 deqGetQueue:0 deqPutQueue:0 allCongestNum:0 enqExpiredStoreTime:01-01 00:00:00
2026-06-10 17:35:19 INFO FlushRealTimeService - PERF_COUNTER_FLUSH_DATA_TIME_MS[2026-06-10 09:35:19.884] num:20 cost:10003 tps:2.0094 min:0 max:99999999 tp50:0 tp80:0 tp90:0 tp99:0 tp999:0 0_1:20 2_5:0 6_10:0 11_50:0 51_100:0 101_500:0 501_999:0 1000_:0
2026-06-10 17:35:28 INFO TimerFlushService - [ASYNC_MASTER]Timer progress-check commitRead:[06-10 09:35:28] currRead:[06-10 09:35:28] currWrite:[06-10 09:35:28] readBehind:0 currReadOffset:0 offsetBehind:0 behindMaster:0 enqPutQueue:0 deqGetQueue:0 deqPutQueue:0 allCongestNum:0 enqExpiredStoreTime:01-01 00:00:00
2026-06-10 17:35:29 INFO FlushRealTimeService - PERF_COUNTER_FLUSH_DATA_TIME_MS[2026-06-10 09:35:29.886] num:20 cost:10002 tps:2.0096 min:0 max:99999999 tp50:0 tp80:0 tp90:0 tp99:0 tp999:0 0_1:20 2_5:0 6_10:0 11_50:0 51_100:0 101_500:0 501_999:0 1000_:0
2026-06-10 17:35:36 INFO compactionSchedule_2 - start to scan all topicConfig
2026-06-10 17:35:36 INFO compactionSchedule_2 - scan all topicConfig over
2026-06-10 17:35:37 INFO StoreStatsService - [STORETPS] put_tps 0.0 get_found_tps 0.0 get_miss_tps 38.71086003766102 get_transferred_tps 0.0
2026-06-10 17:35:37 INFO StoreStatsService - findPutMessageEntireTimePX 0.99=0.00ms cost 0ms
2026-06-10 17:35:37 INFO StoreStatsService - findPutMessageEntireTimePX 0.999=0.00ms cost 0ms
2026-06-10 17:35:37 INFO StoreStatsService - [PAGECACHERT] TotalPut 0, PutMessageDistributeTime [<=0ms]:0 [0~10ms]:0 [10~50ms]:0 [50~100ms]:0 [100~200ms]:0 [200~500ms]:0 [500ms~1s]:0 [1~2s]:0 [2~3s]:0 [3~4s]:0 [4~5s]:0 [5~10s]:0 [10s~]:0 
2026-06-10 17:35:39 INFO TimerFlushService - [ASYNC_MASTER]Timer progress-check commitRead:[06-10 09:35:39] currRead:[06-10 09:35:39] currWrite:[06-10 09:35:39] readBehind:0 currReadOffset:0 offsetBehind:0 behindMaster:0 enqPutQueue:0 deqGetQueue:0 deqPutQueue:0 allCongestNum:0 enqExpiredStoreTime:01-01 00:00:00
2026-06-10 17:35:39 INFO FlushRealTimeService - PERF_COUNTER_FLUSH_DATA_TIME_MS[2026-06-10 09:35:39.889] num:20 cost:10003 tps:2.0094 min:0 max:1 tp50:0 tp80:0 tp90:0 tp99:1 tp999:1 0_1:20 2_5:0 6_10:0 11_50:0 51_100:0 101_500:0 501_999:0 1000_:0
2026-06-10 17:35:49 INFO TimerFlushService - [ASYNC_MASTER]Timer progress-check commitRead:[06-10 09:35:49] currRead:[06-10 09:35:49] currWrite:[06-10 09:35:49] readBehind:0 currReadOffset:0 offsetBehind:0 behindMaster:0 enqPutQueue:0 deqGetQueue:0 deqPutQueue:0 allCongestNum:0 enqExpiredStoreTime:01-01 00:00:00
2026-06-10 17:35:49 INFO FlushRealTimeService - PERF_COUNTER_FLUSH_DATA_TIME_MS[2026-06-10 09:35:49.892] num:20 cost:10003 tps:2.0094 min:0 max:99999999 tp50:0 tp80:0 tp90:0 tp99:0 tp999:0 0_1:20 2_5:0 6_10:0 11_50:0 51_100:0 101_500:0 501_999:0 1000_:0
2026-06-10 17:35:59 INFO FlushRealTimeService - PERF_COUNTER_FLUSH_DATA_TIME_MS[2026-06-10 09:35:59.895] num:20 cost:10003 tps:2.0094 min:0 max:1 tp50:0 tp80:0 tp90:0 tp99:1 tp999:1 0_1:20 2_5:0 6_10:0 11_50:0 51_100:0 101_500:0 501_999:0 1000_:0
2026-06-10 17:35:59 INFO TimerFlushService - [ASYNC_MASTER]Timer progress-check commitRead:[06-10 09:35:59] currRead:[06-10 09:35:59] currWrite:[06-10 09:35:59] readBehind:0 currReadOffset:0 offsetBehind:0 behindMaster:0 enqPutQueue:0 deqGetQueue:0 deqPutQueue:0 allCongestNum:0 enqExpiredStoreTime:01-01 00:00:00
2026-06-10 17:36:06 INFO compactionSchedule_2 - start to scan all topicConfig
2026-06-10 17:36:06 INFO compactionSchedule_2 - scan all topicConfig over
2026-06-10 17:36:09 INFO FlushRealTimeService - PERF_COUNTER_FLUSH_DATA_TIME_MS[2026-06-10 09:36:09.898] num:20 cost:10003 tps:2.0094 min:0 max:99999999 tp50:0 tp80:0 tp90:0 tp99:0 tp999:0 0_1:20 2_5:0 6_10:0 11_50:0 51_100:0 101_500:0 501_999:0 1000_:0
2026-06-10 17:36:10 INFO TimerFlushService - [ASYNC_MASTER]Timer progress-check commitRead:[06-10 09:36:10] currRead:[06-10 09:36:10] currWrite:[06-10 09:36:10] readBehind:0 currReadOffset:0 offsetBehind:0 behindMaster:0 enqPutQueue:0 deqGetQueue:0 deqPutQueue:0 allCongestNum:0 enqExpiredStoreTime:01-01 00:00:00
2026-06-10 17:36:19 INFO FlushRealTimeService - PERF_COUNTER_FLUSH_DATA_TIME_MS[2026-06-10 09:36:19.901] num:20 cost:10003 tps:2.0094 min:0 max:99999999 tp50:0 tp80:0 tp90:0 tp99:0 tp999:0 0_1:20 2_5:0 6_10:0 11_50:0 51_100:0 101_500:0 501_999:0 1000_:0
2026-06-10 17:36:20 INFO TimerFlushService - [ASYNC_MASTER]Timer progress-check commitRead:[06-10 09:36:20] currRead:[06-10 09:36:20] currWrite:[06-10 09:36:20] readBehind:0 currReadOffset:0 offsetBehind:0 behindMaster:0 enqPutQueue:0 deqGetQueue:0 deqPutQueue:0 allCongestNum:0 enqExpiredStoreTime:01-01 00:00:00
2026-06-10 17:36:29 INFO FlushRealTimeService - PERF_COUNTER_FLUSH_DATA_TIME_MS[2026-06-10 09:36:29.904] num:20 cost:10003 tps:2.0094 min:0 max:99999999 tp50:0 tp80:0 tp90:0 tp99:0 tp999:0 0_1:20 2_5:0 6_10:0 11_50:0 51_100:0 101_500:0 501_999:0 1000_:0
2026-06-10 17:36:30 INFO TimerFlushService - [ASYNC_MASTER]Timer progress-check commitRead:[06-10 09:36:30] currRead:[06-10 09:36:30] currWrite:[06-10 09:36:30] readBehind:0 currReadOffset:0 offsetBehind:0 behindMaster:0 enqPutQueue:0 deqGetQueue:0 deqPutQueue:0 allCongestNum:0 enqExpiredStoreTime:01-01 00:00:00
2026-06-10 17:36:36 INFO compactionSchedule_3 - start to scan all topicConfig
2026-06-10 17:36:36 INFO compactionSchedule_3 - scan all topicConfig over
2026-06-10 17:36:37 INFO StoreStatsService - [STORETPS] put_tps 0.0 get_found_tps 0.0 get_miss_tps 41.42711926544352 get_transferred_tps 0.0
2026-06-10 17:36:37 INFO StoreStatsService - findPutMessageEntireTimePX 0.99=0.00ms cost 0ms
2026-06-10 17:36:37 INFO StoreStatsService - findPutMessageEntireTimePX 0.999=0.00ms cost 0ms
2026-06-10 17:36:37 INFO StoreStatsService - [PAGECACHERT] TotalPut 0, PutMessageDistributeTime [<=0ms]:0 [0~10ms]:0 [10~50ms]:0 [50~100ms]:0 [100~200ms]:0 [200~500ms]:0 [500ms~1s]:0 [1~2s]:0 [2~3s]:0 [3~4s]:0 [4~5s]:0 [5~10s]:0 [10s~]:0 
2026-06-10 17:36:39 INFO FlushRealTimeService - PERF_COUNTER_FLUSH_DATA_TIME_MS[2026-06-10 09:36:39.907] num:20 cost:10003 tps:2.0094 min:0 max:99999999 tp50:0 tp80:0 tp90:0 tp99:0 tp999:0 0_1:20 2_5:0 6_10:0 11_50:0 51_100:0 101_500:0 501_999:0 1000_:0
2026-06-10 17:36:41 INFO TimerFlushService - [ASYNC_MASTER]Timer progress-check commitRead:[06-10 09:36:41] currRead:[06-10 09:36:41] currWrite:[06-10 09:36:41] readBehind:0 currReadOffset:0 offsetBehind:0 behindMaster:0 enqPutQueue:0 deqGetQueue:0 deqPutQueue:0 allCongestNum:0 enqExpiredStoreTime:01-01 00:00:00
2026-06-10 17:36:49 INFO FlushRealTimeService - PERF_COUNTER_FLUSH_DATA_TIME_MS[2026-06-10 09:36:49.909] num:20 cost:10002 tps:2.0096 min:0 max:99999999 tp50:0 tp80:0 tp90:0 tp99:0 tp999:0 0_1:20 2_5:0 6_10:0 11_50:0 51_100:0 101_500:0 501_999:0 1000_:0
2026-06-10 17:36:51 INFO TimerFlushService - [ASYNC_MASTER]Timer progress-check commitRead:[06-10 09:36:51] currRead:[06-10 09:36:51] currWrite:[06-10 09:36:51] readBehind:0 currReadOffset:0 offsetBehind:0 behindMaster:0 enqPutQueue:0 deqGetQueue:0 deqPutQueue:0 allCongestNum:0 enqExpiredStoreTime:01-01 00:00:00
2026-06-10 17:36:59 INFO FlushRealTimeService - PERF_COUNTER_FLUSH_DATA_TIME_MS[2026-06-10 09:36:59.913] num:20 cost:10003 tps:2.0094 min:0 max:1 tp50:0 tp80:0 tp90:0 tp99:1 tp999:1 0_1:20 2_5:0 6_10:0 11_50:0 51_100:0 101_500:0 501_999:0 1000_:0
2026-06-10 17:37:02 INFO TimerFlushService - [ASYNC_MASTER]Timer progress-check commitRead:[06-10 09:37:02] currRead:[06-10 09:37:02] currWrite:[06-10 09:37:02] readBehind:0 currReadOffset:0 offsetBehind:0 behindMaster:0 enqPutQueue:0 deqGetQueue:0 deqPutQueue:0 allCongestNum:0 enqExpiredStoreTime:01-01 00:00:00
2026-06-10 17:37:06 INFO compactionSchedule_3 - start to scan all topicConfig
2026-06-10 17:37:06 INFO compactionSchedule_3 - scan all topicConfig over
2026-06-10 17:37:09 INFO FlushRealTimeService - PERF_COUNTER_FLUSH_DATA_TIME_MS[2026-06-10 09:37:09.916] num:20 cost:10003 tps:2.0094 min:0 max:99999999 tp50:0 tp80:0 tp90:0 tp99:0 tp999:0 0_1:20 2_5:0 6_10:0 11_50:0 51_100:0 101_500:0 501_999:0 1000_:0
2026-06-10 17:37:12 INFO TimerFlushService - [ASYNC_MASTER]Timer progress-check commitRead:[06-10 09:37:12] currRead:[06-10 09:37:12] currWrite:[06-10 09:37:12] readBehind:0 currReadOffset:0 offsetBehind:0 behindMaster:0 enqPutQueue:0 deqGetQueue:0 deqPutQueue:0 allCongestNum:0 enqExpiredStoreTime:01-01 00:00:00
2026-06-10 17:37:19 INFO FlushRealTimeService - PERF_COUNTER_FLUSH_DATA_TIME_MS[2026-06-10 09:37:19.919] num:20 cost:10003 tps:2.0094 min:0 max:99999999 tp50:0 tp80:0 tp90:0 tp99:0 tp999:0 0_1:20 2_5:0 6_10:0 11_50:0 51_100:0 101_500:0 501_999:0 1000_:0
2026-06-10 17:37:22 INFO TimerFlushService - [ASYNC_MASTER]Timer progress-check commitRead:[06-10 09:37:22] currRead:[06-10 09:37:22] currWrite:[06-10 09:37:22] readBehind:0 currReadOffset:0 offsetBehind:0 behindMaster:0 enqPutQueue:0 deqGetQueue:0 deqPutQueue:0 allCongestNum:0 enqExpiredStoreTime:01-01 00:00:00
2026-06-10 17:37:29 INFO FlushRealTimeService - PERF_COUNTER_FLUSH_DATA_TIME_MS[2026-06-10 09:37:29.921] num:20 cost:10002 tps:2.0096 min:0 max:99999999 tp50:0 tp80:0 tp90:0 tp99:0 tp999:0 0_1:20 2_5:0 6_10:0 11_50:0 51_100:0 101_500:0 501_999:0 1000_:0
2026-06-10 17:37:33 INFO TimerFlushService - [ASYNC_MASTER]Timer progress-check commitRead:[06-10 09:37:33] currRead:[06-10 09:37:33] currWrite:[06-10 09:37:33] readBehind:0 currReadOffset:0 offsetBehind:0 behindMaster:0 enqPutQueue:0 deqGetQueue:0 deqPutQueue:0 allCongestNum:0 enqExpiredStoreTime:01-01 00:00:00
2026-06-10 17:37:36 INFO compactionSchedule_3 - start to scan all topicConfig
2026-06-10 17:37:36 INFO compactionSchedule_3 - scan all topicConfig over
2026-06-10 17:37:37 INFO StoreStatsService - [STORETPS] put_tps 0.0 get_found_tps 0.0 get_miss_tps 40.82720925194555 get_transferred_tps 0.0
2026-06-10 17:37:37 INFO StoreStatsService - findPutMessageEntireTimePX 0.99=0.00ms cost 0ms
2026-06-10 17:37:37 INFO StoreStatsService - findPutMessageEntireTimePX 0.999=0.00ms cost 0ms
2026-06-10 17:37:37 INFO StoreStatsService - [PAGECACHERT] TotalPut 0, PutMessageDistributeTime [<=0ms]:0 [0~10ms]:0 [10~50ms]:0 [50~100ms]:0 [100~200ms]:0 [200~500ms]:0 [500ms~1s]:0 [1~2s]:0 [2~3s]:0 [3~4s]:0 [4~5s]:0 [5~10s]:0 [10s~]:0 
2026-06-10 17:37:39 INFO FlushRealTimeService - PERF_COUNTER_FLUSH_DATA_TIME_MS[2026-06-10 09:37:39.924] num:20 cost:10002 tps:2.0096 min:0 max:99999999 tp50:0 tp80:0 tp90:0 tp99:0 tp999:0 0_1:20 2_5:0 6_10:0 11_50:0 51_100:0 101_500:0 501_999:0 1000_:0
2026-06-10 17:37:43 INFO TimerFlushService - [ASYNC_MASTER]Timer progress-check commitRead:[06-10 09:37:43] currRead:[06-10 09:37:43] currWrite:[06-10 09:37:43] readBehind:0 currReadOffset:0 offsetBehind:0 behindMaster:0 enqPutQueue:0 deqGetQueue:0 deqPutQueue:0 allCongestNum:0 enqExpiredStoreTime:01-01 00:00:00
2026-06-10 17:37:49 INFO FlushRealTimeService - PERF_COUNTER_FLUSH_DATA_TIME_MS[2026-06-10 09:37:49.927] num:20 cost:10003 tps:2.0094 min:0 max:99999999 tp50:0 tp80:0 tp90:0 tp99:0 tp999:0 0_1:20 2_5:0 6_10:0 11_50:0 51_100:0 101_500:0 501_999:0 1000_:0
2026-06-10 17:37:53 INFO TimerFlushService - [ASYNC_MASTER]Timer progress-check commitRead:[06-10 09:37:53] currRead:[06-10 09:37:53] currWrite:[06-10 09:37:53] readBehind:0 currReadOffset:0 offsetBehind:0 behindMaster:0 enqPutQueue:0 deqGetQueue:0 deqPutQueue:0 allCongestNum:0 enqExpiredStoreTime:01-01 00:00:00
2026-06-10 17:37:59 INFO FlushRealTimeService - PERF_COUNTER_FLUSH_DATA_TIME_MS[2026-06-10 09:37:59.93] num:20 cost:10003 tps:2.0094 min:0 max:99999999 tp50:0 tp80:0 tp90:0 tp99:0 tp999:0 0_1:20 2_5:0 6_10:0 11_50:0 51_100:0 101_500:0 501_999:0 1000_:0
2026-06-10 17:38:04 INFO TimerFlushService - [ASYNC_MASTER]Timer progress-check commitRead:[06-10 09:38:04] currRead:[06-10 09:38:04] currWrite:[06-10 09:38:04] readBehind:0 currReadOffset:0 offsetBehind:0 behindMaster:0 enqPutQueue:0 deqGetQueue:0 deqPutQueue:0 allCongestNum:0 enqExpiredStoreTime:01-01 00:00:00
2026-06-10 17:38:06 INFO compactionSchedule_3 - start to scan all topicConfig
2026-06-10 17:38:06 INFO compactionSchedule_3 - scan all topicConfig over
2026-06-10 17:38:09 INFO FlushRealTimeService - PERF_COUNTER_FLUSH_DATA_TIME_MS[2026-06-10 09:38:09.933] num:20 cost:10003 tps:2.0094 min:0 max:99999999 tp50:0 tp80:0 tp90:0 tp99:0 tp999:0 0_1:20 2_5:0 6_10:0 11_50:0 51_100:0 101_500:0 501_999:0 1000_:0
2026-06-10 17:38:14 INFO TimerFlushService - [ASYNC_MASTER]Timer progress-check commitRead:[06-10 09:38:14] currRead:[06-10 09:38:14] currWrite:[06-10 09:38:14] readBehind:0 currReadOffset:0 offsetBehind:0 behindMaster:0 enqPutQueue:0 deqGetQueue:0 deqPutQueue:0 allCongestNum:0 enqExpiredStoreTime:01-01 00:00:00
2026-06-10 17:38:19 INFO FlushRealTimeService - PERF_COUNTER_FLUSH_DATA_TIME_MS[2026-06-10 09:38:19.936] num:20 cost:10003 tps:2.0094 min:0 max:1 tp50:0 tp80:0 tp90:0 tp99:1 tp999:1 0_1:20 2_5:0 6_10:0 11_50:0 51_100:0 101_500:0 501_999:0 1000_:0
2026-06-10 17:38:25 INFO TimerFlushService - [ASYNC_MASTER]Timer progress-check commitRead:[06-10 09:38:25] currRead:[06-10 09:38:25] currWrite:[06-10 09:38:25] readBehind:0 currReadOffset:0 offsetBehind:0 behindMaster:0 enqPutQueue:0 deqGetQueue:0 deqPutQueue:0 allCongestNum:0 enqExpiredStoreTime:01-01 00:00:00
2026-06-10 17:38:29 INFO FlushRealTimeService - PERF_COUNTER_FLUSH_DATA_TIME_MS[2026-06-10 09:38:29.939] num:20 cost:10003 tps:2.0094 min:0 max:99999999 tp50:0 tp80:0 tp90:0 tp99:0 tp999:0 0_1:20 2_5:0 6_10:0 11_50:0 51_100:0 101_500:0 501_999:0 1000_:0
2026-06-10 17:38:35 INFO TimerFlushService - [ASYNC_MASTER]Timer progress-check commitRead:[06-10 09:38:35] currRead:[06-10 09:38:35] currWrite:[06-10 09:38:35] readBehind:0 currReadOffset:0 offsetBehind:0 behindMaster:0 enqPutQueue:0 deqGetQueue:0 deqPutQueue:0 allCongestNum:0 enqExpiredStoreTime:01-01 00:00:00
2026-06-10 17:38:36 INFO compactionSchedule_3 - start to scan all topicConfig
2026-06-10 17:38:36 INFO compactionSchedule_3 - scan all topicConfig over
2026-06-10 17:38:37 INFO StoreStatsService - [STORETPS] put_tps 0.0 get_found_tps 0.0 get_miss_tps 39.31011498083653 get_transferred_tps 0.0
2026-06-10 17:38:37 INFO StoreStatsService - findPutMessageEntireTimePX 0.99=0.00ms cost 0ms
2026-06-10 17:38:37 INFO StoreStatsService - findPutMessageEntireTimePX 0.999=0.00ms cost 0ms
2026-06-10 17:38:37 INFO StoreStatsService - [PAGECACHERT] TotalPut 0, PutMessageDistributeTime [<=0ms]:0 [0~10ms]:0 [10~50ms]:0 [50~100ms]:0 [100~200ms]:0 [200~500ms]:0 [500ms~1s]:0 [1~2s]:0 [2~3s]:0 [3~4s]:0 [4~5s]:0 [5~10s]:0 [10s~]:0 
2026-06-10 17:38:39 INFO FlushRealTimeService - PERF_COUNTER_FLUSH_DATA_TIME_MS[2026-06-10 09:38:39.942] num:20 cost:10003 tps:2.0094 min:0 max:99999999 tp50:0 tp80:0 tp90:0 tp99:0 tp999:0 0_1:20 2_5:0 6_10:0 11_50:0 51_100:0 101_500:0 501_999:0 1000_:0
2026-06-10 17:38:45 INFO TimerFlushService - [ASYNC_MASTER]Timer progress-check commitRead:[06-10 09:38:45] currRead:[06-10 09:38:45] currWrite:[06-10 09:38:45] readBehind:0 currReadOffset:0 offsetBehind:0 behindMaster:0 enqPutQueue:0 deqGetQueue:0 deqPutQueue:0 allCongestNum:0 enqExpiredStoreTime:01-01 00:00:00
2026-06-10 17:38:49 INFO FlushRealTimeService - PERF_COUNTER_FLUSH_DATA_TIME_MS[2026-06-10 09:38:49.946] num:20 cost:10003 tps:2.0094 min:0 max:99999999 tp50:0 tp80:0 tp90:0 tp99:0 tp999:0 0_1:20 2_5:0 6_10:0 11_50:0 51_100:0 101_500:0 501_999:0 1000_:0
2026-06-10 17:38:56 INFO TimerFlushService - [ASYNC_MASTER]Timer progress-check commitRead:[06-10 09:38:56] currRead:[06-10 09:38:56] currWrite:[06-10 09:38:56] readBehind:0 currReadOffset:0 offsetBehind:0 behindMaster:0 enqPutQueue:0 deqGetQueue:0 deqPutQueue:0 allCongestNum:0 enqExpiredStoreTime:01-01 00:00:00
2026-06-10 17:38:59 INFO FlushRealTimeService - PERF_COUNTER_FLUSH_DATA_TIME_MS[2026-06-10 09:38:59.949] num:20 cost:10003 tps:2.0094 min:0 max:99999999 tp50:0 tp80:0 tp90:0 tp99:0 tp999:0 0_1:20 2_5:0 6_10:0 11_50:0 51_100:0 101_500:0 501_999:0 1000_:0
2026-06-10 17:39:06 INFO TimerFlushService - [ASYNC_MASTER]Timer progress-check commitRead:[06-10 09:39:06] currRead:[06-10 09:39:06] currWrite:[06-10 09:39:06] readBehind:0 currReadOffset:0 offsetBehind:0 behindMaster:0 enqPutQueue:0 deqGetQueue:0 deqPutQueue:0 allCongestNum:0 enqExpiredStoreTime:01-01 00:00:00
2026-06-10 17:39:06 INFO compactionSchedule_3 - start to scan all topicConfig
2026-06-10 17:39:06 INFO compactionSchedule_3 - scan all topicConfig over
2026-06-10 17:39:09 INFO FlushRealTimeService - PERF_COUNTER_FLUSH_DATA_TIME_MS[2026-06-10 09:39:09.952] num:20 cost:10003 tps:2.0094 min:0 max:99999999 tp50:0 tp80:0 tp90:0 tp99:0 tp999:0 0_1:20 2_5:0 6_10:0 11_50:0 51_100:0 101_500:0 501_999:0 1000_:0
2026-06-10 17:39:17 INFO TimerFlushService - [ASYNC_MASTER]Timer progress-check commitRead:[06-10 09:39:16] currRead:[06-10 09:39:16] currWrite:[06-10 09:39:17] readBehind:1 currReadOffset:0 offsetBehind:0 behindMaster:0 enqPutQueue:0 deqGetQueue:0 deqPutQueue:0 allCongestNum:0 enqExpiredStoreTime:01-01 00:00:00
2026-06-10 17:39:19 INFO FlushRealTimeService - PERF_COUNTER_FLUSH_DATA_TIME_MS[2026-06-10 09:39:19.955] num:20 cost:10003 tps:2.0094 min:0 max:99999999 tp50:0 tp80:0 tp90:0 tp99:0 tp999:0 0_1:20 2_5:0 6_10:0 11_50:0 51_100:0 101_500:0 501_999:0 1000_:0
2026-06-10 17:39:27 INFO TimerFlushService - [ASYNC_MASTER]Timer progress-check commitRead:[06-10 09:39:27] currRead:[06-10 09:39:27] currWrite:[06-10 09:39:27] readBehind:0 currReadOffset:0 offsetBehind:0 behindMaster:0 enqPutQueue:0 deqGetQueue:0 deqPutQueue:0 allCongestNum:0 enqExpiredStoreTime:01-01 00:00:00
2026-06-10 17:39:29 INFO FlushRealTimeService - PERF_COUNTER_FLUSH_DATA_TIME_MS[2026-06-10 09:39:29.958] num:20 cost:10003 tps:2.0094 min:0 max:99999999 tp50:0 tp80:0 tp90:0 tp99:0 tp999:0 0_1:20 2_5:0 6_10:0 11_50:0 51_100:0 101_500:0 501_999:0 1000_:0
2026-06-10 17:39:36 INFO compactionSchedule_3 - start to scan all topicConfig
2026-06-10 17:39:36 INFO compactionSchedule_3 - scan all topicConfig over
2026-06-10 17:39:37 INFO StoreStatsService - [STORETPS] put_tps 0.0 get_found_tps 0.0 get_miss_tps 42.76025262877235 get_transferred_tps 0.0
2026-06-10 17:39:37 INFO StoreStatsService - findPutMessageEntireTimePX 0.99=0.00ms cost 0ms
2026-06-10 17:39:37 INFO StoreStatsService - findPutMessageEntireTimePX 0.999=0.00ms cost 0ms
2026-06-10 17:39:37 INFO StoreStatsService - [PAGECACHERT] TotalPut 0, PutMessageDistributeTime [<=0ms]:0 [0~10ms]:0 [10~50ms]:0 [50~100ms]:0 [100~200ms]:0 [200~500ms]:0 [500ms~1s]:0 [1~2s]:0 [2~3s]:0 [3~4s]:0 [4~5s]:0 [5~10s]:0 [10s~]:0 
2026-06-10 17:39:37 INFO TimerFlushService - [ASYNC_MASTER]Timer progress-check commitRead:[06-10 09:39:37] currRead:[06-10 09:39:37] currWrite:[06-10 09:39:37] readBehind:0 currReadOffset:0 offsetBehind:0 behindMaster:0 enqPutQueue:0 deqGetQueue:0 deqPutQueue:0 allCongestNum:0 enqExpiredStoreTime:01-01 00:00:00
2026-06-10 17:39:39 INFO FlushRealTimeService - PERF_COUNTER_FLUSH_DATA_TIME_MS[2026-06-10 09:39:39.961] num:20 cost:10003 tps:2.0094 min:0 max:99999999 tp50:0 tp80:0 tp90:0 tp99:0 tp999:0 0_1:20 2_5:0 6_10:0 11_50:0 51_100:0 101_500:0 501_999:0 1000_:0
2026-06-10 17:39:48 INFO TimerFlushService - [ASYNC_MASTER]Timer progress-check commitRead:[06-10 09:39:48] currRead:[06-10 09:39:48] currWrite:[06-10 09:39:48] readBehind:0 currReadOffset:0 offsetBehind:0 behindMaster:0 enqPutQueue:0 deqGetQueue:0 deqPutQueue:0 allCongestNum:0 enqExpiredStoreTime:01-01 00:00:00
2026-06-10 17:39:49 INFO FlushRealTimeService - PERF_COUNTER_FLUSH_DATA_TIME_MS[2026-06-10 09:39:49.964] num:20 cost:10003 tps:2.0094 min:0 max:99999999 tp50:0 tp80:0 tp90:0 tp99:0 tp999:0 0_1:20 2_5:0 6_10:0 11_50:0 51_100:0 101_500:0 501_999:0 1000_:0
2026-06-10 17:39:58 INFO TimerFlushService - [ASYNC_MASTER]Timer progress-check commitRead:[06-10 09:39:58] currRead:[06-10 09:39:58] currWrite:[06-10 09:39:58] readBehind:0 currReadOffset:0 offsetBehind:0 behindMaster:0 enqPutQueue:0 deqGetQueue:0 deqPutQueue:0 allCongestNum:0 enqExpiredStoreTime:01-01 00:00:00
2026-06-10 17:39:59 INFO FlushRealTimeService - PERF_COUNTER_FLUSH_DATA_TIME_MS[2026-06-10 09:39:59.967] num:20 cost:10003 tps:2.0094 min:0 max:99999999 tp50:0 tp80:0 tp90:0 tp99:0 tp999:0 0_1:20 2_5:0 6_10:0 11_50:0 51_100:0 101_500:0 501_999:0 1000_:0
2026-06-10 17:40:06 INFO compactionSchedule_3 - start to scan all topicConfig
2026-06-10 17:40:06 INFO compactionSchedule_3 - scan all topicConfig over
2026-06-10 17:40:08 INFO TimerFlushService - [ASYNC_MASTER]Timer progress-check commitRead:[06-10 09:40:08] currRead:[06-10 09:40:08] currWrite:[06-10 09:40:08] readBehind:0 currReadOffset:0 offsetBehind:0 behindMaster:0 enqPutQueue:0 deqGetQueue:0 deqPutQueue:0 allCongestNum:0 enqExpiredStoreTime:01-01 00:00:00
2026-06-10 17:40:09 INFO FlushRealTimeService - PERF_COUNTER_FLUSH_DATA_TIME_MS[2026-06-10 09:40:09.97] num:20 cost:10003 tps:2.0094 min:0 max:99999999 tp50:0 tp80:0 tp90:0 tp99:0 tp999:0 0_1:20 2_5:0 6_10:0 11_50:0 51_100:0 101_500:0 501_999:0 1000_:0
2026-06-10 17:40:18 INFO TimerFlushService - [ASYNC_MASTER]Timer progress-check commitRead:[06-10 09:40:18] currRead:[06-10 09:40:18] currWrite:[06-10 09:40:18] readBehind:0 currReadOffset:0 offsetBehind:0 behindMaster:0 enqPutQueue:0 deqGetQueue:0 deqPutQueue:0 allCongestNum:0 enqExpiredStoreTime:01-01 00:00:00
2026-06-10 17:40:19 INFO FlushRealTimeService - PERF_COUNTER_FLUSH_DATA_TIME_MS[2026-06-10 09:40:19.973] num:20 cost:10003 tps:2.0094 min:0 max:99999999 tp50:0 tp80:0 tp90:0 tp99:0 tp999:0 0_1:20 2_5:0 6_10:0 11_50:0 51_100:0 101_500:0 501_999:0 1000_:0
2026-06-10 17:40:29 INFO TimerFlushService - [ASYNC_MASTER]Timer progress-check commitRead:[06-10 09:40:29] currRead:[06-10 09:40:29] currWrite:[06-10 09:40:29] readBehind:0 currReadOffset:0 offsetBehind:0 behindMaster:0 enqPutQueue:0 deqGetQueue:0 deqPutQueue:0 allCongestNum:0 enqExpiredStoreTime:01-01 00:00:00
2026-06-10 17:40:29 INFO FlushRealTimeService - PERF_COUNTER_FLUSH_DATA_TIME_MS[2026-06-10 09:40:29.976] num:20 cost:10003 tps:2.0094 min:0 max:99999999 tp50:0 tp80:0 tp90:0 tp99:0 tp999:0 0_1:20 2_5:0 6_10:0 11_50:0 51_100:0 101_500:0 501_999:0 1000_:0
2026-06-10 17:40:36 INFO compactionSchedule_3 - start to scan all topicConfig
2026-06-10 17:40:36 INFO compactionSchedule_3 - scan all topicConfig over
2026-06-10 17:40:37 INFO StoreStatsService - [STORETPS] put_tps 0.0 get_found_tps 0.0 get_miss_tps 38.57754670132813 get_transferred_tps 0.0
2026-06-10 17:40:37 INFO StoreStatsService - findPutMessageEntireTimePX 0.99=0.00ms cost 0ms
2026-06-10 17:40:37 INFO StoreStatsService - findPutMessageEntireTimePX 0.999=0.00ms cost 0ms
2026-06-10 17:40:37 INFO StoreStatsService - [PAGECACHERT] TotalPut 0, PutMessageDistributeTime [<=0ms]:0 [0~10ms]:0 [10~50ms]:0 [50~100ms]:0 [100~200ms]:0 [200~500ms]:0 [500ms~1s]:0 [1~2s]:0 [2~3s]:0 [3~4s]:0 [4~5s]:0 [5~10s]:0 [10s~]:0 
2026-06-10 17:40:39 INFO TimerFlushService - [ASYNC_MASTER]Timer progress-check commitRead:[06-10 09:40:39] currRead:[06-10 09:40:39] currWrite:[06-10 09:40:39] readBehind:0 currReadOffset:0 offsetBehind:0 behindMaster:0 enqPutQueue:0 deqGetQueue:0 deqPutQueue:0 allCongestNum:0 enqExpiredStoreTime:01-01 00:00:00
2026-06-10 17:40:39 INFO FlushRealTimeService - PERF_COUNTER_FLUSH_DATA_TIME_MS[2026-06-10 09:40:39.979] num:20 cost:10003 tps:2.0094 min:0 max:99999999 tp50:0 tp80:0 tp90:0 tp99:0 tp999:0 0_1:20 2_5:0 6_10:0 11_50:0 51_100:0 101_500:0 501_999:0 1000_:0
2026-06-10 17:40:49 INFO TimerFlushService - [ASYNC_MASTER]Timer progress-check commitRead:[06-10 09:40:49] currRead:[06-10 09:40:49] currWrite:[06-10 09:40:49] readBehind:0 currReadOffset:0 offsetBehind:0 behindMaster:0 enqPutQueue:0 deqGetQueue:0 deqPutQueue:0 allCongestNum:0 enqExpiredStoreTime:01-01 00:00:00
2026-06-10 17:40:49 INFO FlushRealTimeService - PERF_COUNTER_FLUSH_DATA_TIME_MS[2026-06-10 09:40:49.982] num:20 cost:10003 tps:2.0094 min:0 max:99999999 tp50:0 tp80:0 tp90:0 tp99:0 tp999:0 0_1:20 2_5:0 6_10:0 11_50:0 51_100:0 101_500:0 501_999:0 1000_:0
2026-06-10 17:40:59 INFO FlushRealTimeService - PERF_COUNTER_FLUSH_DATA_TIME_MS[2026-06-10 09:40:59.985] num:20 cost:10003 tps:2.0094 min:0 max:99999999 tp50:0 tp80:0 tp90:0 tp99:0 tp999:0 0_1:20 2_5:0 6_10:0 11_50:0 51_100:0 101_500:0 501_999:0 1000_:0
2026-06-10 17:41:00 INFO TimerFlushService - [ASYNC_MASTER]Timer progress-check commitRead:[06-10 09:41:00] currRead:[06-10 09:41:00] currWrite:[06-10 09:41:00] readBehind:0 currReadOffset:0 offsetBehind:0 behindMaster:0 enqPutQueue:0 deqGetQueue:0 deqPutQueue:0 allCongestNum:0 enqExpiredStoreTime:01-01 00:00:00
2026-06-10 17:41:06 INFO compactionSchedule_3 - start to scan all topicConfig
2026-06-10 17:41:06 INFO compactionSchedule_3 - scan all topicConfig over
2026-06-10 17:41:09 INFO FlushRealTimeService - PERF_COUNTER_FLUSH_DATA_TIME_MS[2026-06-10 09:41:09.988] num:20 cost:10003 tps:2.0094 min:0 max:99999999 tp50:0 tp80:0 tp90:0 tp99:0 tp999:0 0_1:20 2_5:0 6_10:0 11_50:0 51_100:0 101_500:0 501_999:0 1000_:0
2026-06-10 17:41:10 INFO TimerFlushService - [ASYNC_MASTER]Timer progress-check commitRead:[06-10 09:41:10] currRead:[06-10 09:41:10] currWrite:[06-10 09:41:10] readBehind:0 currReadOffset:0 offsetBehind:0 behindMaster:0 enqPutQueue:0 deqGetQueue:0 deqPutQueue:0 allCongestNum:0 enqExpiredStoreTime:01-01 00:00:00
2026-06-10 17:41:19 INFO FlushRealTimeService - PERF_COUNTER_FLUSH_DATA_TIME_MS[2026-06-10 09:41:19.992] num:20 cost:10004 tps:2.0092 min:0 max:99999999 tp50:0 tp80:0 tp90:0 tp99:0 tp999:0 0_1:20 2_5:0 6_10:0 11_50:0 51_100:0 101_500:0 501_999:0 1000_:0
2026-06-10 17:41:21 INFO TimerFlushService - [ASYNC_MASTER]Timer progress-check commitRead:[06-10 09:41:21] currRead:[06-10 09:41:21] currWrite:[06-10 09:41:21] readBehind:0 currReadOffset:0 offsetBehind:0 behindMaster:0 enqPutQueue:0 deqGetQueue:0 deqPutQueue:0 allCongestNum:0 enqExpiredStoreTime:01-01 00:00:00
2026-06-10 17:41:29 INFO FlushRealTimeService - PERF_COUNTER_FLUSH_DATA_TIME_MS[2026-06-10 09:41:29.995] num:20 cost:10003 tps:2.0094 min:0 max:99999999 tp50:0 tp80:0 tp90:0 tp99:0 tp999:0 0_1:20 2_5:0 6_10:0 11_50:0 51_100:0 101_500:0 501_999:0 1000_:0
2026-06-10 17:41:31 INFO TimerFlushService - [ASYNC_MASTER]Timer progress-check commitRead:[06-10 09:41:31] currRead:[06-10 09:41:31] currWrite:[06-10 09:41:31] readBehind:0 currReadOffset:0 offsetBehind:0 behindMaster:0 enqPutQueue:0 deqGetQueue:0 deqPutQueue:0 allCongestNum:0 enqExpiredStoreTime:01-01 00:00:00
2026-06-10 17:41:36 INFO compactionSchedule_3 - start to scan all topicConfig
2026-06-10 17:41:36 INFO compactionSchedule_3 - scan all topicConfig over
2026-06-10 17:41:37 INFO StoreStatsService - [STORETPS] put_tps 0.0 get_found_tps 0.0 get_miss_tps 41.625008331667 get_transferred_tps 0.0
2026-06-10 17:41:37 INFO StoreStatsService - findPutMessageEntireTimePX 0.99=0.00ms cost 0ms
2026-06-10 17:41:37 INFO StoreStatsService - findPutMessageEntireTimePX 0.999=0.00ms cost 0ms
2026-06-10 17:41:37 INFO StoreStatsService - [PAGECACHERT] TotalPut 0, PutMessageDistributeTime [<=0ms]:0 [0~10ms]:0 [10~50ms]:0 [50~100ms]:0 [100~200ms]:0 [200~500ms]:0 [500ms~1s]:0 [1~2s]:0 [2~3s]:0 [3~4s]:0 [4~5s]:0 [5~10s]:0 [10s~]:0 
2026-06-10 17:41:39 INFO FlushRealTimeService - PERF_COUNTER_FLUSH_DATA_TIME_MS[2026-06-10 09:41:39.998] num:20 cost:10003 tps:2.0094 min:0 max:99999999 tp50:0 tp80:0 tp90:0 tp99:0 tp999:0 0_1:20 2_5:0 6_10:0 11_50:0 51_100:0 101_500:0 501_999:0 1000_:0
2026-06-10 17:41:42 INFO TimerFlushService - [ASYNC_MASTER]Timer progress-check commitRead:[06-10 09:41:41] currRead:[06-10 09:41:41] currWrite:[06-10 09:41:42] readBehind:1 currReadOffset:0 offsetBehind:0 behindMaster:0 enqPutQueue:0 deqGetQueue:0 deqPutQueue:0 allCongestNum:0 enqExpiredStoreTime:01-01 00:00:00
2026-06-10 17:41:50 INFO FlushRealTimeService - PERF_COUNTER_FLUSH_DATA_TIME_MS[2026-06-10 09:41:50.001] num:20 cost:10003 tps:2.0094 min:0 max:99999999 tp50:0 tp80:0 tp90:0 tp99:0 tp999:0 0_1:20 2_5:0 6_10:0 11_50:0 51_100:0 101_500:0 501_999:0 1000_:0
2026-06-10 17:41:52 INFO TimerFlushService - [ASYNC_MASTER]Timer progress-check commitRead:[06-10 09:41:52] currRead:[06-10 09:41:52] currWrite:[06-10 09:41:52] readBehind:0 currReadOffset:0 offsetBehind:0 behindMaster:0 enqPutQueue:0 deqGetQueue:0 deqPutQueue:0 allCongestNum:0 enqExpiredStoreTime:01-01 00:00:00
2026-06-10 17:42:00 INFO FlushRealTimeService - PERF_COUNTER_FLUSH_DATA_TIME_MS[2026-06-10 09:42:00.004] num:20 cost:10003 tps:2.0094 min:0 max:99999999 tp50:0 tp80:0 tp90:0 tp99:0 tp999:0 0_1:20 2_5:0 6_10:0 11_50:0 51_100:0 101_500:0 501_999:0 1000_:0
2026-06-10 17:42:02 INFO TimerFlushService - [ASYNC_MASTER]Timer progress-check commitRead:[06-10 09:42:02] currRead:[06-10 09:42:02] currWrite:[06-10 09:42:02] readBehind:0 currReadOffset:0 offsetBehind:0 behindMaster:0 enqPutQueue:0 deqGetQueue:0 deqPutQueue:0 allCongestNum:0 enqExpiredStoreTime:01-01 00:00:00
2026-06-10 17:42:06 INFO compactionSchedule_3 - start to scan all topicConfig
2026-06-10 17:42:06 INFO compactionSchedule_3 - scan all topicConfig over
2026-06-10 17:42:10 INFO FlushRealTimeService - PERF_COUNTER_FLUSH_DATA_TIME_MS[2026-06-10 09:42:10.007] num:20 cost:10003 tps:2.0094 min:0 max:1 tp50:0 tp80:0 tp90:0 tp99:1 tp999:1 0_1:20 2_5:0 6_10:0 11_50:0 51_100:0 101_500:0 501_999:0 1000_:0
2026-06-10 17:42:13 INFO TimerFlushService - [ASYNC_MASTER]Timer progress-check commitRead:[06-10 09:42:13] currRead:[06-10 09:42:13] currWrite:[06-10 09:42:13] readBehind:0 currReadOffset:0 offsetBehind:0 behindMaster:0 enqPutQueue:0 deqGetQueue:0 deqPutQueue:0 allCongestNum:0 enqExpiredStoreTime:01-01 00:00:00
2026-06-10 17:42:20 INFO FlushRealTimeService - PERF_COUNTER_FLUSH_DATA_TIME_MS[2026-06-10 09:42:20.009] num:20 cost:10002 tps:2.0096 min:0 max:99999999 tp50:0 tp80:0 tp90:0 tp99:0 tp999:0 0_1:20 2_5:0 6_10:0 11_50:0 51_100:0 101_500:0 501_999:0 1000_:0
2026-06-10 17:42:23 INFO TimerFlushService - [ASYNC_MASTER]Timer progress-check commitRead:[06-10 09:42:23] currRead:[06-10 09:42:23] currWrite:[06-10 09:42:23] readBehind:0 currReadOffset:0 offsetBehind:0 behindMaster:0 enqPutQueue:0 deqGetQueue:0 deqPutQueue:0 allCongestNum:0 enqExpiredStoreTime:01-01 00:00:00
2026-06-10 17:42:30 INFO FlushRealTimeService - PERF_COUNTER_FLUSH_DATA_TIME_MS[2026-06-10 09:42:30.012] num:20 cost:10003 tps:2.0094 min:0 max:99999999 tp50:0 tp80:0 tp90:0 tp99:0 tp999:0 0_1:20 2_5:0 6_10:0 11_50:0 51_100:0 101_500:0 501_999:0 1000_:0
2026-06-10 17:42:34 INFO TimerFlushService - [ASYNC_MASTER]Timer progress-check commitRead:[06-10 09:42:34] currRead:[06-10 09:42:34] currWrite:[06-10 09:42:34] readBehind:0 currReadOffset:0 offsetBehind:0 behindMaster:0 enqPutQueue:0 deqGetQueue:0 deqPutQueue:0 allCongestNum:0 enqExpiredStoreTime:01-01 00:00:00
2026-06-10 17:42:36 INFO compactionSchedule_3 - start to scan all topicConfig
2026-06-10 17:42:36 INFO compactionSchedule_3 - scan all topicConfig over
2026-06-10 17:42:37 INFO StoreStatsService - [STORETPS] put_tps 0.0 get_found_tps 0.0 get_miss_tps 40.69389591561266 get_transferred_tps 0.0
2026-06-10 17:42:37 INFO StoreStatsService - findPutMessageEntireTimePX 0.99=0.00ms cost 0ms
2026-06-10 17:42:37 INFO StoreStatsService - findPutMessageEntireTimePX 0.999=0.00ms cost 0ms
2026-06-10 17:42:37 INFO StoreStatsService - [PAGECACHERT] TotalPut 0, PutMessageDistributeTime [<=0ms]:0 [0~10ms]:0 [10~50ms]:0 [50~100ms]:0 [100~200ms]:0 [200~500ms]:0 [500ms~1s]:0 [1~2s]:0 [2~3s]:0 [3~4s]:0 [4~5s]:0 [5~10s]:0 [10s~]:0 
2026-06-10 17:42:40 INFO FlushRealTimeService - PERF_COUNTER_FLUSH_DATA_TIME_MS[2026-06-10 09:42:40.015] num:20 cost:10002 tps:2.0096 min:0 max:99999999 tp50:0 tp80:0 tp90:0 tp99:0 tp999:0 0_1:20 2_5:0 6_10:0 11_50:0 51_100:0 101_500:0 501_999:0 1000_:0
2026-06-10 17:42:44 INFO TimerFlushService - [ASYNC_MASTER]Timer progress-check commitRead:[06-10 09:42:44] currRead:[06-10 09:42:44] currWrite:[06-10 09:42:44] readBehind:0 currReadOffset:0 offsetBehind:0 behindMaster:0 enqPutQueue:0 deqGetQueue:0 deqPutQueue:0 allCongestNum:0 enqExpiredStoreTime:01-01 00:00:00
2026-06-10 17:42:50 INFO FlushRealTimeService - PERF_COUNTER_FLUSH_DATA_TIME_MS[2026-06-10 09:42:50.018] num:20 cost:10002 tps:2.0096 min:0 max:99999999 tp50:0 tp80:0 tp90:0 tp99:0 tp999:0 0_1:20 2_5:0 6_10:0 11_50:0 51_100:0 101_500:0 501_999:0 1000_:0
2026-06-10 17:42:55 INFO TimerFlushService - [ASYNC_MASTER]Timer progress-check commitRead:[06-10 09:42:55] currRead:[06-10 09:42:55] currWrite:[06-10 09:42:55] readBehind:0 currReadOffset:0 offsetBehind:0 behindMaster:0 enqPutQueue:0 deqGetQueue:0 deqPutQueue:0 allCongestNum:0 enqExpiredStoreTime:01-01 00:00:00
2026-06-10 17:43:00 INFO FlushRealTimeService - PERF_COUNTER_FLUSH_DATA_TIME_MS[2026-06-10 09:43:00.022] num:20 cost:10003 tps:2.0094 min:0 max:99999999 tp50:0 tp80:0 tp90:0 tp99:0 tp999:0 0_1:20 2_5:0 6_10:0 11_50:0 51_100:0 101_500:0 501_999:0 1000_:0
2026-06-10 17:43:05 INFO TimerFlushService - [ASYNC_MASTER]Timer progress-check commitRead:[06-10 09:43:05] currRead:[06-10 09:43:05] currWrite:[06-10 09:43:05] readBehind:0 currReadOffset:0 offsetBehind:0 behindMaster:0 enqPutQueue:0 deqGetQueue:0 deqPutQueue:0 allCongestNum:0 enqExpiredStoreTime:01-01 00:00:00
2026-06-10 17:43:06 INFO compactionSchedule_3 - start to scan all topicConfig
2026-06-10 17:43:06 INFO compactionSchedule_3 - scan all topicConfig over
2026-06-10 17:43:10 INFO FlushRealTimeService - PERF_COUNTER_FLUSH_DATA_TIME_MS[2026-06-10 09:43:10.025] num:20 cost:10003 tps:2.0094 min:0 max:99999999 tp50:0 tp80:0 tp90:0 tp99:0 tp999:0 0_1:20 2_5:0 6_10:0 11_50:0 51_100:0 101_500:0 501_999:0 1000_:0
2026-06-10 17:43:16 INFO TimerFlushService - [ASYNC_MASTER]Timer progress-check commitRead:[06-10 09:43:16] currRead:[06-10 09:43:16] currWrite:[06-10 09:43:16] readBehind:0 currReadOffset:0 offsetBehind:0 behindMaster:0 enqPutQueue:0 deqGetQueue:0 deqPutQueue:0 allCongestNum:0 enqExpiredStoreTime:01-01 00:00:00
2026-06-10 17:43:20 INFO FlushRealTimeService - PERF_COUNTER_FLUSH_DATA_TIME_MS[2026-06-10 09:43:20.03] num:20 cost:10004 tps:2.0092 min:0 max:1 tp50:0 tp80:0 tp90:0 tp99:1 tp999:1 0_1:20 2_5:0 6_10:0 11_50:0 51_100:0 101_500:0 501_999:0 1000_:0
2026-06-10 17:43:26 INFO TimerFlushService - [ASYNC_MASTER]Timer progress-check commitRead:[06-10 09:43:26] currRead:[06-10 09:43:26] currWrite:[06-10 09:43:26] readBehind:0 currReadOffset:0 offsetBehind:0 behindMaster:0 enqPutQueue:0 deqGetQueue:0 deqPutQueue:0 allCongestNum:0 enqExpiredStoreTime:01-01 00:00:00
2026-06-10 17:43:30 INFO FlushRealTimeService - PERF_COUNTER_FLUSH_DATA_TIME_MS[2026-06-10 09:43:30.038] num:20 cost:10007 tps:2.0086 min:0 max:99999999 tp50:0 tp80:0 tp90:0 tp99:0 tp999:0 0_1:20 2_5:0 6_10:0 11_50:0 51_100:0 101_500:0 501_999:0 1000_:0
2026-06-10 17:43:36 INFO compactionSchedule_3 - start to scan all topicConfig
2026-06-10 17:43:36 INFO compactionSchedule_3 - scan all topicConfig over
2026-06-10 17:43:37 INFO TimerFlushService - [ASYNC_MASTER]Timer progress-check commitRead:[06-10 09:43:37] currRead:[06-10 09:43:37] currWrite:[06-10 09:43:37] readBehind:0 currReadOffset:0 offsetBehind:0 behindMaster:0 enqPutQueue:0 deqGetQueue:0 deqPutQueue:0 allCongestNum:0 enqExpiredStoreTime:01-01 00:00:00
2026-06-10 17:43:37 INFO StoreStatsService - [STORETPS] put_tps 0.0 get_found_tps 0.0 get_miss_tps 39.442111577684464 get_transferred_tps 0.0
2026-06-10 17:43:37 INFO StoreStatsService - findPutMessageEntireTimePX 0.99=0.00ms cost 0ms
2026-06-10 17:43:37 INFO StoreStatsService - findPutMessageEntireTimePX 0.999=0.00ms cost 0ms
2026-06-10 17:43:37 INFO StoreStatsService - [PAGECACHERT] TotalPut 0, PutMessageDistributeTime [<=0ms]:0 [0~10ms]:0 [10~50ms]:0 [50~100ms]:0 [100~200ms]:0 [200~500ms]:0 [500ms~1s]:0 [1~2s]:0 [2~3s]:0 [3~4s]:0 [4~5s]:0 [5~10s]:0 [10s~]:0 
2026-06-10 17:43:40 INFO FlushRealTimeService - PERF_COUNTER_FLUSH_DATA_TIME_MS[2026-06-10 09:43:40.041] num:20 cost:10003 tps:2.0094 min:0 max:99999999 tp50:0 tp80:0 tp90:0 tp99:0 tp999:0 0_1:20 2_5:0 6_10:0 11_50:0 51_100:0 101_500:0 501_999:0 1000_:0
2026-06-10 17:43:47 INFO TimerFlushService - [ASYNC_MASTER]Timer progress-check commitRead:[06-10 09:43:47] currRead:[06-10 09:43:47] currWrite:[06-10 09:43:47] readBehind:0 currReadOffset:0 offsetBehind:0 behindMaster:0 enqPutQueue:0 deqGetQueue:0 deqPutQueue:0 allCongestNum:0 enqExpiredStoreTime:01-01 00:00:00
2026-06-10 17:43:50 INFO FlushRealTimeService - PERF_COUNTER_FLUSH_DATA_TIME_MS[2026-06-10 09:43:50.044] num:20 cost:10003 tps:2.0094 min:0 max:99999999 tp50:0 tp80:0 tp90:0 tp99:0 tp999:0 0_1:20 2_5:0 6_10:0 11_50:0 51_100:0 101_500:0 501_999:0 1000_:0
2026-06-10 17:43:57 INFO TimerFlushService - [ASYNC_MASTER]Timer progress-check commitRead:[06-10 09:43:57] currRead:[06-10 09:43:57] currWrite:[06-10 09:43:57] readBehind:0 currReadOffset:0 offsetBehind:0 behindMaster:0 enqPutQueue:0 deqGetQueue:0 deqPutQueue:0 allCongestNum:0 enqExpiredStoreTime:01-01 00:00:00
2026-06-10 17:44:00 INFO FlushRealTimeService - PERF_COUNTER_FLUSH_DATA_TIME_MS[2026-06-10 09:44:00.047] num:20 cost:10003 tps:2.0094 min:0 max:99999999 tp50:0 tp80:0 tp90:0 tp99:0 tp999:0 0_1:20 2_5:0 6_10:0 11_50:0 51_100:0 101_500:0 501_999:0 1000_:0
2026-06-10 17:44:06 INFO compactionSchedule_3 - start to scan all topicConfig
2026-06-10 17:44:06 INFO compactionSchedule_3 - scan all topicConfig over
2026-06-10 17:44:08 INFO TimerFlushService - [ASYNC_MASTER]Timer progress-check commitRead:[06-10 09:44:08] currRead:[06-10 09:44:08] currWrite:[06-10 09:44:08] readBehind:0 currReadOffset:0 offsetBehind:0 behindMaster:0 enqPutQueue:0 deqGetQueue:0 deqPutQueue:0 allCongestNum:0 enqExpiredStoreTime:01-01 00:00:00
2026-06-10 17:44:10 INFO FlushRealTimeService - PERF_COUNTER_FLUSH_DATA_TIME_MS[2026-06-10 09:44:10.05] num:20 cost:10003 tps:2.0094 min:0 max:1 tp50:0 tp80:0 tp90:0 tp99:1 tp999:1 0_1:20 2_5:0 6_10:0 11_50:0 51_100:0 101_500:0 501_999:0 1000_:0
2026-06-10 17:44:18 INFO TimerFlushService - [ASYNC_MASTER]Timer progress-check commitRead:[06-10 09:44:18] currRead:[06-10 09:44:18] currWrite:[06-10 09:44:18] readBehind:0 currReadOffset:0 offsetBehind:0 behindMaster:0 enqPutQueue:0 deqGetQueue:0 deqPutQueue:0 allCongestNum:0 enqExpiredStoreTime:01-01 00:00:00
2026-06-10 17:44:20 INFO FlushRealTimeService - PERF_COUNTER_FLUSH_DATA_TIME_MS[2026-06-10 09:44:20.053] num:20 cost:10003 tps:2.0094 min:0 max:99999999 tp50:0 tp80:0 tp90:0 tp99:0 tp999:0 0_1:20 2_5:0 6_10:0 11_50:0 51_100:0 101_500:0 501_999:0 1000_:0
2026-06-10 17:44:29 INFO TimerFlushService - [ASYNC_MASTER]Timer progress-check commitRead:[06-10 09:44:29] currRead:[06-10 09:44:29] currWrite:[06-10 09:44:29] readBehind:0 currReadOffset:0 offsetBehind:0 behindMaster:0 enqPutQueue:0 deqGetQueue:0 deqPutQueue:0 allCongestNum:0 enqExpiredStoreTime:01-01 00:00:00
2026-06-10 17:44:30 INFO FlushRealTimeService - PERF_COUNTER_FLUSH_DATA_TIME_MS[2026-06-10 09:44:30.055] num:20 cost:10002 tps:2.0096 min:0 max:99999999 tp50:0 tp80:0 tp90:0 tp99:0 tp999:0 0_1:20 2_5:0 6_10:0 11_50:0 51_100:0 101_500:0 501_999:0 1000_:0
2026-06-10 17:44:36 INFO compactionSchedule_3 - start to scan all topicConfig
2026-06-10 17:44:36 INFO compactionSchedule_3 - scan all topicConfig over
2026-06-10 17:44:37 INFO StoreStatsService - [STORETPS] put_tps 0.0 get_found_tps 0.0 get_miss_tps 42.75954007665389 get_transferred_tps 0.0
2026-06-10 17:44:37 INFO StoreStatsService - findPutMessageEntireTimePX 0.99=0.00ms cost 0ms
2026-06-10 17:44:37 INFO StoreStatsService - findPutMessageEntireTimePX 0.999=0.00ms cost 0ms
2026-06-10 17:44:37 INFO StoreStatsService - [PAGECACHERT] TotalPut 0, PutMessageDistributeTime [<=0ms]:0 [0~10ms]:0 [10~50ms]:0 [50~100ms]:0 [100~200ms]:0 [200~500ms]:0 [500ms~1s]:0 [1~2s]:0 [2~3s]:0 [3~4s]:0 [4~5s]:0 [5~10s]:0 [10s~]:0 
2026-06-10 17:44:39 INFO TimerFlushService - [ASYNC_MASTER]Timer progress-check commitRead:[06-10 09:44:39] currRead:[06-10 09:44:39] currWrite:[06-10 09:44:39] readBehind:0 currReadOffset:0 offsetBehind:0 behindMaster:0 enqPutQueue:0 deqGetQueue:0 deqPutQueue:0 allCongestNum:0 enqExpiredStoreTime:01-01 00:00:00
2026-06-10 17:44:40 INFO FlushRealTimeService - PERF_COUNTER_FLUSH_DATA_TIME_MS[2026-06-10 09:44:40.061] num:20 cost:10006 tps:2.0088 min:0 max:99999999 tp50:0 tp80:0 tp90:0 tp99:0 tp999:0 0_1:20 2_5:0 6_10:0 11_50:0 51_100:0 101_500:0 501_999:0 1000_:0
2026-06-10 17:44:50 INFO FlushRealTimeService - PERF_COUNTER_FLUSH_DATA_TIME_MS[2026-06-10 09:44:50.065] num:20 cost:10003 tps:2.0094 min:0 max:99999999 tp50:0 tp80:0 tp90:0 tp99:0 tp999:0 0_1:20 2_5:0 6_10:0 11_50:0 51_100:0 101_500:0 501_999:0 1000_:0
2026-06-10 17:44:50 INFO TimerFlushService - [ASYNC_MASTER]Timer progress-check commitRead:[06-10 09:44:50] currRead:[06-10 09:44:50] currWrite:[06-10 09:44:50] readBehind:0 currReadOffset:0 offsetBehind:0 behindMaster:0 enqPutQueue:0 deqGetQueue:0 deqPutQueue:0 allCongestNum:0 enqExpiredStoreTime:01-01 00:00:00
2026-06-10 17:45:00 INFO FlushRealTimeService - PERF_COUNTER_FLUSH_DATA_TIME_MS[2026-06-10 09:45:00.068] num:20 cost:10003 tps:2.0094 min:0 max:1 tp50:0 tp80:0 tp90:0 tp99:1 tp999:1 0_1:20 2_5:0 6_10:0 11_50:0 51_100:0 101_500:0 501_999:0 1000_:0
2026-06-10 17:45:00 INFO TimerFlushService - [ASYNC_MASTER]Timer progress-check commitRead:[06-10 09:45:00] currRead:[06-10 09:45:00] currWrite:[06-10 09:45:00] readBehind:0 currReadOffset:0 offsetBehind:0 behindMaster:0 enqPutQueue:0 deqGetQueue:0 deqPutQueue:0 allCongestNum:0 enqExpiredStoreTime:01-01 00:00:00
2026-06-10 17:45:06 INFO compactionSchedule_3 - start to scan all topicConfig
2026-06-10 17:45:06 INFO compactionSchedule_3 - scan all topicConfig over
2026-06-10 17:45:10 INFO FlushRealTimeService - PERF_COUNTER_FLUSH_DATA_TIME_MS[2026-06-10 09:45:10.071] num:20 cost:10003 tps:2.0094 min:0 max:99999999 tp50:0 tp80:0 tp90:0 tp99:0 tp999:0 0_1:20 2_5:0 6_10:0 11_50:0 51_100:0 101_500:0 501_999:0 1000_:0
2026-06-10 17:45:10 INFO TimerFlushService - [ASYNC_MASTER]Timer progress-check commitRead:[06-10 09:45:10] currRead:[06-10 09:45:10] currWrite:[06-10 09:45:10] readBehind:0 currReadOffset:0 offsetBehind:0 behindMaster:0 enqPutQueue:0 deqGetQueue:0 deqPutQueue:0 allCongestNum:0 enqExpiredStoreTime:01-01 00:00:00
2026-06-10 17:45:20 INFO FlushRealTimeService - PERF_COUNTER_FLUSH_DATA_TIME_MS[2026-06-10 09:45:20.074] num:20 cost:10003 tps:2.0094 min:0 max:99999999 tp50:0 tp80:0 tp90:0 tp99:0 tp999:0 0_1:20 2_5:0 6_10:0 11_50:0 51_100:0 101_500:0 501_999:0 1000_:0
2026-06-10 17:45:21 INFO TimerFlushService - [ASYNC_MASTER]Timer progress-check commitRead:[06-10 09:45:21] currRead:[06-10 09:45:21] currWrite:[06-10 09:45:21] readBehind:0 currReadOffset:0 offsetBehind:0 behindMaster:0 enqPutQueue:0 deqGetQueue:0 deqPutQueue:0 allCongestNum:0 enqExpiredStoreTime:01-01 00:00:00
2026-06-10 17:45:30 INFO FlushRealTimeService - PERF_COUNTER_FLUSH_DATA_TIME_MS[2026-06-10 09:45:30.08] num:20 cost:10006 tps:2.0088 min:0 max:99999999 tp50:0 tp80:0 tp90:0 tp99:0 tp999:0 0_1:20 2_5:0 6_10:0 11_50:0 51_100:0 101_500:0 501_999:0 1000_:0
2026-06-10 17:45:31 INFO TimerFlushService - [ASYNC_MASTER]Timer progress-check commitRead:[06-10 09:45:31] currRead:[06-10 09:45:31] currWrite:[06-10 09:45:31] readBehind:0 currReadOffset:0 offsetBehind:0 behindMaster:0 enqPutQueue:0 deqGetQueue:0 deqPutQueue:0 allCongestNum:0 enqExpiredStoreTime:01-01 00:00:00
2026-06-10 17:45:36 INFO compactionSchedule_3 - start to scan all topicConfig
2026-06-10 17:45:36 INFO compactionSchedule_3 - scan all topicConfig over
2026-06-10 17:45:37 INFO StoreStatsService - [STORETPS] put_tps 0.0 get_found_tps 0.0 get_miss_tps 38.44231153769246 get_transferred_tps 0.0
2026-06-10 17:45:37 INFO StoreStatsService - findPutMessageEntireTimePX 0.99=0.00ms cost 0ms
2026-06-10 17:45:37 INFO StoreStatsService - findPutMessageEntireTimePX 0.999=0.00ms cost 0ms
2026-06-10 17:45:37 INFO StoreStatsService - [PAGECACHERT] TotalPut 0, PutMessageDistributeTime [<=0ms]:0 [0~10ms]:0 [10~50ms]:0 [50~100ms]:0 [100~200ms]:0 [200~500ms]:0 [500ms~1s]:0 [1~2s]:0 [2~3s]:0 [3~4s]:0 [4~5s]:0 [5~10s]:0 [10s~]:0 
2026-06-10 17:45:40 INFO FlushRealTimeService - PERF_COUNTER_FLUSH_DATA_TIME_MS[2026-06-10 09:45:40.088] num:20 cost:10008 tps:2.0084 min:0 max:99999999 tp50:0 tp80:0 tp90:0 tp99:0 tp999:0 0_1:20 2_5:0 6_10:0 11_50:0 51_100:0 101_500:0 501_999:0 1000_:0
2026-06-10 17:45:42 INFO TimerFlushService - [ASYNC_MASTER]Timer progress-check commitRead:[06-10 09:45:42] currRead:[06-10 09:45:42] currWrite:[06-10 09:45:42] readBehind:0 currReadOffset:0 offsetBehind:0 behindMaster:0 enqPutQueue:0 deqGetQueue:0 deqPutQueue:0 allCongestNum:0 enqExpiredStoreTime:01-01 00:00:00
2026-06-10 17:45:50 INFO FlushRealTimeService - PERF_COUNTER_FLUSH_DATA_TIME_MS[2026-06-10 09:45:50.094] num:20 cost:10006 tps:2.0088 min:0 max:99999999 tp50:0 tp80:0 tp90:0 tp99:0 tp999:0 0_1:20 2_5:0 6_10:0 11_50:0 51_100:0 101_500:0 501_999:0 1000_:0
2026-06-10 17:45:52 INFO TimerFlushService - [ASYNC_MASTER]Timer progress-check commitRead:[06-10 09:45:52] currRead:[06-10 09:45:52] currWrite:[06-10 09:45:52] readBehind:0 currReadOffset:0 offsetBehind:0 behindMaster:0 enqPutQueue:0 deqGetQueue:0 deqPutQueue:0 allCongestNum:0 enqExpiredStoreTime:01-01 00:00:00
2026-06-10 17:46:00 INFO FlushRealTimeService - PERF_COUNTER_FLUSH_DATA_TIME_MS[2026-06-10 09:46:00.097] num:20 cost:10003 tps:2.0094 min:0 max:99999999 tp50:0 tp80:0 tp90:0 tp99:0 tp999:0 0_1:20 2_5:0 6_10:0 11_50:0 51_100:0 101_500:0 501_999:0 1000_:0
2026-06-10 17:46:02 INFO TimerFlushService - [ASYNC_MASTER]Timer progress-check commitRead:[06-10 09:46:02] currRead:[06-10 09:46:02] currWrite:[06-10 09:46:02] readBehind:0 currReadOffset:0 offsetBehind:0 behindMaster:0 enqPutQueue:0 deqGetQueue:0 deqPutQueue:0 allCongestNum:0 enqExpiredStoreTime:01-01 00:00:00
2026-06-10 17:46:06 INFO compactionSchedule_3 - start to scan all topicConfig
2026-06-10 17:46:06 INFO compactionSchedule_3 - scan all topicConfig over
2026-06-10 17:46:10 INFO FlushRealTimeService - PERF_COUNTER_FLUSH_DATA_TIME_MS[2026-06-10 09:46:10.1] num:20 cost:10003 tps:2.0094 min:0 max:99999999 tp50:0 tp80:0 tp90:0 tp99:0 tp999:0 0_1:20 2_5:0 6_10:0 11_50:0 51_100:0 101_500:0 501_999:0 1000_:0
2026-06-10 17:46:13 INFO TimerFlushService - [ASYNC_MASTER]Timer progress-check commitRead:[06-10 09:46:13] currRead:[06-10 09:46:13] currWrite:[06-10 09:46:13] readBehind:0 currReadOffset:0 offsetBehind:0 behindMaster:0 enqPutQueue:0 deqGetQueue:0 deqPutQueue:0 allCongestNum:0 enqExpiredStoreTime:01-01 00:00:00
2026-06-10 17:46:20 INFO FlushRealTimeService - PERF_COUNTER_FLUSH_DATA_TIME_MS[2026-06-10 09:46:20.103] num:20 cost:10003 tps:2.0094 min:0 max:1 tp50:0 tp80:0 tp90:0 tp99:1 tp999:1 0_1:20 2_5:0 6_10:0 11_50:0 51_100:0 101_500:0 501_999:0 1000_:0
2026-06-10 17:46:23 INFO TimerFlushService - [ASYNC_MASTER]Timer progress-check commitRead:[06-10 09:46:23] currRead:[06-10 09:46:23] currWrite:[06-10 09:46:23] readBehind:0 currReadOffset:0 offsetBehind:0 behindMaster:0 enqPutQueue:0 deqGetQueue:0 deqPutQueue:0 allCongestNum:0 enqExpiredStoreTime:01-01 00:00:00
2026-06-10 17:46:30 INFO FlushRealTimeService - PERF_COUNTER_FLUSH_DATA_TIME_MS[2026-06-10 09:46:30.106] num:20 cost:10003 tps:2.0094 min:0 max:99999999 tp50:0 tp80:0 tp90:0 tp99:0 tp999:0 0_1:20 2_5:0 6_10:0 11_50:0 51_100:0 101_500:0 501_999:0 1000_:0
2026-06-10 17:46:34 INFO TimerFlushService - [ASYNC_MASTER]Timer progress-check commitRead:[06-10 09:46:34] currRead:[06-10 09:46:34] currWrite:[06-10 09:46:34] readBehind:0 currReadOffset:0 offsetBehind:0 behindMaster:0 enqPutQueue:0 deqGetQueue:0 deqPutQueue:0 allCongestNum:0 enqExpiredStoreTime:01-01 00:00:00
2026-06-10 17:46:36 INFO compactionSchedule_3 - start to scan all topicConfig
2026-06-10 17:46:36 INFO compactionSchedule_3 - scan all topicConfig over
2026-06-10 17:46:37 INFO StoreStatsService - [STORETPS] put_tps 0.0 get_found_tps 0.0 get_miss_tps 41.67569278965523 get_transferred_tps 0.0
2026-06-10 17:46:37 INFO StoreStatsService - findPutMessageEntireTimePX 0.99=0.00ms cost 0ms
2026-06-10 17:46:37 INFO StoreStatsService - findPutMessageEntireTimePX 0.999=0.00ms cost 0ms
2026-06-10 17:46:37 INFO StoreStatsService - [PAGECACHERT] TotalPut 0, PutMessageDistributeTime [<=0ms]:0 [0~10ms]:0 [10~50ms]:0 [50~100ms]:0 [100~200ms]:0 [200~500ms]:0 [500ms~1s]:0 [1~2s]:0 [2~3s]:0 [3~4s]:0 [4~5s]:0 [5~10s]:0 [10s~]:0 
2026-06-10 17:46:40 INFO FlushRealTimeService - PERF_COUNTER_FLUSH_DATA_TIME_MS[2026-06-10 09:46:40.109] num:20 cost:10003 tps:2.0094 min:0 max:99999999 tp50:0 tp80:0 tp90:0 tp99:0 tp999:0 0_1:20 2_5:0 6_10:0 11_50:0 51_100:0 101_500:0 501_999:0 1000_:0
2026-06-10 17:46:45 INFO TimerFlushService - [ASYNC_MASTER]Timer progress-check commitRead:[06-10 09:46:44] currRead:[06-10 09:46:44] currWrite:[06-10 09:46:44] readBehind:1 currReadOffset:0 offsetBehind:0 behindMaster:0 enqPutQueue:0 deqGetQueue:0 deqPutQueue:0 allCongestNum:0 enqExpiredStoreTime:01-01 00:00:00
2026-06-10 17:46:50 INFO FlushRealTimeService - PERF_COUNTER_FLUSH_DATA_TIME_MS[2026-06-10 09:46:50.112] num:20 cost:10003 tps:2.0094 min:0 max:99999999 tp50:0 tp80:0 tp90:0 tp99:0 tp999:0 0_1:20 2_5:0 6_10:0 11_50:0 51_100:0 101_500:0 501_999:0 1000_:0
2026-06-10 17:46:55 INFO TimerFlushService - [ASYNC_MASTER]Timer progress-check commitRead:[06-10 09:46:55] currRead:[06-10 09:46:55] currWrite:[06-10 09:46:55] readBehind:0 currReadOffset:0 offsetBehind:0 behindMaster:0 enqPutQueue:0 deqGetQueue:0 deqPutQueue:0 allCongestNum:0 enqExpiredStoreTime:01-01 00:00:00
2026-06-10 17:47:00 INFO FlushRealTimeService - PERF_COUNTER_FLUSH_DATA_TIME_MS[2026-06-10 09:47:00.116] num:20 cost:10004 tps:2.0092 min:0 max:99999999 tp50:0 tp80:0 tp90:0 tp99:0 tp999:0 0_1:20 2_5:0 6_10:0 11_50:0 51_100:0 101_500:0 501_999:0 1000_:0
2026-06-10 17:47:06 INFO TimerFlushService - [ASYNC_MASTER]Timer progress-check commitRead:[06-10 09:47:06] currRead:[06-10 09:47:06] currWrite:[06-10 09:47:06] readBehind:0 currReadOffset:0 offsetBehind:0 behindMaster:0 enqPutQueue:0 deqGetQueue:0 deqPutQueue:0 allCongestNum:0 enqExpiredStoreTime:01-01 00:00:00
2026-06-10 17:47:06 INFO compactionSchedule_3 - start to scan all topicConfig
2026-06-10 17:47:06 INFO compactionSchedule_3 - scan all topicConfig over
2026-06-10 17:47:10 INFO FlushRealTimeService - PERF_COUNTER_FLUSH_DATA_TIME_MS[2026-06-10 09:47:10.121] num:20 cost:10005 tps:2.0090 min:0 max:99999999 tp50:0 tp80:0 tp90:0 tp99:0 tp999:0 0_1:20 2_5:0 6_10:0 11_50:0 51_100:0 101_500:0 501_999:0 1000_:0
2026-06-10 17:47:16 INFO TimerFlushService - [ASYNC_MASTER]Timer progress-check commitRead:[06-10 09:47:16] currRead:[06-10 09:47:16] currWrite:[06-10 09:47:16] readBehind:0 currReadOffset:0 offsetBehind:0 behindMaster:0 enqPutQueue:0 deqGetQueue:0 deqPutQueue:0 allCongestNum:0 enqExpiredStoreTime:01-01 00:00:00
2026-06-10 17:47:20 INFO FlushRealTimeService - PERF_COUNTER_FLUSH_DATA_TIME_MS[2026-06-10 09:47:20.124] num:20 cost:10003 tps:2.0094 min:0 max:1 tp50:0 tp80:0 tp90:0 tp99:1 tp999:1 0_1:20 2_5:0 6_10:0 11_50:0 51_100:0 101_500:0 501_999:0 1000_:0
2026-06-10 17:47:27 INFO TimerFlushService - [ASYNC_MASTER]Timer progress-check commitRead:[06-10 09:47:26] currRead:[06-10 09:47:26] currWrite:[06-10 09:47:27] readBehind:1 currReadOffset:0 offsetBehind:0 behindMaster:0 enqPutQueue:0 deqGetQueue:0 deqPutQueue:0 allCongestNum:0 enqExpiredStoreTime:01-01 00:00:00
2026-06-10 17:47:30 INFO FlushRealTimeService - PERF_COUNTER_FLUSH_DATA_TIME_MS[2026-06-10 09:47:30.127] num:20 cost:10003 tps:2.0094 min:0 max:99999999 tp50:0 tp80:0 tp90:0 tp99:0 tp999:0 0_1:20 2_5:0 6_10:0 11_50:0 51_100:0 101_500:0 501_999:0 1000_:0
2026-06-10 17:47:36 INFO compactionSchedule_3 - start to scan all topicConfig
2026-06-10 17:47:36 INFO compactionSchedule_3 - scan all topicConfig over
2026-06-10 17:47:37 INFO TimerFlushService - [ASYNC_MASTER]Timer progress-check commitRead:[06-10 09:47:37] currRead:[06-10 09:47:37] currWrite:[06-10 09:47:37] readBehind:0 currReadOffset:0 offsetBehind:0 behindMaster:0 enqPutQueue:0 deqGetQueue:0 deqPutQueue:0 allCongestNum:0 enqExpiredStoreTime:01-01 00:00:00
2026-06-10 17:47:37 INFO StoreStatsService - [STORETPS] put_tps 0.0 get_found_tps 0.0 get_miss_tps 40.57183797923922 get_transferred_tps 0.0
2026-06-10 17:47:37 INFO StoreStatsService - findPutMessageEntireTimePX 0.99=0.00ms cost 0ms
2026-06-10 17:47:37 INFO StoreStatsService - findPutMessageEntireTimePX 0.999=0.00ms cost 0ms
2026-06-10 17:47:37 INFO StoreStatsService - [PAGECACHERT] TotalPut 0, PutMessageDistributeTime [<=0ms]:0 [0~10ms]:0 [10~50ms]:0 [50~100ms]:0 [100~200ms]:0 [200~500ms]:0 [500ms~1s]:0 [1~2s]:0 [2~3s]:0 [3~4s]:0 [4~5s]:0 [5~10s]:0 [10s~]:0 
2026-06-10 17:47:40 INFO FlushRealTimeService - PERF_COUNTER_FLUSH_DATA_TIME_MS[2026-06-10 09:47:40.133] num:20 cost:10006 tps:2.0088 min:0 max:99999999 tp50:0 tp80:0 tp90:0 tp99:0 tp999:0 0_1:20 2_5:0 6_10:0 11_50:0 51_100:0 101_500:0 501_999:0 1000_:0
2026-06-10 17:47:48 INFO TimerFlushService - [ASYNC_MASTER]Timer progress-check commitRead:[06-10 09:47:48] currRead:[06-10 09:47:48] currWrite:[06-10 09:47:48] readBehind:0 currReadOffset:0 offsetBehind:0 behindMaster:0 enqPutQueue:0 deqGetQueue:0 deqPutQueue:0 allCongestNum:0 enqExpiredStoreTime:01-01 00:00:00
2026-06-10 17:47:50 INFO FlushRealTimeService - PERF_COUNTER_FLUSH_DATA_TIME_MS[2026-06-10 09:47:50.135] num:20 cost:10002 tps:2.0096 min:0 max:1 tp50:0 tp80:0 tp90:0 tp99:1 tp999:1 0_1:20 2_5:0 6_10:0 11_50:0 51_100:0 101_500:0 501_999:0 1000_:0
2026-06-10 17:47:58 INFO TimerFlushService - [ASYNC_MASTER]Timer progress-check commitRead:[06-10 09:47:58] currRead:[06-10 09:47:58] currWrite:[06-10 09:47:58] readBehind:0 currReadOffset:0 offsetBehind:0 behindMaster:0 enqPutQueue:0 deqGetQueue:0 deqPutQueue:0 allCongestNum:0 enqExpiredStoreTime:01-01 00:00:00
2026-06-10 17:48:00 INFO FlushRealTimeService - PERF_COUNTER_FLUSH_DATA_TIME_MS[2026-06-10 09:48:00.139] num:20 cost:10003 tps:2.0094 min:0 max:99999999 tp50:0 tp80:0 tp90:0 tp99:0 tp999:0 0_1:20 2_5:0 6_10:0 11_50:0 51_100:0 101_500:0 501_999:0 1000_:0
2026-06-10 17:48:06 INFO compactionSchedule_3 - start to scan all topicConfig
2026-06-10 17:48:06 INFO compactionSchedule_3 - scan all topicConfig over
2026-06-10 17:48:09 INFO TimerFlushService - [ASYNC_MASTER]Timer progress-check commitRead:[06-10 09:48:09] currRead:[06-10 09:48:09] currWrite:[06-10 09:48:09] readBehind:0 currReadOffset:0 offsetBehind:0 behindMaster:0 enqPutQueue:0 deqGetQueue:0 deqPutQueue:0 allCongestNum:0 enqExpiredStoreTime:01-01 00:00:00
2026-06-10 17:48:10 INFO FlushRealTimeService - PERF_COUNTER_FLUSH_DATA_TIME_MS[2026-06-10 09:48:10.144] num:20 cost:10005 tps:2.0090 min:0 max:99999999 tp50:0 tp80:0 tp90:0 tp99:0 tp999:0 0_1:20 2_5:0 6_10:0 11_50:0 51_100:0 101_500:0 501_999:0 1000_:0
2026-06-10 17:48:19 INFO TimerFlushService - [ASYNC_MASTER]Timer progress-check commitRead:[06-10 09:48:19] currRead:[06-10 09:48:19] currWrite:[06-10 09:48:19] readBehind:0 currReadOffset:0 offsetBehind:0 behindMaster:0 enqPutQueue:0 deqGetQueue:0 deqPutQueue:0 allCongestNum:0 enqExpiredStoreTime:01-01 00:00:00
2026-06-10 17:48:20 INFO FlushRealTimeService - PERF_COUNTER_FLUSH_DATA_TIME_MS[2026-06-10 09:48:20.148] num:20 cost:10004 tps:2.0092 min:0 max:99999999 tp50:0 tp80:0 tp90:0 tp99:0 tp999:0 0_1:20 2_5:0 6_10:0 11_50:0 51_100:0 101_500:0 501_999:0 1000_:0
2026-06-10 17:48:30 INFO TimerFlushService - [ASYNC_MASTER]Timer progress-check commitRead:[06-10 09:48:30] currRead:[06-10 09:48:30] currWrite:[06-10 09:48:30] readBehind:0 currReadOffset:0 offsetBehind:0 behindMaster:0 enqPutQueue:0 deqGetQueue:0 deqPutQueue:0 allCongestNum:0 enqExpiredStoreTime:01-01 00:00:00
2026-06-10 17:48:30 INFO FlushRealTimeService - PERF_COUNTER_FLUSH_DATA_TIME_MS[2026-06-10 09:48:30.155] num:20 cost:10007 tps:2.0086 min:0 max:99999999 tp50:0 tp80:0 tp90:0 tp99:0 tp999:0 0_1:20 2_5:0 6_10:0 11_50:0 51_100:0 101_500:0 501_999:0 1000_:0
2026-06-10 17:48:36 INFO compactionSchedule_3 - start to scan all topicConfig
2026-06-10 17:48:36 INFO compactionSchedule_3 - scan all topicConfig over
2026-06-10 17:48:37 INFO StoreStatsService - [STORETPS] put_tps 0.0 get_found_tps 0.0 get_miss_tps 39.542091581683664 get_transferred_tps 0.0
2026-06-10 17:48:37 INFO StoreStatsService - findPutMessageEntireTimePX 0.99=0.00ms cost 0ms
2026-06-10 17:48:37 INFO StoreStatsService - findPutMessageEntireTimePX 0.999=0.00ms cost 0ms
2026-06-10 17:48:37 INFO StoreStatsService - [PAGECACHERT] TotalPut 0, PutMessageDistributeTime [<=0ms]:0 [0~10ms]:0 [10~50ms]:0 [50~100ms]:0 [100~200ms]:0 [200~500ms]:0 [500ms~1s]:0 [1~2s]:0 [2~3s]:0 [3~4s]:0 [4~5s]:0 [5~10s]:0 [10s~]:0 
2026-06-10 17:48:40 INFO FlushRealTimeService - PERF_COUNTER_FLUSH_DATA_TIME_MS[2026-06-10 09:48:40.158] num:20 cost:10003 tps:2.0094 min:0 max:99999999 tp50:0 tp80:0 tp90:0 tp99:0 tp999:0 0_1:20 2_5:0 6_10:0 11_50:0 51_100:0 101_500:0 501_999:0 1000_:0
2026-06-10 17:48:40 INFO TimerFlushService - [ASYNC_MASTER]Timer progress-check commitRead:[06-10 09:48:40] currRead:[06-10 09:48:40] currWrite:[06-10 09:48:40] readBehind:0 currReadOffset:0 offsetBehind:0 behindMaster:0 enqPutQueue:0 deqGetQueue:0 deqPutQueue:0 allCongestNum:0 enqExpiredStoreTime:01-01 00:00:00
2026-06-10 17:48:50 INFO FlushRealTimeService - PERF_COUNTER_FLUSH_DATA_TIME_MS[2026-06-10 09:48:50.161] num:20 cost:10003 tps:2.0094 min:0 max:99999999 tp50:0 tp80:0 tp90:0 tp99:0 tp999:0 0_1:20 2_5:0 6_10:0 11_50:0 51_100:0 101_500:0 501_999:0 1000_:0
2026-06-10 17:48:51 INFO TimerFlushService - [ASYNC_MASTER]Timer progress-check commitRead:[06-10 09:48:51] currRead:[06-10 09:48:51] currWrite:[06-10 09:48:51] readBehind:0 currReadOffset:0 offsetBehind:0 behindMaster:0 enqPutQueue:0 deqGetQueue:0 deqPutQueue:0 allCongestNum:0 enqExpiredStoreTime:01-01 00:00:00
2026-06-10 17:49:00 INFO FlushRealTimeService - PERF_COUNTER_FLUSH_DATA_TIME_MS[2026-06-10 09:49:00.164] num:20 cost:10003 tps:2.0094 min:0 max:99999999 tp50:0 tp80:0 tp90:0 tp99:0 tp999:0 0_1:20 2_5:0 6_10:0 11_50:0 51_100:0 101_500:0 501_999:0 1000_:0
2026-06-10 17:49:01 INFO TimerFlushService - [ASYNC_MASTER]Timer progress-check commitRead:[06-10 09:49:01] currRead:[06-10 09:49:01] currWrite:[06-10 09:49:01] readBehind:0 currReadOffset:0 offsetBehind:0 behindMaster:0 enqPutQueue:0 deqGetQueue:0 deqPutQueue:0 allCongestNum:0 enqExpiredStoreTime:01-01 00:00:00
2026-06-10 17:49:06 INFO compactionSchedule_3 - start to scan all topicConfig
2026-06-10 17:49:06 INFO compactionSchedule_3 - scan all topicConfig over
2026-06-10 17:49:10 INFO FlushRealTimeService - PERF_COUNTER_FLUSH_DATA_TIME_MS[2026-06-10 09:49:10.167] num:20 cost:10002 tps:2.0096 min:0 max:99999999 tp50:0 tp80:0 tp90:0 tp99:0 tp999:0 0_1:20 2_5:0 6_10:0 11_50:0 51_100:0 101_500:0 501_999:0 1000_:0
2026-06-10 17:49:12 INFO TimerFlushService - [ASYNC_MASTER]Timer progress-check commitRead:[06-10 09:49:12] currRead:[06-10 09:49:12] currWrite:[06-10 09:49:12] readBehind:0 currReadOffset:0 offsetBehind:0 behindMaster:0 enqPutQueue:0 deqGetQueue:0 deqPutQueue:0 allCongestNum:0 enqExpiredStoreTime:01-01 00:00:00
2026-06-10 17:49:20 INFO FlushRealTimeService - PERF_COUNTER_FLUSH_DATA_TIME_MS[2026-06-10 09:49:20.17] num:20 cost:10003 tps:2.0094 min:0 max:1 tp50:0 tp80:0 tp90:0 tp99:1 tp999:1 0_1:20 2_5:0 6_10:0 11_50:0 51_100:0 101_500:0 501_999:0 1000_:0
2026-06-10 17:49:23 INFO TimerFlushService - [ASYNC_MASTER]Timer progress-check commitRead:[06-10 09:49:23] currRead:[06-10 09:49:23] currWrite:[06-10 09:49:23] readBehind:0 currReadOffset:0 offsetBehind:0 behindMaster:0 enqPutQueue:0 deqGetQueue:0 deqPutQueue:0 allCongestNum:0 enqExpiredStoreTime:01-01 00:00:00
2026-06-10 17:49:30 INFO FlushRealTimeService - PERF_COUNTER_FLUSH_DATA_TIME_MS[2026-06-10 09:49:30.173] num:20 cost:10002 tps:2.0096 min:0 max:99999999 tp50:0 tp80:0 tp90:0 tp99:0 tp999:0 0_1:20 2_5:0 6_10:0 11_50:0 51_100:0 101_500:0 501_999:0 1000_:0
2026-06-10 17:49:33 INFO TimerFlushService - [ASYNC_MASTER]Timer progress-check commitRead:[06-10 09:49:33] currRead:[06-10 09:49:33] currWrite:[06-10 09:49:33] readBehind:0 currReadOffset:0 offsetBehind:0 behindMaster:0 enqPutQueue:0 deqGetQueue:0 deqPutQueue:0 allCongestNum:0 enqExpiredStoreTime:01-01 00:00:00
2026-06-10 17:49:36 INFO compactionSchedule_3 - start to scan all topicConfig
2026-06-10 17:49:36 INFO compactionSchedule_3 - scan all topicConfig over
2026-06-10 17:49:37 INFO StoreStatsService - [STORETPS] put_tps 0.0 get_found_tps 0.0 get_miss_tps 42.6769317935643 get_transferred_tps 0.0
2026-06-10 17:49:37 INFO StoreStatsService - findPutMessageEntireTimePX 0.99=0.00ms cost 0ms
2026-06-10 17:49:37 INFO StoreStatsService - findPutMessageEntireTimePX 0.999=0.00ms cost 0ms
2026-06-10 17:49:37 INFO StoreStatsService - [PAGECACHERT] TotalPut 0, PutMessageDistributeTime [<=0ms]:0 [0~10ms]:0 [10~50ms]:0 [50~100ms]:0 [100~200ms]:0 [200~500ms]:0 [500ms~1s]:0 [1~2s]:0 [2~3s]:0 [3~4s]:0 [4~5s]:0 [5~10s]:0 [10s~]:0 
2026-06-10 17:49:40 INFO FlushRealTimeService - PERF_COUNTER_FLUSH_DATA_TIME_MS[2026-06-10 09:49:40.176] num:20 cost:10003 tps:2.0094 min:0 max:99999999 tp50:0 tp80:0 tp90:0 tp99:0 tp999:0 0_1:20 2_5:0 6_10:0 11_50:0 51_100:0 101_500:0 501_999:0 1000_:0
2026-06-10 17:49:44 INFO TimerFlushService - [ASYNC_MASTER]Timer progress-check commitRead:[06-10 09:49:44] currRead:[06-10 09:49:44] currWrite:[06-10 09:49:44] readBehind:0 currReadOffset:0 offsetBehind:0 behindMaster:0 enqPutQueue:0 deqGetQueue:0 deqPutQueue:0 allCongestNum:0 enqExpiredStoreTime:01-01 00:00:00
2026-06-10 17:49:50 INFO FlushRealTimeService - PERF_COUNTER_FLUSH_DATA_TIME_MS[2026-06-10 09:49:50.179] num:20 cost:10003 tps:2.0094 min:0 max:99999999 tp50:0 tp80:0 tp90:0 tp99:0 tp999:0 0_1:20 2_5:0 6_10:0 11_50:0 51_100:0 101_500:0 501_999:0 1000_:0
2026-06-10 17:49:54 INFO TimerFlushService - [ASYNC_MASTER]Timer progress-check commitRead:[06-10 09:49:54] currRead:[06-10 09:49:54] currWrite:[06-10 09:49:54] readBehind:0 currReadOffset:0 offsetBehind:0 behindMaster:0 enqPutQueue:0 deqGetQueue:0 deqPutQueue:0 allCongestNum:0 enqExpiredStoreTime:01-01 00:00:00
2026-06-10 17:50:00 INFO FlushRealTimeService - PERF_COUNTER_FLUSH_DATA_TIME_MS[2026-06-10 09:50:00.181] num:20 cost:10002 tps:2.0096 min:0 max:99999999 tp50:0 tp80:0 tp90:0 tp99:0 tp999:0 0_1:20 2_5:0 6_10:0 11_50:0 51_100:0 101_500:0 501_999:0 1000_:0
2026-06-10 17:50:05 INFO TimerFlushService - [ASYNC_MASTER]Timer progress-check commitRead:[06-10 09:50:05] currRead:[06-10 09:50:05] currWrite:[06-10 09:50:05] readBehind:0 currReadOffset:0 offsetBehind:0 behindMaster:0 enqPutQueue:0 deqGetQueue:0 deqPutQueue:0 allCongestNum:0 enqExpiredStoreTime:01-01 00:00:00
2026-06-10 17:50:06 INFO compactionSchedule_3 - start to scan all topicConfig
2026-06-10 17:50:06 INFO compactionSchedule_3 - scan all topicConfig over
2026-06-10 17:50:10 INFO FlushRealTimeService - PERF_COUNTER_FLUSH_DATA_TIME_MS[2026-06-10 09:50:10.184] num:20 cost:10002 tps:2.0096 min:0 max:99999999 tp50:0 tp80:0 tp90:0 tp99:0 tp999:0 0_1:20 2_5:0 6_10:0 11_50:0 51_100:0 101_500:0 501_999:0 1000_:0
2026-06-10 17:50:16 INFO TimerFlushService - [ASYNC_MASTER]Timer progress-check commitRead:[06-10 09:50:16] currRead:[06-10 09:50:16] currWrite:[06-10 09:50:16] readBehind:0 currReadOffset:0 offsetBehind:0 behindMaster:0 enqPutQueue:0 deqGetQueue:0 deqPutQueue:0 allCongestNum:0 enqExpiredStoreTime:01-01 00:00:00
2026-06-10 17:50:20 INFO FlushRealTimeService - PERF_COUNTER_FLUSH_DATA_TIME_MS[2026-06-10 09:50:20.187] num:20 cost:10003 tps:2.0094 min:0 max:99999999 tp50:0 tp80:0 tp90:0 tp99:0 tp999:0 0_1:20 2_5:0 6_10:0 11_50:0 51_100:0 101_500:0 501_999:0 1000_:0
2026-06-10 17:50:26 INFO TimerFlushService - [ASYNC_MASTER]Timer progress-check commitRead:[06-10 09:50:26] currRead:[06-10 09:50:26] currWrite:[06-10 09:50:26] readBehind:0 currReadOffset:0 offsetBehind:0 behindMaster:0 enqPutQueue:0 deqGetQueue:0 deqPutQueue:0 allCongestNum:0 enqExpiredStoreTime:01-01 00:00:00
2026-06-10 17:50:30 INFO FlushRealTimeService - PERF_COUNTER_FLUSH_DATA_TIME_MS[2026-06-10 09:50:30.19] num:20 cost:10003 tps:2.0094 min:0 max:99999999 tp50:0 tp80:0 tp90:0 tp99:0 tp999:0 0_1:20 2_5:0 6_10:0 11_50:0 51_100:0 101_500:0 501_999:0 1000_:0
2026-06-10 17:50:36 INFO compactionSchedule_3 - start to scan all topicConfig
2026-06-10 17:50:36 INFO compactionSchedule_3 - scan all topicConfig over
2026-06-10 17:50:37 INFO TimerFlushService - [ASYNC_MASTER]Timer progress-check commitRead:[06-10 09:50:37] currRead:[06-10 09:50:37] currWrite:[06-10 09:50:37] readBehind:0 currReadOffset:0 offsetBehind:0 behindMaster:0 enqPutQueue:0 deqGetQueue:0 deqPutQueue:0 allCongestNum:0 enqExpiredStoreTime:01-01 00:00:00
2026-06-10 17:50:37 INFO StoreStatsService - [STORETPS] put_tps 0.0 get_found_tps 0.0 get_miss_tps 38.42820957205706 get_transferred_tps 0.0
2026-06-10 17:50:37 INFO StoreStatsService - findPutMessageEntireTimePX 0.99=0.00ms cost 0ms
2026-06-10 17:50:37 INFO StoreStatsService - findPutMessageEntireTimePX 0.999=0.00ms cost 0ms
2026-06-10 17:50:37 INFO StoreStatsService - [PAGECACHERT] TotalPut 0, PutMessageDistributeTime [<=0ms]:0 [0~10ms]:0 [10~50ms]:0 [50~100ms]:0 [100~200ms]:0 [200~500ms]:0 [500ms~1s]:0 [1~2s]:0 [2~3s]:0 [3~4s]:0 [4~5s]:0 [5~10s]:0 [10s~]:0 
2026-06-10 17:50:40 INFO FlushRealTimeService - PERF_COUNTER_FLUSH_DATA_TIME_MS[2026-06-10 09:50:40.193] num:20 cost:10003 tps:2.0094 min:0 max:99999999 tp50:0 tp80:0 tp90:0 tp99:0 tp999:0 0_1:20 2_5:0 6_10:0 11_50:0 51_100:0 101_500:0 501_999:0 1000_:0
2026-06-10 17:50:47 INFO TimerFlushService - [ASYNC_MASTER]Timer progress-check commitRead:[06-10 09:50:47] currRead:[06-10 09:50:47] currWrite:[06-10 09:50:47] readBehind:0 currReadOffset:0 offsetBehind:0 behindMaster:0 enqPutQueue:0 deqGetQueue:0 deqPutQueue:0 allCongestNum:0 enqExpiredStoreTime:01-01 00:00:00
2026-06-10 17:50:50 INFO FlushRealTimeService - PERF_COUNTER_FLUSH_DATA_TIME_MS[2026-06-10 09:50:50.196] num:20 cost:10003 tps:2.0094 min:0 max:99999999 tp50:0 tp80:0 tp90:0 tp99:0 tp999:0 0_1:20 2_5:0 6_10:0 11_50:0 51_100:0 101_500:0 501_999:0 1000_:0
2026-06-10 17:50:58 INFO TimerFlushService - [ASYNC_MASTER]Timer progress-check commitRead:[06-10 09:50:58] currRead:[06-10 09:50:58] currWrite:[06-10 09:50:58] readBehind:0 currReadOffset:0 offsetBehind:0 behindMaster:0 enqPutQueue:0 deqGetQueue:0 deqPutQueue:0 allCongestNum:0 enqExpiredStoreTime:01-01 00:00:00
2026-06-10 17:51:00 INFO FlushRealTimeService - PERF_COUNTER_FLUSH_DATA_TIME_MS[2026-06-10 09:51:00.199] num:20 cost:10003 tps:2.0094 min:0 max:99999999 tp50:0 tp80:0 tp90:0 tp99:0 tp999:0 0_1:20 2_5:0 6_10:0 11_50:0 51_100:0 101_500:0 501_999:0 1000_:0
2026-06-10 17:51:06 INFO compactionSchedule_3 - start to scan all topicConfig
2026-06-10 17:51:06 INFO compactionSchedule_3 - scan all topicConfig over
2026-06-10 17:51:09 INFO TimerFlushService - [ASYNC_MASTER]Timer progress-check commitRead:[06-10 09:51:09] currRead:[06-10 09:51:09] currWrite:[06-10 09:51:09] readBehind:0 currReadOffset:0 offsetBehind:0 behindMaster:0 enqPutQueue:0 deqGetQueue:0 deqPutQueue:0 allCongestNum:0 enqExpiredStoreTime:01-01 00:00:00
2026-06-10 17:51:10 INFO FlushRealTimeService - PERF_COUNTER_FLUSH_DATA_TIME_MS[2026-06-10 09:51:10.202] num:20 cost:10003 tps:2.0094 min:0 max:99999999 tp50:0 tp80:0 tp90:0 tp99:0 tp999:0 0_1:20 2_5:0 6_10:0 11_50:0 51_100:0 101_500:0 501_999:0 1000_:0
2026-06-10 17:51:19 INFO TimerFlushService - [ASYNC_MASTER]Timer progress-check commitRead:[06-10 09:51:19] currRead:[06-10 09:51:19] currWrite:[06-10 09:51:19] readBehind:0 currReadOffset:0 offsetBehind:0 behindMaster:0 enqPutQueue:0 deqGetQueue:0 deqPutQueue:0 allCongestNum:0 enqExpiredStoreTime:01-01 00:00:00
2026-06-10 17:51:20 INFO FlushRealTimeService - PERF_COUNTER_FLUSH_DATA_TIME_MS[2026-06-10 09:51:20.208] num:20 cost:10006 tps:2.0088 min:0 max:99999999 tp50:0 tp80:0 tp90:0 tp99:0 tp999:0 0_1:20 2_5:0 6_10:0 11_50:0 51_100:0 101_500:0 501_999:0 1000_:0
2026-06-10 17:51:30 INFO TimerFlushService - [ASYNC_MASTER]Timer progress-check commitRead:[06-10 09:51:30] currRead:[06-10 09:51:30] currWrite:[06-10 09:51:30] readBehind:0 currReadOffset:0 offsetBehind:0 behindMaster:0 enqPutQueue:0 deqGetQueue:0 deqPutQueue:0 allCongestNum:0 enqExpiredStoreTime:01-01 00:00:00
2026-06-10 17:51:30 INFO FlushRealTimeService - PERF_COUNTER_FLUSH_DATA_TIME_MS[2026-06-10 09:51:30.21] num:20 cost:10002 tps:2.0096 min:0 max:99999999 tp50:0 tp80:0 tp90:0 tp99:0 tp999:0 0_1:20 2_5:0 6_10:0 11_50:0 51_100:0 101_500:0 501_999:0 1000_:0
2026-06-10 17:51:36 INFO compactionSchedule_3 - start to scan all topicConfig
2026-06-10 17:51:36 INFO compactionSchedule_3 - scan all topicConfig over
2026-06-10 17:51:37 INFO StoreStatsService - [STORETPS] put_tps 0.0 get_found_tps 0.0 get_miss_tps 41.79233807135359 get_transferred_tps 0.0
2026-06-10 17:51:37 INFO StoreStatsService - findPutMessageEntireTimePX 0.99=0.00ms cost 0ms
2026-06-10 17:51:37 INFO StoreStatsService - findPutMessageEntireTimePX 0.999=0.00ms cost 0ms
2026-06-10 17:51:37 INFO StoreStatsService - [PAGECACHERT] TotalPut 0, PutMessageDistributeTime [<=0ms]:0 [0~10ms]:0 [10~50ms]:0 [50~100ms]:0 [100~200ms]:0 [200~500ms]:0 [500ms~1s]:0 [1~2s]:0 [2~3s]:0 [3~4s]:0 [4~5s]:0 [5~10s]:0 [10s~]:0 
2026-06-10 17:51:40 INFO FlushRealTimeService - PERF_COUNTER_FLUSH_DATA_TIME_MS[2026-06-10 09:51:40.214] num:20 cost:10003 tps:2.0094 min:0 max:99999999 tp50:0 tp80:0 tp90:0 tp99:0 tp999:0 0_1:20 2_5:0 6_10:0 11_50:0 51_100:0 101_500:0 501_999:0 1000_:0
2026-06-10 17:51:40 INFO TimerFlushService - [ASYNC_MASTER]Timer progress-check commitRead:[06-10 09:51:40] currRead:[06-10 09:51:40] currWrite:[06-10 09:51:40] readBehind:0 currReadOffset:0 offsetBehind:0 behindMaster:0 enqPutQueue:0 deqGetQueue:0 deqPutQueue:0 allCongestNum:0 enqExpiredStoreTime:01-01 00:00:00
2026-06-10 17:51:50 INFO FlushRealTimeService - PERF_COUNTER_FLUSH_DATA_TIME_MS[2026-06-10 09:51:50.22] num:20 cost:10006 tps:2.0088 min:0 max:99999999 tp50:0 tp80:0 tp90:0 tp99:0 tp999:0 0_1:20 2_5:0 6_10:0 11_50:0 51_100:0 101_500:0 501_999:0 1000_:0
2026-06-10 17:51:51 INFO TimerFlushService - [ASYNC_MASTER]Timer progress-check commitRead:[06-10 09:51:51] currRead:[06-10 09:51:51] currWrite:[06-10 09:51:51] readBehind:0 currReadOffset:0 offsetBehind:0 behindMaster:0 enqPutQueue:0 deqGetQueue:0 deqPutQueue:0 allCongestNum:0 enqExpiredStoreTime:01-01 00:00:00
2026-06-10 17:52:00 INFO FlushRealTimeService - PERF_COUNTER_FLUSH_DATA_TIME_MS[2026-06-10 09:52:00.248] num:20 cost:10028 tps:2.0044 min:0 max:99999999 tp50:0 tp80:0 tp90:0 tp99:0 tp999:0 0_1:20 2_5:0 6_10:0 11_50:0 51_100:0 101_500:0 501_999:0 1000_:0
2026-06-10 17:52:02 INFO TimerFlushService - [ASYNC_MASTER]Timer progress-check commitRead:[06-10 09:52:01] currRead:[06-10 09:52:01] currWrite:[06-10 09:52:02] readBehind:1 currReadOffset:0 offsetBehind:0 behindMaster:0 enqPutQueue:0 deqGetQueue:0 deqPutQueue:0 allCongestNum:0 enqExpiredStoreTime:01-01 00:00:00
2026-06-10 17:52:06 INFO compactionSchedule_3 - start to scan all topicConfig
2026-06-10 17:52:06 INFO compactionSchedule_3 - scan all topicConfig over
2026-06-10 17:52:10 INFO FlushRealTimeService - PERF_COUNTER_FLUSH_DATA_TIME_MS[2026-06-10 09:52:10.252] num:20 cost:10003 tps:2.0094 min:0 max:99999999 tp50:0 tp80:0 tp90:0 tp99:0 tp999:0 0_1:20 2_5:0 6_10:0 11_50:0 51_100:0 101_500:0 501_999:0 1000_:0
2026-06-10 17:52:12 INFO TimerFlushService - [ASYNC_MASTER]Timer progress-check commitRead:[06-10 09:52:12] currRead:[06-10 09:52:12] currWrite:[06-10 09:52:12] readBehind:0 currReadOffset:0 offsetBehind:0 behindMaster:0 enqPutQueue:0 deqGetQueue:0 deqPutQueue:0 allCongestNum:0 enqExpiredStoreTime:01-01 00:00:00
2026-06-10 17:52:20 INFO FlushRealTimeService - PERF_COUNTER_FLUSH_DATA_TIME_MS[2026-06-10 09:52:20.255] num:20 cost:10003 tps:2.0094 min:0 max:99999999 tp50:0 tp80:0 tp90:0 tp99:0 tp999:0 0_1:20 2_5:0 6_10:0 11_50:0 51_100:0 101_500:0 501_999:0 1000_:0
2026-06-10 17:52:22 INFO TimerFlushService - [ASYNC_MASTER]Timer progress-check commitRead:[06-10 09:52:22] currRead:[06-10 09:52:22] currWrite:[06-10 09:52:22] readBehind:0 currReadOffset:0 offsetBehind:0 behindMaster:0 enqPutQueue:0 deqGetQueue:0 deqPutQueue:0 allCongestNum:0 enqExpiredStoreTime:01-01 00:00:00
2026-06-10 17:52:30 INFO FlushRealTimeService - PERF_COUNTER_FLUSH_DATA_TIME_MS[2026-06-10 09:52:30.258] num:20 cost:10003 tps:2.0094 min:0 max:99999999 tp50:0 tp80:0 tp90:0 tp99:0 tp999:0 0_1:20 2_5:0 6_10:0 11_50:0 51_100:0 101_500:0 501_999:0 1000_:0
2026-06-10 17:52:33 INFO TimerFlushService - [ASYNC_MASTER]Timer progress-check commitRead:[06-10 09:52:33] currRead:[06-10 09:52:33] currWrite:[06-10 09:52:33] readBehind:0 currReadOffset:0 offsetBehind:0 behindMaster:0 enqPutQueue:0 deqGetQueue:0 deqPutQueue:0 allCongestNum:0 enqExpiredStoreTime:01-01 00:00:00
2026-06-10 17:52:36 INFO compactionSchedule_3 - start to scan all topicConfig
2026-06-10 17:52:36 INFO compactionSchedule_3 - scan all topicConfig over
2026-06-10 17:52:37 INFO StoreStatsService - [STORETPS] put_tps 0.0 get_found_tps 0.0 get_miss_tps 40.45992334610899 get_transferred_tps 0.0
2026-06-10 17:52:37 INFO StoreStatsService - findPutMessageEntireTimePX 0.99=0.00ms cost 0ms
2026-06-10 17:52:37 INFO StoreStatsService - findPutMessageEntireTimePX 0.999=0.00ms cost 0ms
2026-06-10 17:52:37 INFO StoreStatsService - [PAGECACHERT] TotalPut 0, PutMessageDistributeTime [<=0ms]:0 [0~10ms]:0 [10~50ms]:0 [50~100ms]:0 [100~200ms]:0 [200~500ms]:0 [500ms~1s]:0 [1~2s]:0 [2~3s]:0 [3~4s]:0 [4~5s]:0 [5~10s]:0 [10s~]:0 
2026-06-10 17:52:40 INFO FlushRealTimeService - PERF_COUNTER_FLUSH_DATA_TIME_MS[2026-06-10 09:52:40.262] num:20 cost:10004 tps:2.0092 min:0 max:99999999 tp50:0 tp80:0 tp90:0 tp99:0 tp999:0 0_1:20 2_5:0 6_10:0 11_50:0 51_100:0 101_500:0 501_999:0 1000_:0
2026-06-10 17:52:43 INFO TimerFlushService - [ASYNC_MASTER]Timer progress-check commitRead:[06-10 09:52:43] currRead:[06-10 09:52:43] currWrite:[06-10 09:52:43] readBehind:0 currReadOffset:0 offsetBehind:0 behindMaster:0 enqPutQueue:0 deqGetQueue:0 deqPutQueue:0 allCongestNum:0 enqExpiredStoreTime:01-01 00:00:00
2026-06-10 17:52:50 INFO FlushRealTimeService - PERF_COUNTER_FLUSH_DATA_TIME_MS[2026-06-10 09:52:50.265] num:20 cost:10003 tps:2.0094 min:0 max:99999999 tp50:0 tp80:0 tp90:0 tp99:0 tp999:0 0_1:20 2_5:0 6_10:0 11_50:0 51_100:0 101_500:0 501_999:0 1000_:0
2026-06-10 17:52:54 INFO TimerFlushService - [ASYNC_MASTER]Timer progress-check commitRead:[06-10 09:52:54] currRead:[06-10 09:52:54] currWrite:[06-10 09:52:54] readBehind:0 currReadOffset:0 offsetBehind:0 behindMaster:0 enqPutQueue:0 deqGetQueue:0 deqPutQueue:0 allCongestNum:0 enqExpiredStoreTime:01-01 00:00:00
2026-06-10 17:53:00 INFO FlushRealTimeService - PERF_COUNTER_FLUSH_DATA_TIME_MS[2026-06-10 09:53:00.268] num:20 cost:10003 tps:2.0094 min:0 max:99999999 tp50:0 tp80:0 tp90:0 tp99:0 tp999:0 0_1:20 2_5:0 6_10:0 11_50:0 51_100:0 101_500:0 501_999:0 1000_:0
2026-06-10 17:53:04 INFO TimerFlushService - [ASYNC_MASTER]Timer progress-check commitRead:[06-10 09:53:04] currRead:[06-10 09:53:04] currWrite:[06-10 09:53:04] readBehind:0 currReadOffset:0 offsetBehind:0 behindMaster:0 enqPutQueue:0 deqGetQueue:0 deqPutQueue:0 allCongestNum:0 enqExpiredStoreTime:01-01 00:00:00
2026-06-10 17:53:06 INFO compactionSchedule_3 - start to scan all topicConfig
2026-06-10 17:53:06 INFO compactionSchedule_3 - scan all topicConfig over
2026-06-10 17:53:10 INFO FlushRealTimeService - PERF_COUNTER_FLUSH_DATA_TIME_MS[2026-06-10 09:53:10.271] num:20 cost:10003 tps:2.0094 min:0 max:99999999 tp50:0 tp80:0 tp90:0 tp99:0 tp999:0 0_1:20 2_5:0 6_10:0 11_50:0 51_100:0 101_500:0 501_999:0 1000_:0
2026-06-10 17:53:15 INFO TimerFlushService - [ASYNC_MASTER]Timer progress-check commitRead:[06-10 09:53:15] currRead:[06-10 09:53:15] currWrite:[06-10 09:53:15] readBehind:0 currReadOffset:0 offsetBehind:0 behindMaster:0 enqPutQueue:0 deqGetQueue:0 deqPutQueue:0 allCongestNum:0 enqExpiredStoreTime:01-01 00:00:00
2026-06-10 17:53:20 INFO FlushRealTimeService - PERF_COUNTER_FLUSH_DATA_TIME_MS[2026-06-10 09:53:20.274] num:20 cost:10003 tps:2.0094 min:0 max:1 tp50:0 tp80:0 tp90:0 tp99:1 tp999:1 0_1:20 2_5:0 6_10:0 11_50:0 51_100:0 101_500:0 501_999:0 1000_:0
2026-06-10 17:53:26 INFO TimerFlushService - [ASYNC_MASTER]Timer progress-check commitRead:[06-10 09:53:26] currRead:[06-10 09:53:26] currWrite:[06-10 09:53:26] readBehind:0 currReadOffset:0 offsetBehind:0 behindMaster:0 enqPutQueue:0 deqGetQueue:0 deqPutQueue:0 allCongestNum:0 enqExpiredStoreTime:01-01 00:00:00
2026-06-10 17:53:30 INFO FlushRealTimeService - PERF_COUNTER_FLUSH_DATA_TIME_MS[2026-06-10 09:53:30.277] num:20 cost:10003 tps:2.0094 min:0 max:99999999 tp50:0 tp80:0 tp90:0 tp99:0 tp999:0 0_1:20 2_5:0 6_10:0 11_50:0 51_100:0 101_500:0 501_999:0 1000_:0
2026-06-10 17:53:36 INFO compactionSchedule_3 - start to scan all topicConfig
2026-06-10 17:53:36 INFO compactionSchedule_3 - scan all topicConfig over
2026-06-10 17:53:36 INFO TimerFlushService - [ASYNC_MASTER]Timer progress-check commitRead:[06-10 09:53:36] currRead:[06-10 09:53:36] currWrite:[06-10 09:53:36] readBehind:0 currReadOffset:0 offsetBehind:0 behindMaster:0 enqPutQueue:0 deqGetQueue:0 deqPutQueue:0 allCongestNum:0 enqExpiredStoreTime:01-01 00:00:00
2026-06-10 17:53:37 INFO StoreStatsService - [STORETPS] put_tps 0.0 get_found_tps 0.0 get_miss_tps 39.66071755903281 get_transferred_tps 0.0
2026-06-10 17:53:37 INFO StoreStatsService - findPutMessageEntireTimePX 0.99=0.00ms cost 0ms
2026-06-10 17:53:37 INFO StoreStatsService - findPutMessageEntireTimePX 0.999=0.00ms cost 0ms
2026-06-10 17:53:37 INFO StoreStatsService - [PAGECACHERT] TotalPut 0, PutMessageDistributeTime [<=0ms]:0 [0~10ms]:0 [10~50ms]:0 [50~100ms]:0 [100~200ms]:0 [200~500ms]:0 [500ms~1s]:0 [1~2s]:0 [2~3s]:0 [3~4s]:0 [4~5s]:0 [5~10s]:0 [10s~]:0 
2026-06-10 17:53:40 INFO FlushRealTimeService - PERF_COUNTER_FLUSH_DATA_TIME_MS[2026-06-10 09:53:40.281] num:20 cost:10003 tps:2.0094 min:0 max:99999999 tp50:0 tp80:0 tp90:0 tp99:0 tp999:0 0_1:20 2_5:0 6_10:0 11_50:0 51_100:0 101_500:0 501_999:0 1000_:0
2026-06-10 17:53:47 INFO TimerFlushService - [ASYNC_MASTER]Timer progress-check commitRead:[06-10 09:53:47] currRead:[06-10 09:53:47] currWrite:[06-10 09:53:47] readBehind:0 currReadOffset:0 offsetBehind:0 behindMaster:0 enqPutQueue:0 deqGetQueue:0 deqPutQueue:0 allCongestNum:0 enqExpiredStoreTime:01-01 00:00:00
2026-06-10 17:53:50 INFO FlushRealTimeService - PERF_COUNTER_FLUSH_DATA_TIME_MS[2026-06-10 09:53:50.285] num:20 cost:10003 tps:2.0094 min:0 max:99999999 tp50:0 tp80:0 tp90:0 tp99:0 tp999:0 0_1:20 2_5:0 6_10:0 11_50:0 51_100:0 101_500:0 501_999:0 1000_:0
2026-06-10 17:53:57 INFO TimerFlushService - [ASYNC_MASTER]Timer progress-check commitRead:[06-10 09:53:57] currRead:[06-10 09:53:57] currWrite:[06-10 09:53:57] readBehind:0 currReadOffset:0 offsetBehind:0 behindMaster:0 enqPutQueue:0 deqGetQueue:0 deqPutQueue:0 allCongestNum:0 enqExpiredStoreTime:01-01 00:00:00
2026-06-10 17:54:00 INFO FlushRealTimeService - PERF_COUNTER_FLUSH_DATA_TIME_MS[2026-06-10 09:54:00.288] num:20 cost:10003 tps:2.0094 min:0 max:99999999 tp50:0 tp80:0 tp90:0 tp99:0 tp999:0 0_1:20 2_5:0 6_10:0 11_50:0 51_100:0 101_500:0 501_999:0 1000_:0
2026-06-10 17:54:06 INFO compactionSchedule_3 - start to scan all topicConfig
2026-06-10 17:54:06 INFO compactionSchedule_3 - scan all topicConfig over
2026-06-10 17:54:08 INFO TimerFlushService - [ASYNC_MASTER]Timer progress-check commitRead:[06-10 09:54:08] currRead:[06-10 09:54:08] currWrite:[06-10 09:54:08] readBehind:0 currReadOffset:0 offsetBehind:0 behindMaster:0 enqPutQueue:0 deqGetQueue:0 deqPutQueue:0 allCongestNum:0 enqExpiredStoreTime:01-01 00:00:00
2026-06-10 17:54:10 INFO FlushRealTimeService - PERF_COUNTER_FLUSH_DATA_TIME_MS[2026-06-10 09:54:10.292] num:20 cost:10004 tps:2.0092 min:0 max:1 tp50:0 tp80:0 tp90:0 tp99:1 tp999:1 0_1:20 2_5:0 6_10:0 11_50:0 51_100:0 101_500:0 501_999:0 1000_:0
2026-06-10 17:54:18 INFO TimerFlushService - [ASYNC_MASTER]Timer progress-check commitRead:[06-10 09:54:18] currRead:[06-10 09:54:18] currWrite:[06-10 09:54:18] readBehind:0 currReadOffset:0 offsetBehind:0 behindMaster:0 enqPutQueue:0 deqGetQueue:0 deqPutQueue:0 allCongestNum:0 enqExpiredStoreTime:01-01 00:00:00
2026-06-10 17:54:20 INFO FlushRealTimeService - PERF_COUNTER_FLUSH_DATA_TIME_MS[2026-06-10 09:54:20.295] num:20 cost:10003 tps:2.0094 min:0 max:99999999 tp50:0 tp80:0 tp90:0 tp99:0 tp999:0 0_1:20 2_5:0 6_10:0 11_50:0 51_100:0 101_500:0 501_999:0 1000_:0
2026-06-10 17:54:29 INFO TimerFlushService - [ASYNC_MASTER]Timer progress-check commitRead:[06-10 09:54:29] currRead:[06-10 09:54:29] currWrite:[06-10 09:54:29] readBehind:0 currReadOffset:0 offsetBehind:0 behindMaster:0 enqPutQueue:0 deqGetQueue:0 deqPutQueue:0 allCongestNum:0 enqExpiredStoreTime:01-01 00:00:00
2026-06-10 17:54:30 INFO FlushRealTimeService - PERF_COUNTER_FLUSH_DATA_TIME_MS[2026-06-10 09:54:30.299] num:20 cost:10004 tps:2.0092 min:0 max:1 tp50:0 tp80:0 tp90:0 tp99:1 tp999:1 0_1:20 2_5:0 6_10:0 11_50:0 51_100:0 101_500:0 501_999:0 1000_:0
2026-06-10 17:54:36 INFO compactionSchedule_3 - start to scan all topicConfig
2026-06-10 17:54:36 INFO compactionSchedule_3 - scan all topicConfig over
2026-06-10 17:54:37 INFO StoreStatsService - [STORETPS] put_tps 0.0 get_found_tps 0.0 get_miss_tps 42.593610958356244 get_transferred_tps 0.0
2026-06-10 17:54:37 INFO StoreStatsService - findPutMessageEntireTimePX 0.99=0.00ms cost 0ms
2026-06-10 17:54:37 INFO StoreStatsService - findPutMessageEntireTimePX 0.999=0.00ms cost 0ms
2026-06-10 17:54:37 INFO StoreStatsService - [PAGECACHERT] TotalPut 0, PutMessageDistributeTime [<=0ms]:0 [0~10ms]:0 [10~50ms]:0 [50~100ms]:0 [100~200ms]:0 [200~500ms]:0 [500ms~1s]:0 [1~2s]:0 [2~3s]:0 [3~4s]:0 [4~5s]:0 [5~10s]:0 [10s~]:0 
2026-06-10 17:54:40 INFO FlushRealTimeService - PERF_COUNTER_FLUSH_DATA_TIME_MS[2026-06-10 09:54:40.302] num:20 cost:10003 tps:2.0094 min:0 max:99999999 tp50:0 tp80:0 tp90:0 tp99:0 tp999:0 0_1:20 2_5:0 6_10:0 11_50:0 51_100:0 101_500:0 501_999:0 1000_:0
2026-06-10 17:54:40 INFO TimerFlushService - [ASYNC_MASTER]Timer progress-check commitRead:[06-10 09:54:40] currRead:[06-10 09:54:40] currWrite:[06-10 09:54:40] readBehind:0 currReadOffset:0 offsetBehind:0 behindMaster:0 enqPutQueue:0 deqGetQueue:0 deqPutQueue:0 allCongestNum:0 enqExpiredStoreTime:01-01 00:00:00
2026-06-10 17:54:50 INFO FlushRealTimeService - PERF_COUNTER_FLUSH_DATA_TIME_MS[2026-06-10 09:54:50.305] num:20 cost:10003 tps:2.0094 min:0 max:99999999 tp50:0 tp80:0 tp90:0 tp99:0 tp999:0 0_1:20 2_5:0 6_10:0 11_50:0 51_100:0 101_500:0 501_999:0 1000_:0
2026-06-10 17:54:50 INFO TimerFlushService - [ASYNC_MASTER]Timer progress-check commitRead:[06-10 09:54:50] currRead:[06-10 09:54:50] currWrite:[06-10 09:54:50] readBehind:0 currReadOffset:0 offsetBehind:0 behindMaster:0 enqPutQueue:0 deqGetQueue:0 deqPutQueue:0 allCongestNum:0 enqExpiredStoreTime:01-01 00:00:00
2026-06-10 17:55:00 INFO FlushRealTimeService - PERF_COUNTER_FLUSH_DATA_TIME_MS[2026-06-10 09:55:00.308] num:20 cost:10002 tps:2.0096 min:0 max:1 tp50:0 tp80:0 tp90:0 tp99:1 tp999:1 0_1:20 2_5:0 6_10:0 11_50:0 51_100:0 101_500:0 501_999:0 1000_:0
2026-06-10 17:55:01 INFO TimerFlushService - [ASYNC_MASTER]Timer progress-check commitRead:[06-10 09:55:01] currRead:[06-10 09:55:01] currWrite:[06-10 09:55:01] readBehind:0 currReadOffset:0 offsetBehind:0 behindMaster:0 enqPutQueue:0 deqGetQueue:0 deqPutQueue:0 allCongestNum:0 enqExpiredStoreTime:01-01 00:00:00
2026-06-10 17:55:06 INFO compactionSchedule_3 - start to scan all topicConfig
2026-06-10 17:55:06 INFO compactionSchedule_3 - scan all topicConfig over
2026-06-10 17:55:10 INFO FlushRealTimeService - PERF_COUNTER_FLUSH_DATA_TIME_MS[2026-06-10 09:55:10.312] num:20 cost:10004 tps:2.0092 min:0 max:99999999 tp50:0 tp80:0 tp90:0 tp99:0 tp999:0 0_1:20 2_5:0 6_10:0 11_50:0 51_100:0 101_500:0 501_999:0 1000_:0
2026-06-10 17:55:11 INFO TimerFlushService - [ASYNC_MASTER]Timer progress-check commitRead:[06-10 09:55:11] currRead:[06-10 09:55:11] currWrite:[06-10 09:55:11] readBehind:0 currReadOffset:0 offsetBehind:0 behindMaster:0 enqPutQueue:0 deqGetQueue:0 deqPutQueue:0 allCongestNum:0 enqExpiredStoreTime:01-01 00:00:00
2026-06-10 17:55:20 INFO FlushRealTimeService - PERF_COUNTER_FLUSH_DATA_TIME_MS[2026-06-10 09:55:20.315] num:20 cost:10003 tps:2.0094 min:0 max:99999999 tp50:0 tp80:0 tp90:0 tp99:0 tp999:0 0_1:20 2_5:0 6_10:0 11_50:0 51_100:0 101_500:0 501_999:0 1000_:0
2026-06-10 17:55:22 INFO TimerFlushService - [ASYNC_MASTER]Timer progress-check commitRead:[06-10 09:55:22] currRead:[06-10 09:55:22] currWrite:[06-10 09:55:22] readBehind:0 currReadOffset:0 offsetBehind:0 behindMaster:0 enqPutQueue:0 deqGetQueue:0 deqPutQueue:0 allCongestNum:0 enqExpiredStoreTime:01-01 00:00:00
2026-06-10 17:55:30 INFO FlushRealTimeService - PERF_COUNTER_FLUSH_DATA_TIME_MS[2026-06-10 09:55:30.319] num:20 cost:10003 tps:2.0094 min:0 max:99999999 tp50:0 tp80:0 tp90:0 tp99:0 tp999:0 0_1:20 2_5:0 6_10:0 11_50:0 51_100:0 101_500:0 501_999:0 1000_:0
2026-06-10 17:55:33 INFO TimerFlushService - [ASYNC_MASTER]Timer progress-check commitRead:[06-10 09:55:33] currRead:[06-10 09:55:33] currWrite:[06-10 09:55:33] readBehind:0 currReadOffset:0 offsetBehind:0 behindMaster:0 enqPutQueue:0 deqGetQueue:0 deqPutQueue:0 allCongestNum:0 enqExpiredStoreTime:01-01 00:00:00
2026-06-10 17:55:36 INFO compactionSchedule_3 - start to scan all topicConfig
2026-06-10 17:55:36 INFO compactionSchedule_3 - scan all topicConfig over
2026-06-10 17:55:37 INFO StoreStatsService - [STORETPS] put_tps 0.0 get_found_tps 0.0 get_miss_tps 38.39360106648892 get_transferred_tps 0.0
2026-06-10 17:55:37 INFO StoreStatsService - findPutMessageEntireTimePX 0.99=0.00ms cost 0ms
2026-06-10 17:55:37 INFO StoreStatsService - findPutMessageEntireTimePX 0.999=0.00ms cost 0ms
2026-06-10 17:55:37 INFO StoreStatsService - [PAGECACHERT] TotalPut 0, PutMessageDistributeTime [<=0ms]:0 [0~10ms]:0 [10~50ms]:0 [50~100ms]:0 [100~200ms]:0 [200~500ms]:0 [500ms~1s]:0 [1~2s]:0 [2~3s]:0 [3~4s]:0 [4~5s]:0 [5~10s]:0 [10s~]:0 
2026-06-10 17:55:40 INFO FlushRealTimeService - PERF_COUNTER_FLUSH_DATA_TIME_MS[2026-06-10 09:55:40.322] num:20 cost:10003 tps:2.0094 min:0 max:99999999 tp50:0 tp80:0 tp90:0 tp99:0 tp999:0 0_1:20 2_5:0 6_10:0 11_50:0 51_100:0 101_500:0 501_999:0 1000_:0
2026-06-10 17:55:43 INFO TimerFlushService - [ASYNC_MASTER]Timer progress-check commitRead:[06-10 09:55:43] currRead:[06-10 09:55:43] currWrite:[06-10 09:55:43] readBehind:0 currReadOffset:0 offsetBehind:0 behindMaster:0 enqPutQueue:0 deqGetQueue:0 deqPutQueue:0 allCongestNum:0 enqExpiredStoreTime:01-01 00:00:00
2026-06-10 17:55:50 INFO FlushRealTimeService - PERF_COUNTER_FLUSH_DATA_TIME_MS[2026-06-10 09:55:50.325] num:20 cost:10003 tps:2.0094 min:0 max:99999999 tp50:0 tp80:0 tp90:0 tp99:0 tp999:0 0_1:20 2_5:0 6_10:0 11_50:0 51_100:0 101_500:0 501_999:0 1000_:0
2026-06-10 17:55:53 INFO TimerFlushService - [ASYNC_MASTER]Timer progress-check commitRead:[06-10 09:55:53] currRead:[06-10 09:55:53] currWrite:[06-10 09:55:53] readBehind:0 currReadOffset:0 offsetBehind:0 behindMaster:0 enqPutQueue:0 deqGetQueue:0 deqPutQueue:0 allCongestNum:0 enqExpiredStoreTime:01-01 00:00:00
2026-06-10 17:56:00 INFO FlushRealTimeService - PERF_COUNTER_FLUSH_DATA_TIME_MS[2026-06-10 09:56:00.329] num:20 cost:10003 tps:2.0094 min:0 max:1 tp50:0 tp80:0 tp90:0 tp99:1 tp999:1 0_1:20 2_5:0 6_10:0 11_50:0 51_100:0 101_500:0 501_999:0 1000_:0
2026-06-10 17:56:04 INFO TimerFlushService - [ASYNC_MASTER]Timer progress-check commitRead:[06-10 09:56:04] currRead:[06-10 09:56:04] currWrite:[06-10 09:56:04] readBehind:0 currReadOffset:0 offsetBehind:0 behindMaster:0 enqPutQueue:0 deqGetQueue:0 deqPutQueue:0 allCongestNum:0 enqExpiredStoreTime:01-01 00:00:00
2026-06-10 17:56:06 INFO compactionSchedule_3 - start to scan all topicConfig
2026-06-10 17:56:06 INFO compactionSchedule_3 - scan all topicConfig over
2026-06-10 17:56:10 INFO FlushRealTimeService - PERF_COUNTER_FLUSH_DATA_TIME_MS[2026-06-10 09:56:10.332] num:20 cost:10003 tps:2.0094 min:0 max:99999999 tp50:0 tp80:0 tp90:0 tp99:0 tp999:0 0_1:20 2_5:0 6_10:0 11_50:0 51_100:0 101_500:0 501_999:0 1000_:0
2026-06-10 17:56:15 INFO TimerFlushService - [ASYNC_MASTER]Timer progress-check commitRead:[06-10 09:56:14] currRead:[06-10 09:56:14] currWrite:[06-10 09:56:15] readBehind:1 currReadOffset:0 offsetBehind:0 behindMaster:0 enqPutQueue:0 deqGetQueue:0 deqPutQueue:0 allCongestNum:0 enqExpiredStoreTime:01-01 00:00:00
2026-06-10 17:56:20 INFO FlushRealTimeService - PERF_COUNTER_FLUSH_DATA_TIME_MS[2026-06-10 09:56:20.335] num:20 cost:10003 tps:2.0094 min:0 max:99999999 tp50:0 tp80:0 tp90:0 tp99:0 tp999:0 0_1:20 2_5:0 6_10:0 11_50:0 51_100:0 101_500:0 501_999:0 1000_:0
2026-06-10 17:56:25 INFO TimerFlushService - [ASYNC_MASTER]Timer progress-check commitRead:[06-10 09:56:25] currRead:[06-10 09:56:25] currWrite:[06-10 09:56:25] readBehind:0 currReadOffset:0 offsetBehind:0 behindMaster:0 enqPutQueue:0 deqGetQueue:0 deqPutQueue:0 allCongestNum:0 enqExpiredStoreTime:01-01 00:00:00
2026-06-10 17:56:30 INFO FlushRealTimeService - PERF_COUNTER_FLUSH_DATA_TIME_MS[2026-06-10 09:56:30.339] num:20 cost:10003 tps:2.0094 min:0 max:99999999 tp50:0 tp80:0 tp90:0 tp99:0 tp999:0 0_1:20 2_5:0 6_10:0 11_50:0 51_100:0 101_500:0 501_999:0 1000_:0
2026-06-10 17:56:36 INFO TimerFlushService - [ASYNC_MASTER]Timer progress-check commitRead:[06-10 09:56:36] currRead:[06-10 09:56:36] currWrite:[06-10 09:56:36] readBehind:0 currReadOffset:0 offsetBehind:0 behindMaster:0 enqPutQueue:0 deqGetQueue:0 deqPutQueue:0 allCongestNum:0 enqExpiredStoreTime:01-01 00:00:00
2026-06-10 17:56:36 INFO compactionSchedule_3 - start to scan all topicConfig
2026-06-10 17:56:36 INFO compactionSchedule_3 - scan all topicConfig over
2026-06-10 17:56:37 INFO StoreStatsService - [STORETPS] put_tps 0.0 get_found_tps 0.0 get_miss_tps 41.87635394100983 get_transferred_tps 0.0
2026-06-10 17:56:37 INFO StoreStatsService - findPutMessageEntireTimePX 0.99=0.00ms cost 0ms
2026-06-10 17:56:37 INFO StoreStatsService - findPutMessageEntireTimePX 0.999=0.00ms cost 0ms
2026-06-10 17:56:37 INFO StoreStatsService - [PAGECACHERT] TotalPut 0, PutMessageDistributeTime [<=0ms]:0 [0~10ms]:0 [10~50ms]:0 [50~100ms]:0 [100~200ms]:0 [200~500ms]:0 [500ms~1s]:0 [1~2s]:0 [2~3s]:0 [3~4s]:0 [4~5s]:0 [5~10s]:0 [10s~]:0 
2026-06-10 17:56:40 INFO FlushRealTimeService - PERF_COUNTER_FLUSH_DATA_TIME_MS[2026-06-10 09:56:40.342] num:20 cost:10003 tps:2.0094 min:0 max:99999999 tp50:0 tp80:0 tp90:0 tp99:0 tp999:0 0_1:20 2_5:0 6_10:0 11_50:0 51_100:0 101_500:0 501_999:0 1000_:0
2026-06-10 17:56:46 INFO TimerFlushService - [ASYNC_MASTER]Timer progress-check commitRead:[06-10 09:56:46] currRead:[06-10 09:56:46] currWrite:[06-10 09:56:46] readBehind:0 currReadOffset:0 offsetBehind:0 behindMaster:0 enqPutQueue:0 deqGetQueue:0 deqPutQueue:0 allCongestNum:0 enqExpiredStoreTime:01-01 00:00:00
2026-06-10 17:56:50 INFO FlushRealTimeService - PERF_COUNTER_FLUSH_DATA_TIME_MS[2026-06-10 09:56:50.346] num:20 cost:10004 tps:2.0092 min:0 max:99999999 tp50:0 tp80:0 tp90:0 tp99:0 tp999:0 0_1:20 2_5:0 6_10:0 11_50:0 51_100:0 101_500:0 501_999:0 1000_:0
2026-06-10 17:56:56 INFO TimerFlushService - [ASYNC_MASTER]Timer progress-check commitRead:[06-10 09:56:56] currRead:[06-10 09:56:56] currWrite:[06-10 09:56:56] readBehind:0 currReadOffset:0 offsetBehind:0 behindMaster:0 enqPutQueue:0 deqGetQueue:0 deqPutQueue:0 allCongestNum:0 enqExpiredStoreTime:01-01 00:00:00
2026-06-10 17:57:00 INFO FlushRealTimeService - PERF_COUNTER_FLUSH_DATA_TIME_MS[2026-06-10 09:57:00.349] num:20 cost:10003 tps:2.0094 min:0 max:99999999 tp50:0 tp80:0 tp90:0 tp99:0 tp999:0 0_1:20 2_5:0 6_10:0 11_50:0 51_100:0 101_500:0 501_999:0 1000_:0
2026-06-10 17:57:06 INFO compactionSchedule_3 - start to scan all topicConfig
2026-06-10 17:57:06 INFO compactionSchedule_3 - scan all topicConfig over
2026-06-10 17:57:07 INFO TimerFlushService - [ASYNC_MASTER]Timer progress-check commitRead:[06-10 09:57:07] currRead:[06-10 09:57:07] currWrite:[06-10 09:57:07] readBehind:0 currReadOffset:0 offsetBehind:0 behindMaster:0 enqPutQueue:0 deqGetQueue:0 deqPutQueue:0 allCongestNum:0 enqExpiredStoreTime:01-01 00:00:00
2026-06-10 17:57:10 INFO FlushRealTimeService - PERF_COUNTER_FLUSH_DATA_TIME_MS[2026-06-10 09:57:10.353] num:20 cost:10003 tps:2.0094 min:0 max:99999999 tp50:0 tp80:0 tp90:0 tp99:0 tp999:0 0_1:20 2_5:0 6_10:0 11_50:0 51_100:0 101_500:0 501_999:0 1000_:0
2026-06-10 17:57:17 INFO TimerFlushService - [ASYNC_MASTER]Timer progress-check commitRead:[06-10 09:57:17] currRead:[06-10 09:57:17] currWrite:[06-10 09:57:17] readBehind:0 currReadOffset:0 offsetBehind:0 behindMaster:0 enqPutQueue:0 deqGetQueue:0 deqPutQueue:0 allCongestNum:0 enqExpiredStoreTime:01-01 00:00:00
2026-06-10 17:57:20 INFO FlushRealTimeService - PERF_COUNTER_FLUSH_DATA_TIME_MS[2026-06-10 09:57:20.357] num:20 cost:10004 tps:2.0092 min:0 max:99999999 tp50:0 tp80:0 tp90:0 tp99:0 tp999:0 0_1:20 2_5:0 6_10:0 11_50:0 51_100:0 101_500:0 501_999:0 1000_:0
2026-06-10 17:57:27 INFO TimerFlushService - [ASYNC_MASTER]Timer progress-check commitRead:[06-10 09:57:27] currRead:[06-10 09:57:27] currWrite:[06-10 09:57:27] readBehind:0 currReadOffset:0 offsetBehind:0 behindMaster:0 enqPutQueue:0 deqGetQueue:0 deqPutQueue:0 allCongestNum:0 enqExpiredStoreTime:01-01 00:00:00
2026-06-10 17:57:30 INFO FlushRealTimeService - PERF_COUNTER_FLUSH_DATA_TIME_MS[2026-06-10 09:57:30.36] num:20 cost:10003 tps:2.0094 min:0 max:99999999 tp50:0 tp80:0 tp90:0 tp99:0 tp999:0 0_1:20 2_5:0 6_10:0 11_50:0 51_100:0 101_500:0 501_999:0 1000_:0
2026-06-10 17:57:36 INFO compactionSchedule_3 - start to scan all topicConfig
2026-06-10 17:57:36 INFO compactionSchedule_3 - scan all topicConfig over
2026-06-10 17:57:37 INFO StoreStatsService - [STORETPS] put_tps 0.0 get_found_tps 0.0 get_miss_tps 40.37660389935011 get_transferred_tps 0.0
2026-06-10 17:57:37 INFO StoreStatsService - findPutMessageEntireTimePX 0.99=0.00ms cost 0ms
2026-06-10 17:57:37 INFO StoreStatsService - findPutMessageEntireTimePX 0.999=0.00ms cost 0ms
2026-06-10 17:57:37 INFO StoreStatsService - [PAGECACHERT] TotalPut 0, PutMessageDistributeTime [<=0ms]:0 [0~10ms]:0 [10~50ms]:0 [50~100ms]:0 [100~200ms]:0 [200~500ms]:0 [500ms~1s]:0 [1~2s]:0 [2~3s]:0 [3~4s]:0 [4~5s]:0 [5~10s]:0 [10s~]:0 
2026-06-10 17:57:38 INFO TimerFlushService - [ASYNC_MASTER]Timer progress-check commitRead:[06-10 09:57:38] currRead:[06-10 09:57:38] currWrite:[06-10 09:57:38] readBehind:0 currReadOffset:0 offsetBehind:0 behindMaster:0 enqPutQueue:0 deqGetQueue:0 deqPutQueue:0 allCongestNum:0 enqExpiredStoreTime:01-01 00:00:00
2026-06-10 17:57:40 INFO FlushRealTimeService - PERF_COUNTER_FLUSH_DATA_TIME_MS[2026-06-10 09:57:40.368] num:20 cost:10007 tps:2.0086 min:0 max:99999999 tp50:0 tp80:0 tp90:0 tp99:0 tp999:0 0_1:20 2_5:0 6_10:0 11_50:0 51_100:0 101_500:0 501_999:0 1000_:0
2026-06-10 17:57:48 INFO TimerFlushService - [ASYNC_MASTER]Timer progress-check commitRead:[06-10 09:57:48] currRead:[06-10 09:57:48] currWrite:[06-10 09:57:48] readBehind:0 currReadOffset:0 offsetBehind:0 behindMaster:0 enqPutQueue:0 deqGetQueue:0 deqPutQueue:0 allCongestNum:0 enqExpiredStoreTime:01-01 00:00:00
2026-06-10 17:57:50 INFO FlushRealTimeService - PERF_COUNTER_FLUSH_DATA_TIME_MS[2026-06-10 09:57:50.371] num:20 cost:10003 tps:2.0094 min:0 max:99999999 tp50:0 tp80:0 tp90:0 tp99:0 tp999:0 0_1:20 2_5:0 6_10:0 11_50:0 51_100:0 101_500:0 501_999:0 1000_:0
2026-06-10 17:57:58 INFO TimerFlushService - [ASYNC_MASTER]Timer progress-check commitRead:[06-10 09:57:58] currRead:[06-10 09:57:58] currWrite:[06-10 09:57:58] readBehind:0 currReadOffset:0 offsetBehind:0 behindMaster:0 enqPutQueue:0 deqGetQueue:0 deqPutQueue:0 allCongestNum:0 enqExpiredStoreTime:01-01 00:00:00
2026-06-10 17:58:00 INFO FlushRealTimeService - PERF_COUNTER_FLUSH_DATA_TIME_MS[2026-06-10 09:58:00.374] num:20 cost:10003 tps:2.0094 min:0 max:99999999 tp50:0 tp80:0 tp90:0 tp99:0 tp999:0 0_1:20 2_5:0 6_10:0 11_50:0 51_100:0 101_500:0 501_999:0 1000_:0
2026-06-10 17:58:06 INFO compactionSchedule_3 - start to scan all topicConfig
2026-06-10 17:58:06 INFO compactionSchedule_3 - scan all topicConfig over
2026-06-10 17:58:09 INFO TimerFlushService - [ASYNC_MASTER]Timer progress-check commitRead:[06-10 09:58:09] currRead:[06-10 09:58:09] currWrite:[06-10 09:58:09] readBehind:0 currReadOffset:0 offsetBehind:0 behindMaster:0 enqPutQueue:0 deqGetQueue:0 deqPutQueue:0 allCongestNum:0 enqExpiredStoreTime:01-01 00:00:00
2026-06-10 17:58:10 INFO FlushRealTimeService - PERF_COUNTER_FLUSH_DATA_TIME_MS[2026-06-10 09:58:10.377] num:20 cost:10002 tps:2.0096 min:0 max:99999999 tp50:0 tp80:0 tp90:0 tp99:0 tp999:0 0_1:20 2_5:0 6_10:0 11_50:0 51_100:0 101_500:0 501_999:0 1000_:0
2026-06-10 17:58:19 INFO TimerFlushService - [ASYNC_MASTER]Timer progress-check commitRead:[06-10 09:58:19] currRead:[06-10 09:58:19] currWrite:[06-10 09:58:19] readBehind:0 currReadOffset:0 offsetBehind:0 behindMaster:0 enqPutQueue:0 deqGetQueue:0 deqPutQueue:0 allCongestNum:0 enqExpiredStoreTime:01-01 00:00:00
2026-06-10 17:58:20 INFO FlushRealTimeService - PERF_COUNTER_FLUSH_DATA_TIME_MS[2026-06-10 09:58:20.38] num:20 cost:10002 tps:2.0096 min:0 max:99999999 tp50:0 tp80:0 tp90:0 tp99:0 tp999:0 0_1:20 2_5:0 6_10:0 11_50:0 51_100:0 101_500:0 501_999:0 1000_:0
2026-06-10 17:58:30 INFO TimerFlushService - [ASYNC_MASTER]Timer progress-check commitRead:[06-10 09:58:30] currRead:[06-10 09:58:30] currWrite:[06-10 09:58:30] readBehind:0 currReadOffset:0 offsetBehind:0 behindMaster:0 enqPutQueue:0 deqGetQueue:0 deqPutQueue:0 allCongestNum:0 enqExpiredStoreTime:01-01 00:00:00
2026-06-10 17:58:30 INFO FlushRealTimeService - PERF_COUNTER_FLUSH_DATA_TIME_MS[2026-06-10 09:58:30.387] num:20 cost:10006 tps:2.0088 min:0 max:99999999 tp50:0 tp80:0 tp90:0 tp99:0 tp999:0 0_1:20 2_5:0 6_10:0 11_50:0 51_100:0 101_500:0 501_999:0 1000_:0
2026-06-10 17:58:36 INFO compactionSchedule_3 - start to scan all topicConfig
2026-06-10 17:58:36 INFO compactionSchedule_3 - scan all topicConfig over
2026-06-10 17:58:37 INFO StoreStatsService - [STORETPS] put_tps 0.0 get_found_tps 0.0 get_miss_tps 39.75871492368193 get_transferred_tps 0.0
2026-06-10 17:58:37 INFO StoreStatsService - findPutMessageEntireTimePX 0.99=0.00ms cost 1ms
2026-06-10 17:58:37 INFO StoreStatsService - findPutMessageEntireTimePX 0.999=0.00ms cost 0ms
2026-06-10 17:58:37 INFO StoreStatsService - [PAGECACHERT] TotalPut 0, PutMessageDistributeTime [<=0ms]:0 [0~10ms]:0 [10~50ms]:0 [50~100ms]:0 [100~200ms]:0 [200~500ms]:0 [500ms~1s]:0 [1~2s]:0 [2~3s]:0 [3~4s]:0 [4~5s]:0 [5~10s]:0 [10s~]:0 
2026-06-10 17:58:40 INFO FlushRealTimeService - PERF_COUNTER_FLUSH_DATA_TIME_MS[2026-06-10 09:58:40.395] num:20 cost:10008 tps:2.0084 min:0 max:99999999 tp50:0 tp80:0 tp90:0 tp99:0 tp999:0 0_1:20 2_5:0 6_10:0 11_50:0 51_100:0 101_500:0 501_999:0 1000_:0
2026-06-10 17:58:40 INFO TimerFlushService - [ASYNC_MASTER]Timer progress-check commitRead:[06-10 09:58:40] currRead:[06-10 09:58:40] currWrite:[06-10 09:58:40] readBehind:0 currReadOffset:0 offsetBehind:0 behindMaster:0 enqPutQueue:0 deqGetQueue:0 deqPutQueue:0 allCongestNum:0 enqExpiredStoreTime:01-01 00:00:00
2026-06-10 17:58:50 INFO FlushRealTimeService - PERF_COUNTER_FLUSH_DATA_TIME_MS[2026-06-10 09:58:50.4] num:20 cost:10005 tps:2.0090 min:0 max:99999999 tp50:0 tp80:0 tp90:0 tp99:0 tp999:0 0_1:20 2_5:0 6_10:0 11_50:0 51_100:0 101_500:0 501_999:0 1000_:0
2026-06-10 17:58:51 INFO TimerFlushService - [ASYNC_MASTER]Timer progress-check commitRead:[06-10 09:58:51] currRead:[06-10 09:58:51] currWrite:[06-10 09:58:51] readBehind:0 currReadOffset:0 offsetBehind:0 behindMaster:0 enqPutQueue:0 deqGetQueue:0 deqPutQueue:0 allCongestNum:0 enqExpiredStoreTime:01-01 00:00:00
2026-06-10 17:59:00 INFO FlushRealTimeService - PERF_COUNTER_FLUSH_DATA_TIME_MS[2026-06-10 09:59:00.403] num:20 cost:10003 tps:2.0094 min:0 max:99999999 tp50:0 tp80:0 tp90:0 tp99:0 tp999:0 0_1:20 2_5:0 6_10:0 11_50:0 51_100:0 101_500:0 501_999:0 1000_:0
2026-06-10 17:59:01 INFO TimerFlushService - [ASYNC_MASTER]Timer progress-check commitRead:[06-10 09:59:01] currRead:[06-10 09:59:01] currWrite:[06-10 09:59:01] readBehind:0 currReadOffset:0 offsetBehind:0 behindMaster:0 enqPutQueue:0 deqGetQueue:0 deqPutQueue:0 allCongestNum:0 enqExpiredStoreTime:01-01 00:00:00
2026-06-10 17:59:06 INFO compactionSchedule_3 - start to scan all topicConfig
2026-06-10 17:59:06 INFO compactionSchedule_3 - scan all topicConfig over
2026-06-10 17:59:10 INFO FlushRealTimeService - PERF_COUNTER_FLUSH_DATA_TIME_MS[2026-06-10 09:59:10.406] num:20 cost:10002 tps:2.0096 min:0 max:99999999 tp50:0 tp80:0 tp90:0 tp99:0 tp999:0 0_1:20 2_5:0 6_10:0 11_50:0 51_100:0 101_500:0 501_999:0 1000_:0
2026-06-10 17:59:11 INFO TimerFlushService - [ASYNC_MASTER]Timer progress-check commitRead:[06-10 09:59:11] currRead:[06-10 09:59:11] currWrite:[06-10 09:59:11] readBehind:0 currReadOffset:0 offsetBehind:0 behindMaster:0 enqPutQueue:0 deqGetQueue:0 deqPutQueue:0 allCongestNum:0 enqExpiredStoreTime:01-01 00:00:00
2026-06-10 17:59:20 INFO FlushRealTimeService - PERF_COUNTER_FLUSH_DATA_TIME_MS[2026-06-10 09:59:20.412] num:20 cost:10005 tps:2.0090 min:0 max:99999999 tp50:0 tp80:0 tp90:0 tp99:0 tp999:0 0_1:20 2_5:0 6_10:0 11_50:0 51_100:0 101_500:0 501_999:0 1000_:0
2026-06-10 17:59:22 INFO TimerFlushService - [ASYNC_MASTER]Timer progress-check commitRead:[06-10 09:59:22] currRead:[06-10 09:59:22] currWrite:[06-10 09:59:22] readBehind:0 currReadOffset:0 offsetBehind:0 behindMaster:0 enqPutQueue:0 deqGetQueue:0 deqPutQueue:0 allCongestNum:0 enqExpiredStoreTime:01-01 00:00:00
2026-06-10 17:59:30 INFO FlushRealTimeService - PERF_COUNTER_FLUSH_DATA_TIME_MS[2026-06-10 09:59:30.416] num:20 cost:10003 tps:2.0094 min:0 max:99999999 tp50:0 tp80:0 tp90:0 tp99:0 tp999:0 0_1:20 2_5:0 6_10:0 11_50:0 51_100:0 101_500:0 501_999:0 1000_:0
2026-06-10 17:59:32 INFO TimerFlushService - [ASYNC_MASTER]Timer progress-check commitRead:[06-10 09:59:32] currRead:[06-10 09:59:32] currWrite:[06-10 09:59:32] readBehind:0 currReadOffset:0 offsetBehind:0 behindMaster:0 enqPutQueue:0 deqGetQueue:0 deqPutQueue:0 allCongestNum:0 enqExpiredStoreTime:01-01 00:00:00
2026-06-10 17:59:36 INFO compactionSchedule_3 - start to scan all topicConfig
2026-06-10 17:59:36 INFO compactionSchedule_3 - scan all topicConfig over
2026-06-10 17:59:37 INFO StoreStatsService - [STORETPS] put_tps 0.0 get_found_tps 0.0 get_miss_tps 42.49220976154372 get_transferred_tps 0.0
2026-06-10 17:59:37 INFO StoreStatsService - findPutMessageEntireTimePX 0.99=0.00ms cost 0ms
2026-06-10 17:59:37 INFO StoreStatsService - findPutMessageEntireTimePX 0.999=0.00ms cost 0ms
2026-06-10 17:59:37 INFO StoreStatsService - [PAGECACHERT] TotalPut 0, PutMessageDistributeTime [<=0ms]:0 [0~10ms]:0 [10~50ms]:0 [50~100ms]:0 [100~200ms]:0 [200~500ms]:0 [500ms~1s]:0 [1~2s]:0 [2~3s]:0 [3~4s]:0 [4~5s]:0 [5~10s]:0 [10s~]:0 
2026-06-10 17:59:40 INFO FlushRealTimeService - PERF_COUNTER_FLUSH_DATA_TIME_MS[2026-06-10 09:59:40.419] num:20 cost:10003 tps:2.0094 min:0 max:99999999 tp50:0 tp80:0 tp90:0 tp99:0 tp999:0 0_1:20 2_5:0 6_10:0 11_50:0 51_100:0 101_500:0 501_999:0 1000_:0
2026-06-10 17:59:43 INFO TimerFlushService - [ASYNC_MASTER]Timer progress-check commitRead:[06-10 09:59:43] currRead:[06-10 09:59:43] currWrite:[06-10 09:59:43] readBehind:0 currReadOffset:0 offsetBehind:0 behindMaster:0 enqPutQueue:0 deqGetQueue:0 deqPutQueue:0 allCongestNum:0 enqExpiredStoreTime:01-01 00:00:00
2026-06-10 17:59:50 INFO FlushRealTimeService - PERF_COUNTER_FLUSH_DATA_TIME_MS[2026-06-10 09:59:50.428] num:20 cost:10009 tps:2.0082 min:0 max:99999999 tp50:0 tp80:0 tp90:0 tp99:0 tp999:0 0_1:20 2_5:0 6_10:0 11_50:0 51_100:0 101_500:0 501_999:0 1000_:0
2026-06-10 17:59:53 INFO TimerFlushService - [ASYNC_MASTER]Timer progress-check commitRead:[06-10 09:59:53] currRead:[06-10 09:59:53] currWrite:[06-10 09:59:53] readBehind:0 currReadOffset:0 offsetBehind:0 behindMaster:0 enqPutQueue:0 deqGetQueue:0 deqPutQueue:0 allCongestNum:0 enqExpiredStoreTime:01-01 00:00:00
2026-06-10 18:00:00 INFO FlushRealTimeService - PERF_COUNTER_FLUSH_DATA_TIME_MS[2026-06-10 10:00:00.43] num:20 cost:10002 tps:2.0096 min:0 max:99999999 tp50:0 tp80:0 tp90:0 tp99:0 tp999:0 0_1:20 2_5:0 6_10:0 11_50:0 51_100:0 101_500:0 501_999:0 1000_:0
2026-06-10 18:00:04 INFO TimerFlushService - [ASYNC_MASTER]Timer progress-check commitRead:[06-10 10:00:04] currRead:[06-10 10:00:04] currWrite:[06-10 10:00:04] readBehind:0 currReadOffset:0 offsetBehind:0 behindMaster:0 enqPutQueue:0 deqGetQueue:0 deqPutQueue:0 allCongestNum:0 enqExpiredStoreTime:01-01 00:00:00
2026-06-10 18:00:06 INFO compactionSchedule_3 - start to scan all topicConfig
2026-06-10 18:00:06 INFO compactionSchedule_3 - scan all topicConfig over
2026-06-10 18:00:10 INFO FlushRealTimeService - PERF_COUNTER_FLUSH_DATA_TIME_MS[2026-06-10 10:00:10.436] num:20 cost:10005 tps:2.0090 min:0 max:99999999 tp50:0 tp80:0 tp90:0 tp99:0 tp999:0 0_1:20 2_5:0 6_10:0 11_50:0 51_100:0 101_500:0 501_999:0 1000_:0
2026-06-10 18:00:14 INFO TimerFlushService - [ASYNC_MASTER]Timer progress-check commitRead:[06-10 10:00:14] currRead:[06-10 10:00:14] currWrite:[06-10 10:00:14] readBehind:0 currReadOffset:0 offsetBehind:0 behindMaster:0 enqPutQueue:0 deqGetQueue:0 deqPutQueue:0 allCongestNum:0 enqExpiredStoreTime:01-01 00:00:00
2026-06-10 18:00:20 INFO FlushRealTimeService - PERF_COUNTER_FLUSH_DATA_TIME_MS[2026-06-10 10:00:20.438] num:20 cost:10002 tps:2.0096 min:0 max:99999999 tp50:0 tp80:0 tp90:0 tp99:0 tp999:0 0_1:20 2_5:0 6_10:0 11_50:0 51_100:0 101_500:0 501_999:0 1000_:0
2026-06-10 18:00:25 INFO TimerFlushService - [ASYNC_MASTER]Timer progress-check commitRead:[06-10 10:00:24] currRead:[06-10 10:00:24] currWrite:[06-10 10:00:25] readBehind:1 currReadOffset:0 offsetBehind:0 behindMaster:0 enqPutQueue:0 deqGetQueue:0 deqPutQueue:0 allCongestNum:0 enqExpiredStoreTime:01-01 00:00:00
2026-06-10 18:00:30 INFO FlushRealTimeService - PERF_COUNTER_FLUSH_DATA_TIME_MS[2026-06-10 10:00:30.444] num:20 cost:10005 tps:2.0090 min:0 max:99999999 tp50:0 tp80:0 tp90:0 tp99:0 tp999:0 0_1:20 2_5:0 6_10:0 11_50:0 51_100:0 101_500:0 501_999:0 1000_:0
2026-06-10 18:00:35 INFO TimerFlushService - [ASYNC_MASTER]Timer progress-check commitRead:[06-10 10:00:35] currRead:[06-10 10:00:35] currWrite:[06-10 10:00:35] readBehind:0 currReadOffset:0 offsetBehind:0 behindMaster:0 enqPutQueue:0 deqGetQueue:0 deqPutQueue:0 allCongestNum:0 enqExpiredStoreTime:01-01 00:00:00
2026-06-10 18:00:36 INFO compactionSchedule_3 - start to scan all topicConfig
2026-06-10 18:00:36 INFO compactionSchedule_3 - scan all topicConfig over
2026-06-10 18:00:37 INFO StoreStatsService - [STORETPS] put_tps 0.0 get_found_tps 0.0 get_miss_tps 38.39360106648892 get_transferred_tps 0.0
2026-06-10 18:00:37 INFO StoreStatsService - findPutMessageEntireTimePX 0.99=0.00ms cost 0ms
2026-06-10 18:00:37 INFO StoreStatsService - findPutMessageEntireTimePX 0.999=0.00ms cost 0ms
2026-06-10 18:00:37 INFO StoreStatsService - [PAGECACHERT] TotalPut 0, PutMessageDistributeTime [<=0ms]:0 [0~10ms]:0 [10~50ms]:0 [50~100ms]:0 [100~200ms]:0 [200~500ms]:0 [500ms~1s]:0 [1~2s]:0 [2~3s]:0 [3~4s]:0 [4~5s]:0 [5~10s]:0 [10s~]:0 
2026-06-10 18:00:40 INFO FlushRealTimeService - PERF_COUNTER_FLUSH_DATA_TIME_MS[2026-06-10 10:00:40.448] num:20 cost:10004 tps:2.0092 min:0 max:99999999 tp50:0 tp80:0 tp90:0 tp99:0 tp999:0 0_1:20 2_5:0 6_10:0 11_50:0 51_100:0 101_500:0 501_999:0 1000_:0
2026-06-10 18:00:45 INFO TimerFlushService - [ASYNC_MASTER]Timer progress-check commitRead:[06-10 10:00:45] currRead:[06-10 10:00:45] currWrite:[06-10 10:00:45] readBehind:0 currReadOffset:0 offsetBehind:0 behindMaster:0 enqPutQueue:0 deqGetQueue:0 deqPutQueue:0 allCongestNum:0 enqExpiredStoreTime:01-01 00:00:00
2026-06-10 18:00:50 INFO FlushRealTimeService - PERF_COUNTER_FLUSH_DATA_TIME_MS[2026-06-10 10:00:50.451] num:20 cost:10003 tps:2.0094 min:0 max:99999999 tp50:0 tp80:0 tp90:0 tp99:0 tp999:0 0_1:20 2_5:0 6_10:0 11_50:0 51_100:0 101_500:0 501_999:0 1000_:0
2026-06-10 18:00:56 INFO TimerFlushService - [ASYNC_MASTER]Timer progress-check commitRead:[06-10 10:00:56] currRead:[06-10 10:00:56] currWrite:[06-10 10:00:56] readBehind:0 currReadOffset:0 offsetBehind:0 behindMaster:0 enqPutQueue:0 deqGetQueue:0 deqPutQueue:0 allCongestNum:0 enqExpiredStoreTime:01-01 00:00:00
2026-06-10 18:01:00 INFO FlushRealTimeService - PERF_COUNTER_FLUSH_DATA_TIME_MS[2026-06-10 10:01:00.456] num:20 cost:10005 tps:2.0090 min:0 max:99999999 tp50:0 tp80:0 tp90:0 tp99:0 tp999:0 0_1:20 2_5:0 6_10:0 11_50:0 51_100:0 101_500:0 501_999:0 1000_:0
2026-06-10 18:01:06 INFO compactionSchedule_3 - start to scan all topicConfig
2026-06-10 18:01:06 INFO compactionSchedule_3 - scan all topicConfig over
2026-06-10 18:01:06 INFO TimerFlushService - [ASYNC_MASTER]Timer progress-check commitRead:[06-10 10:01:06] currRead:[06-10 10:01:06] currWrite:[06-10 10:01:06] readBehind:0 currReadOffset:0 offsetBehind:0 behindMaster:0 enqPutQueue:0 deqGetQueue:0 deqPutQueue:0 allCongestNum:0 enqExpiredStoreTime:01-01 00:00:00
2026-06-10 18:01:10 INFO FlushRealTimeService - PERF_COUNTER_FLUSH_DATA_TIME_MS[2026-06-10 10:01:10.459] num:20 cost:10003 tps:2.0094 min:0 max:99999999 tp50:0 tp80:0 tp90:0 tp99:0 tp999:0 0_1:20 2_5:0 6_10:0 11_50:0 51_100:0 101_500:0 501_999:0 1000_:0
2026-06-10 18:01:16 INFO TimerFlushService - [ASYNC_MASTER]Timer progress-check commitRead:[06-10 10:01:16] currRead:[06-10 10:01:16] currWrite:[06-10 10:01:16] readBehind:0 currReadOffset:0 offsetBehind:0 behindMaster:0 enqPutQueue:0 deqGetQueue:0 deqPutQueue:0 allCongestNum:0 enqExpiredStoreTime:01-01 00:00:00
2026-06-10 18:01:20 INFO FlushRealTimeService - PERF_COUNTER_FLUSH_DATA_TIME_MS[2026-06-10 10:01:20.462] num:20 cost:10003 tps:2.0094 min:0 max:99999999 tp50:0 tp80:0 tp90:0 tp99:0 tp999:0 0_1:20 2_5:0 6_10:0 11_50:0 51_100:0 101_500:0 501_999:0 1000_:0
2026-06-10 18:01:27 INFO TimerFlushService - [ASYNC_MASTER]Timer progress-check commitRead:[06-10 10:01:27] currRead:[06-10 10:01:27] currWrite:[06-10 10:01:27] readBehind:0 currReadOffset:0 offsetBehind:0 behindMaster:0 enqPutQueue:0 deqGetQueue:0 deqPutQueue:0 allCongestNum:0 enqExpiredStoreTime:01-01 00:00:00
2026-06-10 18:01:30 INFO FlushRealTimeService - PERF_COUNTER_FLUSH_DATA_TIME_MS[2026-06-10 10:01:30.465] num:20 cost:10003 tps:2.0094 min:0 max:99999999 tp50:0 tp80:0 tp90:0 tp99:0 tp999:0 0_1:20 2_5:0 6_10:0 11_50:0 51_100:0 101_500:0 501_999:0 1000_:0
2026-06-10 18:01:36 INFO compactionSchedule_3 - start to scan all topicConfig
2026-06-10 18:01:36 INFO compactionSchedule_3 - scan all topicConfig over
2026-06-10 18:01:37 INFO TimerFlushService - [ASYNC_MASTER]Timer progress-check commitRead:[06-10 10:01:37] currRead:[06-10 10:01:37] currWrite:[06-10 10:01:37] readBehind:0 currReadOffset:0 offsetBehind:0 behindMaster:0 enqPutQueue:0 deqGetQueue:0 deqPutQueue:0 allCongestNum:0 enqExpiredStoreTime:01-01 00:00:00
2026-06-10 18:01:37 INFO StoreStatsService - [STORETPS] put_tps 0.0 get_found_tps 0.0 get_miss_tps 41.958275011664334 get_transferred_tps 0.0
2026-06-10 18:01:37 INFO StoreStatsService - findPutMessageEntireTimePX 0.99=0.00ms cost 0ms
2026-06-10 18:01:37 INFO StoreStatsService - findPutMessageEntireTimePX 0.999=0.00ms cost 0ms
2026-06-10 18:01:37 INFO StoreStatsService - [PAGECACHERT] TotalPut 0, PutMessageDistributeTime [<=0ms]:0 [0~10ms]:0 [10~50ms]:0 [50~100ms]:0 [100~200ms]:0 [200~500ms]:0 [500ms~1s]:0 [1~2s]:0 [2~3s]:0 [3~4s]:0 [4~5s]:0 [5~10s]:0 [10s~]:0 
2026-06-10 18:01:40 INFO FlushRealTimeService - PERF_COUNTER_FLUSH_DATA_TIME_MS[2026-06-10 10:01:40.468] num:20 cost:10003 tps:2.0094 min:0 max:99999999 tp50:0 tp80:0 tp90:0 tp99:0 tp999:0 0_1:20 2_5:0 6_10:0 11_50:0 51_100:0 101_500:0 501_999:0 1000_:0
2026-06-10 18:01:48 INFO TimerFlushService - [ASYNC_MASTER]Timer progress-check commitRead:[06-10 10:01:47] currRead:[06-10 10:01:47] currWrite:[06-10 10:01:48] readBehind:1 currReadOffset:0 offsetBehind:0 behindMaster:0 enqPutQueue:0 deqGetQueue:0 deqPutQueue:0 allCongestNum:0 enqExpiredStoreTime:01-01 00:00:00
2026-06-10 18:01:50 INFO FlushRealTimeService - PERF_COUNTER_FLUSH_DATA_TIME_MS[2026-06-10 10:01:50.471] num:20 cost:10003 tps:2.0094 min:0 max:99999999 tp50:0 tp80:0 tp90:0 tp99:0 tp999:0 0_1:20 2_5:0 6_10:0 11_50:0 51_100:0 101_500:0 501_999:0 1000_:0
2026-06-10 18:01:58 INFO TimerFlushService - [ASYNC_MASTER]Timer progress-check commitRead:[06-10 10:01:58] currRead:[06-10 10:01:58] currWrite:[06-10 10:01:58] readBehind:0 currReadOffset:0 offsetBehind:0 behindMaster:0 enqPutQueue:0 deqGetQueue:0 deqPutQueue:0 allCongestNum:0 enqExpiredStoreTime:01-01 00:00:00
2026-06-10 18:02:00 INFO FlushRealTimeService - PERF_COUNTER_FLUSH_DATA_TIME_MS[2026-06-10 10:02:00.474] num:20 cost:10003 tps:2.0094 min:0 max:1 tp50:0 tp80:0 tp90:0 tp99:1 tp999:1 0_1:20 2_5:0 6_10:0 11_50:0 51_100:0 101_500:0 501_999:0 1000_:0
2026-06-10 18:02:06 INFO compactionSchedule_3 - start to scan all topicConfig
2026-06-10 18:02:06 INFO compactionSchedule_3 - scan all topicConfig over
2026-06-10 18:02:08 INFO TimerFlushService - [ASYNC_MASTER]Timer progress-check commitRead:[06-10 10:02:08] currRead:[06-10 10:02:08] currWrite:[06-10 10:02:08] readBehind:0 currReadOffset:0 offsetBehind:0 behindMaster:0 enqPutQueue:0 deqGetQueue:0 deqPutQueue:0 allCongestNum:0 enqExpiredStoreTime:01-01 00:00:00
2026-06-10 18:02:10 INFO FlushRealTimeService - PERF_COUNTER_FLUSH_DATA_TIME_MS[2026-06-10 10:02:10.477] num:20 cost:10003 tps:2.0094 min:0 max:99999999 tp50:0 tp80:0 tp90:0 tp99:0 tp999:0 0_1:20 2_5:0 6_10:0 11_50:0 51_100:0 101_500:0 501_999:0 1000_:0
2026-06-10 18:02:19 INFO TimerFlushService - [ASYNC_MASTER]Timer progress-check commitRead:[06-10 10:02:19] currRead:[06-10 10:02:19] currWrite:[06-10 10:02:19] readBehind:0 currReadOffset:0 offsetBehind:0 behindMaster:0 enqPutQueue:0 deqGetQueue:0 deqPutQueue:0 allCongestNum:0 enqExpiredStoreTime:01-01 00:00:00
2026-06-10 18:02:20 INFO FlushRealTimeService - PERF_COUNTER_FLUSH_DATA_TIME_MS[2026-06-10 10:02:20.48] num:20 cost:10003 tps:2.0094 min:0 max:99999999 tp50:0 tp80:0 tp90:0 tp99:0 tp999:0 0_1:20 2_5:0 6_10:0 11_50:0 51_100:0 101_500:0 501_999:0 1000_:0
2026-06-10 18:02:29 INFO TimerFlushService - [ASYNC_MASTER]Timer progress-check commitRead:[06-10 10:02:29] currRead:[06-10 10:02:29] currWrite:[06-10 10:02:29] readBehind:0 currReadOffset:0 offsetBehind:0 behindMaster:0 enqPutQueue:0 deqGetQueue:0 deqPutQueue:0 allCongestNum:0 enqExpiredStoreTime:01-01 00:00:00
2026-06-10 18:02:30 INFO FlushRealTimeService - PERF_COUNTER_FLUSH_DATA_TIME_MS[2026-06-10 10:02:30.487] num:20 cost:10006 tps:2.0088 min:0 max:99999999 tp50:0 tp80:0 tp90:0 tp99:0 tp999:0 0_1:20 2_5:0 6_10:0 11_50:0 51_100:0 101_500:0 501_999:0 1000_:0
2026-06-10 18:02:36 INFO compactionSchedule_3 - start to scan all topicConfig
2026-06-10 18:02:36 INFO compactionSchedule_3 - scan all topicConfig over
2026-06-10 18:02:37 INFO StoreStatsService - [STORETPS] put_tps 0.0 get_found_tps 0.0 get_miss_tps 40.29059886026594 get_transferred_tps 0.0
2026-06-10 18:02:37 INFO StoreStatsService - findPutMessageEntireTimePX 0.99=0.00ms cost 0ms
2026-06-10 18:02:37 INFO StoreStatsService - findPutMessageEntireTimePX 0.999=0.00ms cost 0ms
2026-06-10 18:02:37 INFO StoreStatsService - [PAGECACHERT] TotalPut 0, PutMessageDistributeTime [<=0ms]:0 [0~10ms]:0 [10~50ms]:0 [50~100ms]:0 [100~200ms]:0 [200~500ms]:0 [500ms~1s]:0 [1~2s]:0 [2~3s]:0 [3~4s]:0 [4~5s]:0 [5~10s]:0 [10s~]:0 
2026-06-10 18:02:40 INFO TimerFlushService - [ASYNC_MASTER]Timer progress-check commitRead:[06-10 10:02:40] currRead:[06-10 10:02:40] currWrite:[06-10 10:02:40] readBehind:0 currReadOffset:0 offsetBehind:0 behindMaster:0 enqPutQueue:0 deqGetQueue:0 deqPutQueue:0 allCongestNum:0 enqExpiredStoreTime:01-01 00:00:00
2026-06-10 18:02:40 INFO FlushRealTimeService - PERF_COUNTER_FLUSH_DATA_TIME_MS[2026-06-10 10:02:40.49] num:20 cost:10003 tps:2.0094 min:0 max:99999999 tp50:0 tp80:0 tp90:0 tp99:0 tp999:0 0_1:20 2_5:0 6_10:0 11_50:0 51_100:0 101_500:0 501_999:0 1000_:0
2026-06-10 18:02:50 INFO FlushRealTimeService - PERF_COUNTER_FLUSH_DATA_TIME_MS[2026-06-10 10:02:50.494] num:20 cost:10003 tps:2.0094 min:0 max:99999999 tp50:0 tp80:0 tp90:0 tp99:0 tp999:0 0_1:20 2_5:0 6_10:0 11_50:0 51_100:0 101_500:0 501_999:0 1000_:0
2026-06-10 18:02:50 INFO TimerFlushService - [ASYNC_MASTER]Timer progress-check commitRead:[06-10 10:02:50] currRead:[06-10 10:02:50] currWrite:[06-10 10:02:50] readBehind:0 currReadOffset:0 offsetBehind:0 behindMaster:0 enqPutQueue:0 deqGetQueue:0 deqPutQueue:0 allCongestNum:0 enqExpiredStoreTime:01-01 00:00:00
2026-06-10 18:03:00 INFO FlushRealTimeService - PERF_COUNTER_FLUSH_DATA_TIME_MS[2026-06-10 10:03:00.497] num:20 cost:10003 tps:2.0094 min:0 max:99999999 tp50:0 tp80:0 tp90:0 tp99:0 tp999:0 0_1:20 2_5:0 6_10:0 11_50:0 51_100:0 101_500:0 501_999:0 1000_:0
2026-06-10 18:03:01 INFO TimerFlushService - [ASYNC_MASTER]Timer progress-check commitRead:[06-10 10:03:01] currRead:[06-10 10:03:01] currWrite:[06-10 10:03:01] readBehind:0 currReadOffset:0 offsetBehind:0 behindMaster:0 enqPutQueue:0 deqGetQueue:0 deqPutQueue:0 allCongestNum:0 enqExpiredStoreTime:01-01 00:00:00
2026-06-10 18:03:06 INFO compactionSchedule_3 - start to scan all topicConfig
2026-06-10 18:03:06 INFO compactionSchedule_3 - scan all topicConfig over
2026-06-10 18:03:10 INFO FlushRealTimeService - PERF_COUNTER_FLUSH_DATA_TIME_MS[2026-06-10 10:03:10.5] num:20 cost:10003 tps:2.0094 min:0 max:1 tp50:0 tp80:0 tp90:0 tp99:1 tp999:1 0_1:20 2_5:0 6_10:0 11_50:0 51_100:0 101_500:0 501_999:0 1000_:0
2026-06-10 18:03:11 INFO TimerFlushService - [ASYNC_MASTER]Timer progress-check commitRead:[06-10 10:03:11] currRead:[06-10 10:03:11] currWrite:[06-10 10:03:11] readBehind:0 currReadOffset:0 offsetBehind:0 behindMaster:0 enqPutQueue:0 deqGetQueue:0 deqPutQueue:0 allCongestNum:0 enqExpiredStoreTime:01-01 00:00:00
2026-06-10 18:03:20 INFO FlushRealTimeService - PERF_COUNTER_FLUSH_DATA_TIME_MS[2026-06-10 10:03:20.508] num:20 cost:10008 tps:2.0084 min:0 max:99999999 tp50:0 tp80:0 tp90:0 tp99:0 tp999:0 0_1:20 2_5:0 6_10:0 11_50:0 51_100:0 101_500:0 501_999:0 1000_:0
2026-06-10 18:03:21 INFO TimerFlushService - [ASYNC_MASTER]Timer progress-check commitRead:[06-10 10:03:21] currRead:[06-10 10:03:21] currWrite:[06-10 10:03:21] readBehind:0 currReadOffset:0 offsetBehind:0 behindMaster:0 enqPutQueue:0 deqGetQueue:0 deqPutQueue:0 allCongestNum:0 enqExpiredStoreTime:01-01 00:00:00
2026-06-10 18:03:30 INFO FlushRealTimeService - PERF_COUNTER_FLUSH_DATA_TIME_MS[2026-06-10 10:03:30.629] num:20 cost:10121 tps:1.9860 min:0 max:99999999 tp50:0 tp80:0 tp90:0 tp99:0 tp999:0 0_1:20 2_5:0 6_10:0 11_50:0 51_100:0 101_500:0 501_999:0 1000_:0
2026-06-10 18:03:32 INFO TimerFlushService - [ASYNC_MASTER]Timer progress-check commitRead:[06-10 10:03:32] currRead:[06-10 10:03:32] currWrite:[06-10 10:03:32] readBehind:0 currReadOffset:0 offsetBehind:0 behindMaster:0 enqPutQueue:0 deqGetQueue:0 deqPutQueue:0 allCongestNum:0 enqExpiredStoreTime:01-01 00:00:00
2026-06-10 18:03:36 INFO compactionSchedule_3 - start to scan all topicConfig
2026-06-10 18:03:36 INFO compactionSchedule_3 - scan all topicConfig over
2026-06-10 18:03:37 INFO StoreStatsService - [STORETPS] put_tps 0.0 get_found_tps 0.0 get_miss_tps 39.68610986154845 get_transferred_tps 0.0
2026-06-10 18:03:37 INFO StoreStatsService - findPutMessageEntireTimePX 0.99=0.00ms cost 0ms
2026-06-10 18:03:37 INFO StoreStatsService - findPutMessageEntireTimePX 0.999=0.00ms cost 0ms
2026-06-10 18:03:37 INFO StoreStatsService - [PAGECACHERT] TotalPut 0, PutMessageDistributeTime [<=0ms]:0 [0~10ms]:0 [10~50ms]:0 [50~100ms]:0 [100~200ms]:0 [200~500ms]:0 [500ms~1s]:0 [1~2s]:0 [2~3s]:0 [3~4s]:0 [4~5s]:0 [5~10s]:0 [10s~]:0 
2026-06-10 18:03:40 INFO FlushRealTimeService - PERF_COUNTER_FLUSH_DATA_TIME_MS[2026-06-10 10:03:40.635] num:20 cost:10006 tps:2.0088 min:0 max:99999999 tp50:0 tp80:0 tp90:0 tp99:0 tp999:0 0_1:20 2_5:0 6_10:0 11_50:0 51_100:0 101_500:0 501_999:0 1000_:0
2026-06-10 18:03:42 INFO TimerFlushService - [ASYNC_MASTER]Timer progress-check commitRead:[06-10 10:03:42] currRead:[06-10 10:03:42] currWrite:[06-10 10:03:42] readBehind:0 currReadOffset:0 offsetBehind:0 behindMaster:0 enqPutQueue:0 deqGetQueue:0 deqPutQueue:0 allCongestNum:0 enqExpiredStoreTime:01-01 00:00:00
2026-06-10 18:03:50 INFO FlushRealTimeService - PERF_COUNTER_FLUSH_DATA_TIME_MS[2026-06-10 10:03:50.64] num:20 cost:10005 tps:2.0090 min:0 max:99999999 tp50:0 tp80:0 tp90:0 tp99:0 tp999:0 0_1:20 2_5:0 6_10:0 11_50:0 51_100:0 101_500:0 501_999:0 1000_:0
2026-06-10 18:03:53 INFO TimerFlushService - [ASYNC_MASTER]Timer progress-check commitRead:[06-10 10:03:53] currRead:[06-10 10:03:53] currWrite:[06-10 10:03:53] readBehind:0 currReadOffset:0 offsetBehind:0 behindMaster:0 enqPutQueue:0 deqGetQueue:0 deqPutQueue:0 allCongestNum:0 enqExpiredStoreTime:01-01 00:00:00
2026-06-10 18:04:00 INFO FlushRealTimeService - PERF_COUNTER_FLUSH_DATA_TIME_MS[2026-06-10 10:04:00.643] num:20 cost:10003 tps:2.0094 min:0 max:99999999 tp50:0 tp80:0 tp90:0 tp99:0 tp999:0 0_1:20 2_5:0 6_10:0 11_50:0 51_100:0 101_500:0 501_999:0 1000_:0
2026-06-10 18:04:03 INFO TimerFlushService - [ASYNC_MASTER]Timer progress-check commitRead:[06-10 10:04:03] currRead:[06-10 10:04:03] currWrite:[06-10 10:04:03] readBehind:0 currReadOffset:0 offsetBehind:0 behindMaster:0 enqPutQueue:0 deqGetQueue:0 deqPutQueue:0 allCongestNum:0 enqExpiredStoreTime:01-01 00:00:00
2026-06-10 18:04:06 INFO compactionSchedule_3 - start to scan all topicConfig
2026-06-10 18:04:06 INFO compactionSchedule_3 - scan all topicConfig over
2026-06-10 18:04:10 INFO FlushRealTimeService - PERF_COUNTER_FLUSH_DATA_TIME_MS[2026-06-10 10:04:10.65] num:20 cost:10007 tps:2.0086 min:0 max:99999999 tp50:0 tp80:0 tp90:0 tp99:0 tp999:0 0_1:20 2_5:0 6_10:0 11_50:0 51_100:0 101_500:0 501_999:0 1000_:0
2026-06-10 18:04:14 INFO TimerFlushService - [ASYNC_MASTER]Timer progress-check commitRead:[06-10 10:04:14] currRead:[06-10 10:04:14] currWrite:[06-10 10:04:14] readBehind:0 currReadOffset:0 offsetBehind:0 behindMaster:0 enqPutQueue:0 deqGetQueue:0 deqPutQueue:0 allCongestNum:0 enqExpiredStoreTime:01-01 00:00:00
2026-06-10 18:04:20 INFO FlushRealTimeService - PERF_COUNTER_FLUSH_DATA_TIME_MS[2026-06-10 10:04:20.656] num:20 cost:10006 tps:2.0088 min:0 max:1 tp50:0 tp80:0 tp90:0 tp99:1 tp999:1 0_1:20 2_5:0 6_10:0 11_50:0 51_100:0 101_500:0 501_999:0 1000_:0
2026-06-10 18:04:24 INFO TimerFlushService - [ASYNC_MASTER]Timer progress-check commitRead:[06-10 10:04:24] currRead:[06-10 10:04:24] currWrite:[06-10 10:04:24] readBehind:0 currReadOffset:0 offsetBehind:0 behindMaster:0 enqPutQueue:0 deqGetQueue:0 deqPutQueue:0 allCongestNum:0 enqExpiredStoreTime:01-01 00:00:00
2026-06-10 18:04:30 INFO FlushRealTimeService - PERF_COUNTER_FLUSH_DATA_TIME_MS[2026-06-10 10:04:30.661] num:20 cost:10005 tps:2.0090 min:0 max:99999999 tp50:0 tp80:0 tp90:0 tp99:0 tp999:0 0_1:20 2_5:0 6_10:0 11_50:0 51_100:0 101_500:0 501_999:0 1000_:0
2026-06-10 18:04:34 INFO TimerFlushService - [ASYNC_MASTER]Timer progress-check commitRead:[06-10 10:04:34] currRead:[06-10 10:04:34] currWrite:[06-10 10:04:34] readBehind:0 currReadOffset:0 offsetBehind:0 behindMaster:0 enqPutQueue:0 deqGetQueue:0 deqPutQueue:0 allCongestNum:0 enqExpiredStoreTime:01-01 00:00:00
2026-06-10 18:04:36 INFO compactionSchedule_3 - start to scan all topicConfig
2026-06-10 18:04:36 INFO compactionSchedule_3 - scan all topicConfig over
2026-06-10 18:04:37 INFO StoreStatsService - [STORETPS] put_tps 0.0 get_found_tps 0.0 get_miss_tps 42.55177354592559 get_transferred_tps 0.0
2026-06-10 18:04:37 INFO StoreStatsService - findPutMessageEntireTimePX 0.99=0.00ms cost 0ms
2026-06-10 18:04:37 INFO StoreStatsService - findPutMessageEntireTimePX 0.999=0.00ms cost 0ms
2026-06-10 18:04:37 INFO StoreStatsService - [PAGECACHERT] TotalPut 0, PutMessageDistributeTime [<=0ms]:0 [0~10ms]:0 [10~50ms]:0 [50~100ms]:0 [100~200ms]:0 [200~500ms]:0 [500ms~1s]:0 [1~2s]:0 [2~3s]:0 [3~4s]:0 [4~5s]:0 [5~10s]:0 [10s~]:0 
2026-06-10 18:04:40 INFO FlushRealTimeService - PERF_COUNTER_FLUSH_DATA_TIME_MS[2026-06-10 10:04:40.664] num:20 cost:10002 tps:2.0096 min:0 max:99999999 tp50:0 tp80:0 tp90:0 tp99:0 tp999:0 0_1:20 2_5:0 6_10:0 11_50:0 51_100:0 101_500:0 501_999:0 1000_:0
2026-06-10 18:04:45 INFO TimerFlushService - [ASYNC_MASTER]Timer progress-check commitRead:[06-10 10:04:45] currRead:[06-10 10:04:45] currWrite:[06-10 10:04:45] readBehind:0 currReadOffset:0 offsetBehind:0 behindMaster:0 enqPutQueue:0 deqGetQueue:0 deqPutQueue:0 allCongestNum:0 enqExpiredStoreTime:01-01 00:00:00
2026-06-10 18:04:50 INFO FlushRealTimeService - PERF_COUNTER_FLUSH_DATA_TIME_MS[2026-06-10 10:04:50.667] num:20 cost:10002 tps:2.0096 min:0 max:99999999 tp50:0 tp80:0 tp90:0 tp99:0 tp999:0 0_1:20 2_5:0 6_10:0 11_50:0 51_100:0 101_500:0 501_999:0 1000_:0
2026-06-10 18:04:55 INFO TimerFlushService - [ASYNC_MASTER]Timer progress-check commitRead:[06-10 10:04:55] currRead:[06-10 10:04:55] currWrite:[06-10 10:04:55] readBehind:0 currReadOffset:0 offsetBehind:0 behindMaster:0 enqPutQueue:0 deqGetQueue:0 deqPutQueue:0 allCongestNum:0 enqExpiredStoreTime:01-01 00:00:00
2026-06-10 18:05:00 INFO FlushRealTimeService - PERF_COUNTER_FLUSH_DATA_TIME_MS[2026-06-10 10:05:00.671] num:20 cost:10003 tps:2.0094 min:0 max:99999999 tp50:0 tp80:0 tp90:0 tp99:0 tp999:0 0_1:20 2_5:0 6_10:0 11_50:0 51_100:0 101_500:0 501_999:0 1000_:0
2026-06-10 18:05:06 INFO TimerFlushService - [ASYNC_MASTER]Timer progress-check commitRead:[06-10 10:05:05] currRead:[06-10 10:05:05] currWrite:[06-10 10:05:06] readBehind:1 currReadOffset:0 offsetBehind:0 behindMaster:0 enqPutQueue:0 deqGetQueue:0 deqPutQueue:0 allCongestNum:0 enqExpiredStoreTime:01-01 00:00:00
2026-06-10 18:05:06 INFO compactionSchedule_3 - start to scan all topicConfig
2026-06-10 18:05:06 INFO compactionSchedule_3 - scan all topicConfig over
2026-06-10 18:05:10 INFO FlushRealTimeService - PERF_COUNTER_FLUSH_DATA_TIME_MS[2026-06-10 10:05:10.673] num:20 cost:10002 tps:2.0096 min:0 max:99999999 tp50:0 tp80:0 tp90:0 tp99:0 tp999:0 0_1:20 2_5:0 6_10:0 11_50:0 51_100:0 101_500:0 501_999:0 1000_:0
2026-06-10 18:05:16 INFO TimerFlushService - [ASYNC_MASTER]Timer progress-check commitRead:[06-10 10:05:16] currRead:[06-10 10:05:16] currWrite:[06-10 10:05:16] readBehind:0 currReadOffset:0 offsetBehind:0 behindMaster:0 enqPutQueue:0 deqGetQueue:0 deqPutQueue:0 allCongestNum:0 enqExpiredStoreTime:01-01 00:00:00
2026-06-10 18:05:20 INFO FlushRealTimeService - PERF_COUNTER_FLUSH_DATA_TIME_MS[2026-06-10 10:05:20.677] num:20 cost:10003 tps:2.0094 min:0 max:99999999 tp50:0 tp80:0 tp90:0 tp99:0 tp999:0 0_1:20 2_5:0 6_10:0 11_50:0 51_100:0 101_500:0 501_999:0 1000_:0
2026-06-10 18:05:26 INFO TimerFlushService - [ASYNC_MASTER]Timer progress-check commitRead:[06-10 10:05:26] currRead:[06-10 10:05:26] currWrite:[06-10 10:05:26] readBehind:0 currReadOffset:0 offsetBehind:0 behindMaster:0 enqPutQueue:0 deqGetQueue:0 deqPutQueue:0 allCongestNum:0 enqExpiredStoreTime:01-01 00:00:00
2026-06-10 18:05:30 INFO FlushRealTimeService - PERF_COUNTER_FLUSH_DATA_TIME_MS[2026-06-10 10:05:30.681] num:20 cost:10004 tps:2.0092 min:0 max:99999999 tp50:0 tp80:0 tp90:0 tp99:0 tp999:0 0_1:20 2_5:0 6_10:0 11_50:0 51_100:0 101_500:0 501_999:0 1000_:0
2026-06-10 18:05:36 INFO compactionSchedule_3 - start to scan all topicConfig
2026-06-10 18:05:36 INFO compactionSchedule_3 - scan all topicConfig over
2026-06-10 18:05:37 INFO TimerFlushService - [ASYNC_MASTER]Timer progress-check commitRead:[06-10 10:05:37] currRead:[06-10 10:05:37] currWrite:[06-10 10:05:37] readBehind:0 currReadOffset:0 offsetBehind:0 behindMaster:0 enqPutQueue:0 deqGetQueue:0 deqPutQueue:0 allCongestNum:0 enqExpiredStoreTime:01-01 00:00:00
2026-06-10 18:05:37 INFO StoreStatsService - [STORETPS] put_tps 0.0 get_found_tps 0.0 get_miss_tps 38.38528564050448 get_transferred_tps 0.0
2026-06-10 18:05:37 INFO StoreStatsService - findPutMessageEntireTimePX 0.99=0.00ms cost 0ms
2026-06-10 18:05:37 INFO StoreStatsService - findPutMessageEntireTimePX 0.999=0.00ms cost 0ms
2026-06-10 18:05:37 INFO StoreStatsService - [PAGECACHERT] TotalPut 0, PutMessageDistributeTime [<=0ms]:0 [0~10ms]:0 [10~50ms]:0 [50~100ms]:0 [100~200ms]:0 [200~500ms]:0 [500ms~1s]:0 [1~2s]:0 [2~3s]:0 [3~4s]:0 [4~5s]:0 [5~10s]:0 [10s~]:0 
2026-06-10 18:05:40 INFO FlushRealTimeService - PERF_COUNTER_FLUSH_DATA_TIME_MS[2026-06-10 10:05:40.687] num:20 cost:10005 tps:2.0090 min:0 max:99999999 tp50:0 tp80:0 tp90:0 tp99:0 tp999:0 0_1:20 2_5:0 6_10:0 11_50:0 51_100:0 101_500:0 501_999:0 1000_:0
2026-06-10 18:05:47 INFO TimerFlushService - [ASYNC_MASTER]Timer progress-check commitRead:[06-10 10:05:47] currRead:[06-10 10:05:47] currWrite:[06-10 10:05:47] readBehind:0 currReadOffset:0 offsetBehind:0 behindMaster:0 enqPutQueue:0 deqGetQueue:0 deqPutQueue:0 allCongestNum:0 enqExpiredStoreTime:01-01 00:00:00
2026-06-10 18:05:50 INFO FlushRealTimeService - PERF_COUNTER_FLUSH_DATA_TIME_MS[2026-06-10 10:05:50.691] num:20 cost:10004 tps:2.0092 min:0 max:99999999 tp50:0 tp80:0 tp90:0 tp99:0 tp999:0 0_1:20 2_5:0 6_10:0 11_50:0 51_100:0 101_500:0 501_999:0 1000_:0
2026-06-10 18:05:58 INFO TimerFlushService - [ASYNC_MASTER]Timer progress-check commitRead:[06-10 10:05:58] currRead:[06-10 10:05:58] currWrite:[06-10 10:05:58] readBehind:0 currReadOffset:0 offsetBehind:0 behindMaster:0 enqPutQueue:0 deqGetQueue:0 deqPutQueue:0 allCongestNum:0 enqExpiredStoreTime:01-01 00:00:00
2026-06-10 18:06:00 INFO FlushRealTimeService - PERF_COUNTER_FLUSH_DATA_TIME_MS[2026-06-10 10:06:00.697] num:20 cost:10006 tps:2.0088 min:0 max:99999999 tp50:0 tp80:0 tp90:0 tp99:0 tp999:0 0_1:20 2_5:0 6_10:0 11_50:0 51_100:0 101_500:0 501_999:0 1000_:0
2026-06-10 18:06:06 INFO compactionSchedule_3 - start to scan all topicConfig
2026-06-10 18:06:06 INFO compactionSchedule_3 - scan all topicConfig over
2026-06-10 18:06:08 INFO TimerFlushService - [ASYNC_MASTER]Timer progress-check commitRead:[06-10 10:06:08] currRead:[06-10 10:06:08] currWrite:[06-10 10:06:08] readBehind:0 currReadOffset:0 offsetBehind:0 behindMaster:0 enqPutQueue:0 deqGetQueue:0 deqPutQueue:0 allCongestNum:0 enqExpiredStoreTime:01-01 00:00:00
2026-06-10 18:06:10 INFO FlushRealTimeService - PERF_COUNTER_FLUSH_DATA_TIME_MS[2026-06-10 10:06:10.7] num:20 cost:10003 tps:2.0094 min:0 max:99999999 tp50:0 tp80:0 tp90:0 tp99:0 tp999:0 0_1:20 2_5:0 6_10:0 11_50:0 51_100:0 101_500:0 501_999:0 1000_:0
2026-06-10 18:06:19 INFO TimerFlushService - [ASYNC_MASTER]Timer progress-check commitRead:[06-10 10:06:19] currRead:[06-10 10:06:19] currWrite:[06-10 10:06:19] readBehind:0 currReadOffset:0 offsetBehind:0 behindMaster:0 enqPutQueue:0 deqGetQueue:0 deqPutQueue:0 allCongestNum:0 enqExpiredStoreTime:01-01 00:00:00
2026-06-10 18:06:20 INFO FlushRealTimeService - PERF_COUNTER_FLUSH_DATA_TIME_MS[2026-06-10 10:06:20.703] num:20 cost:10003 tps:2.0094 min:0 max:99999999 tp50:0 tp80:0 tp90:0 tp99:0 tp999:0 0_1:20 2_5:0 6_10:0 11_50:0 51_100:0 101_500:0 501_999:0 1000_:0
2026-06-10 18:06:29 INFO TimerFlushService - [ASYNC_MASTER]Timer progress-check commitRead:[06-10 10:06:29] currRead:[06-10 10:06:29] currWrite:[06-10 10:06:29] readBehind:0 currReadOffset:0 offsetBehind:0 behindMaster:0 enqPutQueue:0 deqGetQueue:0 deqPutQueue:0 allCongestNum:0 enqExpiredStoreTime:01-01 00:00:00
2026-06-10 18:06:30 INFO FlushRealTimeService - PERF_COUNTER_FLUSH_DATA_TIME_MS[2026-06-10 10:06:30.706] num:20 cost:10003 tps:2.0094 min:0 max:1 tp50:0 tp80:0 tp90:0 tp99:1 tp999:1 0_1:20 2_5:0 6_10:0 11_50:0 51_100:0 101_500:0 501_999:0 1000_:0
2026-06-10 18:06:36 INFO compactionSchedule_3 - start to scan all topicConfig
2026-06-10 18:06:36 INFO compactionSchedule_3 - scan all topicConfig over
2026-06-10 18:06:37 INFO StoreStatsService - [STORETPS] put_tps 0.0 get_found_tps 0.0 get_miss_tps 41.958275011664334 get_transferred_tps 0.0
2026-06-10 18:06:37 INFO StoreStatsService - findPutMessageEntireTimePX 0.99=0.00ms cost 1ms
2026-06-10 18:06:37 INFO StoreStatsService - findPutMessageEntireTimePX 0.999=0.00ms cost 0ms
2026-06-10 18:06:37 INFO StoreStatsService - [PAGECACHERT] TotalPut 0, PutMessageDistributeTime [<=0ms]:0 [0~10ms]:0 [10~50ms]:0 [50~100ms]:0 [100~200ms]:0 [200~500ms]:0 [500ms~1s]:0 [1~2s]:0 [2~3s]:0 [3~4s]:0 [4~5s]:0 [5~10s]:0 [10s~]:0 
2026-06-10 18:06:39 INFO TimerFlushService - [ASYNC_MASTER]Timer progress-check commitRead:[06-10 10:06:39] currRead:[06-10 10:06:39] currWrite:[06-10 10:06:39] readBehind:0 currReadOffset:0 offsetBehind:0 behindMaster:0 enqPutQueue:0 deqGetQueue:0 deqPutQueue:0 allCongestNum:0 enqExpiredStoreTime:01-01 00:00:00
2026-06-10 18:06:40 INFO FlushRealTimeService - PERF_COUNTER_FLUSH_DATA_TIME_MS[2026-06-10 10:06:40.71] num:20 cost:10003 tps:2.0094 min:0 max:1 tp50:0 tp80:0 tp90:0 tp99:1 tp999:1 0_1:20 2_5:0 6_10:0 11_50:0 51_100:0 101_500:0 501_999:0 1000_:0
2026-06-10 18:06:50 INFO TimerFlushService - [ASYNC_MASTER]Timer progress-check commitRead:[06-10 10:06:50] currRead:[06-10 10:06:50] currWrite:[06-10 10:06:50] readBehind:0 currReadOffset:0 offsetBehind:0 behindMaster:0 enqPutQueue:0 deqGetQueue:0 deqPutQueue:0 allCongestNum:0 enqExpiredStoreTime:01-01 00:00:00
2026-06-10 18:06:50 INFO FlushRealTimeService - PERF_COUNTER_FLUSH_DATA_TIME_MS[2026-06-10 10:06:50.713] num:20 cost:10003 tps:2.0094 min:0 max:99999999 tp50:0 tp80:0 tp90:0 tp99:0 tp999:0 0_1:20 2_5:0 6_10:0 11_50:0 51_100:0 101_500:0 501_999:0 1000_:0
2026-06-10 18:07:00 INFO TimerFlushService - [ASYNC_MASTER]Timer progress-check commitRead:[06-10 10:07:00] currRead:[06-10 10:07:00] currWrite:[06-10 10:07:00] readBehind:0 currReadOffset:0 offsetBehind:0 behindMaster:0 enqPutQueue:0 deqGetQueue:0 deqPutQueue:0 allCongestNum:0 enqExpiredStoreTime:01-01 00:00:00
2026-06-10 18:07:00 INFO FlushRealTimeService - PERF_COUNTER_FLUSH_DATA_TIME_MS[2026-06-10 10:07:00.716] num:20 cost:10003 tps:2.0094 min:0 max:1 tp50:0 tp80:0 tp90:0 tp99:1 tp999:1 0_1:20 2_5:0 6_10:0 11_50:0 51_100:0 101_500:0 501_999:0 1000_:0
2026-06-10 18:07:06 INFO compactionSchedule_3 - start to scan all topicConfig
2026-06-10 18:07:06 INFO compactionSchedule_3 - scan all topicConfig over
2026-06-10 18:07:10 INFO FlushRealTimeService - PERF_COUNTER_FLUSH_DATA_TIME_MS[2026-06-10 10:07:10.719] num:20 cost:10003 tps:2.0094 min:0 max:99999999 tp50:0 tp80:0 tp90:0 tp99:0 tp999:0 0_1:20 2_5:0 6_10:0 11_50:0 51_100:0 101_500:0 501_999:0 1000_:0
2026-06-10 18:07:11 INFO TimerFlushService - [ASYNC_MASTER]Timer progress-check commitRead:[06-10 10:07:10] currRead:[06-10 10:07:10] currWrite:[06-10 10:07:11] readBehind:1 currReadOffset:0 offsetBehind:0 behindMaster:0 enqPutQueue:0 deqGetQueue:0 deqPutQueue:0 allCongestNum:0 enqExpiredStoreTime:01-01 00:00:00
2026-06-10 18:07:20 INFO FlushRealTimeService - PERF_COUNTER_FLUSH_DATA_TIME_MS[2026-06-10 10:07:20.721] num:20 cost:10002 tps:2.0096 min:0 max:99999999 tp50:0 tp80:0 tp90:0 tp99:0 tp999:0 0_1:20 2_5:0 6_10:0 11_50:0 51_100:0 101_500:0 501_999:0 1000_:0
2026-06-10 18:07:21 INFO TimerFlushService - [ASYNC_MASTER]Timer progress-check commitRead:[06-10 10:07:21] currRead:[06-10 10:07:21] currWrite:[06-10 10:07:21] readBehind:0 currReadOffset:0 offsetBehind:0 behindMaster:0 enqPutQueue:0 deqGetQueue:0 deqPutQueue:0 allCongestNum:0 enqExpiredStoreTime:01-01 00:00:00
2026-06-10 18:07:30 INFO FlushRealTimeService - PERF_COUNTER_FLUSH_DATA_TIME_MS[2026-06-10 10:07:30.724] num:20 cost:10002 tps:2.0096 min:0 max:99999999 tp50:0 tp80:0 tp90:0 tp99:0 tp999:0 0_1:20 2_5:0 6_10:0 11_50:0 51_100:0 101_500:0 501_999:0 1000_:0
2026-06-10 18:07:31 INFO TimerFlushService - [ASYNC_MASTER]Timer progress-check commitRead:[06-10 10:07:31] currRead:[06-10 10:07:31] currWrite:[06-10 10:07:31] readBehind:0 currReadOffset:0 offsetBehind:0 behindMaster:0 enqPutQueue:0 deqGetQueue:0 deqPutQueue:0 allCongestNum:0 enqExpiredStoreTime:01-01 00:00:00
2026-06-10 18:07:36 INFO compactionSchedule_3 - start to scan all topicConfig
2026-06-10 18:07:36 INFO compactionSchedule_3 - scan all topicConfig over
2026-06-10 18:07:37 INFO StoreStatsService - [STORETPS] put_tps 0.0 get_found_tps 0.0 get_miss_tps 40.291941611677665 get_transferred_tps 0.0
2026-06-10 18:07:37 INFO StoreStatsService - findPutMessageEntireTimePX 0.99=0.00ms cost 1ms
2026-06-10 18:07:37 INFO StoreStatsService - findPutMessageEntireTimePX 0.999=0.00ms cost 0ms
2026-06-10 18:07:37 INFO StoreStatsService - [PAGECACHERT] TotalPut 0, PutMessageDistributeTime [<=0ms]:0 [0~10ms]:0 [10~50ms]:0 [50~100ms]:0 [100~200ms]:0 [200~500ms]:0 [500ms~1s]:0 [1~2s]:0 [2~3s]:0 [3~4s]:0 [4~5s]:0 [5~10s]:0 [10s~]:0 
2026-06-10 18:07:40 INFO FlushRealTimeService - PERF_COUNTER_FLUSH_DATA_TIME_MS[2026-06-10 10:07:40.727] num:20 cost:10003 tps:2.0094 min:0 max:99999999 tp50:0 tp80:0 tp90:0 tp99:0 tp999:0 0_1:20 2_5:0 6_10:0 11_50:0 51_100:0 101_500:0 501_999:0 1000_:0
2026-06-10 18:07:42 INFO TimerFlushService - [ASYNC_MASTER]Timer progress-check commitRead:[06-10 10:07:42] currRead:[06-10 10:07:42] currWrite:[06-10 10:07:42] readBehind:0 currReadOffset:0 offsetBehind:0 behindMaster:0 enqPutQueue:0 deqGetQueue:0 deqPutQueue:0 allCongestNum:0 enqExpiredStoreTime:01-01 00:00:00
2026-06-10 18:07:50 INFO FlushRealTimeService - PERF_COUNTER_FLUSH_DATA_TIME_MS[2026-06-10 10:07:50.73] num:20 cost:10003 tps:2.0094 min:0 max:99999999 tp50:0 tp80:0 tp90:0 tp99:0 tp999:0 0_1:20 2_5:0 6_10:0 11_50:0 51_100:0 101_500:0 501_999:0 1000_:0
2026-06-10 18:07:52 INFO TimerFlushService - [ASYNC_MASTER]Timer progress-check commitRead:[06-10 10:07:52] currRead:[06-10 10:07:52] currWrite:[06-10 10:07:52] readBehind:0 currReadOffset:0 offsetBehind:0 behindMaster:0 enqPutQueue:0 deqGetQueue:0 deqPutQueue:0 allCongestNum:0 enqExpiredStoreTime:01-01 00:00:00
2026-06-10 18:08:00 INFO FlushRealTimeService - PERF_COUNTER_FLUSH_DATA_TIME_MS[2026-06-10 10:08:00.734] num:20 cost:10004 tps:2.0092 min:0 max:99999999 tp50:0 tp80:0 tp90:0 tp99:0 tp999:0 0_1:20 2_5:0 6_10:0 11_50:0 51_100:0 101_500:0 501_999:0 1000_:0
2026-06-10 18:08:03 INFO TimerFlushService - [ASYNC_MASTER]Timer progress-check commitRead:[06-10 10:08:03] currRead:[06-10 10:08:03] currWrite:[06-10 10:08:03] readBehind:0 currReadOffset:0 offsetBehind:0 behindMaster:0 enqPutQueue:0 deqGetQueue:0 deqPutQueue:0 allCongestNum:0 enqExpiredStoreTime:01-01 00:00:00
2026-06-10 18:08:06 INFO compactionSchedule_3 - start to scan all topicConfig
2026-06-10 18:08:06 INFO compactionSchedule_3 - scan all topicConfig over
2026-06-10 18:08:10 INFO FlushRealTimeService - PERF_COUNTER_FLUSH_DATA_TIME_MS[2026-06-10 10:08:10.736] num:20 cost:10002 tps:2.0096 min:0 max:99999999 tp50:0 tp80:0 tp90:0 tp99:0 tp999:0 0_1:20 2_5:0 6_10:0 11_50:0 51_100:0 101_500:0 501_999:0 1000_:0
2026-06-10 18:08:13 INFO TimerFlushService - [ASYNC_MASTER]Timer progress-check commitRead:[06-10 10:08:13] currRead:[06-10 10:08:13] currWrite:[06-10 10:08:13] readBehind:0 currReadOffset:0 offsetBehind:0 behindMaster:0 enqPutQueue:0 deqGetQueue:0 deqPutQueue:0 allCongestNum:0 enqExpiredStoreTime:01-01 00:00:00
2026-06-10 18:08:20 INFO FlushRealTimeService - PERF_COUNTER_FLUSH_DATA_TIME_MS[2026-06-10 10:08:20.74] num:20 cost:10003 tps:2.0094 min:0 max:99999999 tp50:0 tp80:0 tp90:0 tp99:0 tp999:0 0_1:20 2_5:0 6_10:0 11_50:0 51_100:0 101_500:0 501_999:0 1000_:0
2026-06-10 18:08:24 INFO TimerFlushService - [ASYNC_MASTER]Timer progress-check commitRead:[06-10 10:08:23] currRead:[06-10 10:08:23] currWrite:[06-10 10:08:24] readBehind:1 currReadOffset:0 offsetBehind:0 behindMaster:0 enqPutQueue:0 deqGetQueue:0 deqPutQueue:0 allCongestNum:0 enqExpiredStoreTime:01-01 00:00:00
2026-06-10 18:08:30 INFO FlushRealTimeService - PERF_COUNTER_FLUSH_DATA_TIME_MS[2026-06-10 10:08:30.743] num:20 cost:10003 tps:2.0094 min:0 max:99999999 tp50:0 tp80:0 tp90:0 tp99:0 tp999:0 0_1:20 2_5:0 6_10:0 11_50:0 51_100:0 101_500:0 501_999:0 1000_:0
2026-06-10 18:08:34 INFO TimerFlushService - [ASYNC_MASTER]Timer progress-check commitRead:[06-10 10:08:34] currRead:[06-10 10:08:34] currWrite:[06-10 10:08:34] readBehind:0 currReadOffset:0 offsetBehind:0 behindMaster:0 enqPutQueue:0 deqGetQueue:0 deqPutQueue:0 allCongestNum:0 enqExpiredStoreTime:01-01 00:00:00
2026-06-10 18:08:36 INFO compactionSchedule_3 - start to scan all topicConfig
2026-06-10 18:08:36 INFO compactionSchedule_3 - scan all topicConfig over
2026-06-10 18:08:37 INFO StoreStatsService - [STORETPS] put_tps 0.0 get_found_tps 0.0 get_miss_tps 39.827359229448916 get_transferred_tps 0.0
2026-06-10 18:08:37 INFO StoreStatsService - findPutMessageEntireTimePX 0.99=0.00ms cost 0ms
2026-06-10 18:08:37 INFO StoreStatsService - findPutMessageEntireTimePX 0.999=0.00ms cost 0ms
2026-06-10 18:08:37 INFO StoreStatsService - [PAGECACHERT] TotalPut 0, PutMessageDistributeTime [<=0ms]:0 [0~10ms]:0 [10~50ms]:0 [50~100ms]:0 [100~200ms]:0 [200~500ms]:0 [500ms~1s]:0 [1~2s]:0 [2~3s]:0 [3~4s]:0 [4~5s]:0 [5~10s]:0 [10s~]:0 
2026-06-10 18:08:40 INFO FlushRealTimeService - PERF_COUNTER_FLUSH_DATA_TIME_MS[2026-06-10 10:08:40.746] num:20 cost:10003 tps:2.0094 min:0 max:99999999 tp50:0 tp80:0 tp90:0 tp99:0 tp999:0 0_1:20 2_5:0 6_10:0 11_50:0 51_100:0 101_500:0 501_999:0 1000_:0
2026-06-10 18:08:44 INFO TimerFlushService - [ASYNC_MASTER]Timer progress-check commitRead:[06-10 10:08:44] currRead:[06-10 10:08:44] currWrite:[06-10 10:08:44] readBehind:0 currReadOffset:0 offsetBehind:0 behindMaster:0 enqPutQueue:0 deqGetQueue:0 deqPutQueue:0 allCongestNum:0 enqExpiredStoreTime:01-01 00:00:00
2026-06-10 18:08:50 INFO FlushRealTimeService - PERF_COUNTER_FLUSH_DATA_TIME_MS[2026-06-10 10:08:50.75] num:20 cost:10004 tps:2.0092 min:0 max:99999999 tp50:0 tp80:0 tp90:0 tp99:0 tp999:0 0_1:20 2_5:0 6_10:0 11_50:0 51_100:0 101_500:0 501_999:0 1000_:0
2026-06-10 18:08:55 INFO TimerFlushService - [ASYNC_MASTER]Timer progress-check commitRead:[06-10 10:08:55] currRead:[06-10 10:08:55] currWrite:[06-10 10:08:55] readBehind:0 currReadOffset:0 offsetBehind:0 behindMaster:0 enqPutQueue:0 deqGetQueue:0 deqPutQueue:0 allCongestNum:0 enqExpiredStoreTime:01-01 00:00:00
2026-06-10 18:09:00 INFO FlushRealTimeService - PERF_COUNTER_FLUSH_DATA_TIME_MS[2026-06-10 10:09:00.753] num:20 cost:10003 tps:2.0094 min:0 max:99999999 tp50:0 tp80:0 tp90:0 tp99:0 tp999:0 0_1:20 2_5:0 6_10:0 11_50:0 51_100:0 101_500:0 501_999:0 1000_:0
2026-06-10 18:09:05 INFO TimerFlushService - [ASYNC_MASTER]Timer progress-check commitRead:[06-10 10:09:05] currRead:[06-10 10:09:05] currWrite:[06-10 10:09:05] readBehind:0 currReadOffset:0 offsetBehind:0 behindMaster:0 enqPutQueue:0 deqGetQueue:0 deqPutQueue:0 allCongestNum:0 enqExpiredStoreTime:01-01 00:00:00
2026-06-10 18:09:06 INFO compactionSchedule_3 - start to scan all topicConfig
2026-06-10 18:09:06 INFO compactionSchedule_3 - scan all topicConfig over
2026-06-10 18:09:10 INFO FlushRealTimeService - PERF_COUNTER_FLUSH_DATA_TIME_MS[2026-06-10 10:09:10.756] num:20 cost:10003 tps:2.0094 min:0 max:99999999 tp50:0 tp80:0 tp90:0 tp99:0 tp999:0 0_1:20 2_5:0 6_10:0 11_50:0 51_100:0 101_500:0 501_999:0 1000_:0
2026-06-10 18:09:16 INFO TimerFlushService - [ASYNC_MASTER]Timer progress-check commitRead:[06-10 10:09:16] currRead:[06-10 10:09:16] currWrite:[06-10 10:09:16] readBehind:0 currReadOffset:0 offsetBehind:0 behindMaster:0 enqPutQueue:0 deqGetQueue:0 deqPutQueue:0 allCongestNum:0 enqExpiredStoreTime:01-01 00:00:00
2026-06-10 18:09:20 INFO FlushRealTimeService - PERF_COUNTER_FLUSH_DATA_TIME_MS[2026-06-10 10:09:20.759] num:20 cost:10003 tps:2.0094 min:0 max:99999999 tp50:0 tp80:0 tp90:0 tp99:0 tp999:0 0_1:20 2_5:0 6_10:0 11_50:0 51_100:0 101_500:0 501_999:0 1000_:0
2026-06-10 18:09:26 INFO TimerFlushService - [ASYNC_MASTER]Timer progress-check commitRead:[06-10 10:09:26] currRead:[06-10 10:09:26] currWrite:[06-10 10:09:26] readBehind:0 currReadOffset:0 offsetBehind:0 behindMaster:0 enqPutQueue:0 deqGetQueue:0 deqPutQueue:0 allCongestNum:0 enqExpiredStoreTime:01-01 00:00:00
2026-06-10 18:09:30 INFO FlushRealTimeService - PERF_COUNTER_FLUSH_DATA_TIME_MS[2026-06-10 10:09:30.763] num:20 cost:10004 tps:2.0092 min:0 max:99999999 tp50:0 tp80:0 tp90:0 tp99:0 tp999:0 0_1:20 2_5:0 6_10:0 11_50:0 51_100:0 101_500:0 501_999:0 1000_:0
2026-06-10 18:09:36 INFO compactionSchedule_3 - start to scan all topicConfig
2026-06-10 18:09:36 INFO compactionSchedule_3 - scan all topicConfig over
2026-06-10 18:09:37 INFO TimerFlushService - [ASYNC_MASTER]Timer progress-check commitRead:[06-10 10:09:37] currRead:[06-10 10:09:37] currWrite:[06-10 10:09:37] readBehind:0 currReadOffset:0 offsetBehind:0 behindMaster:0 enqPutQueue:0 deqGetQueue:0 deqPutQueue:0 allCongestNum:0 enqExpiredStoreTime:01-01 00:00:00
2026-06-10 18:09:37 INFO StoreStatsService - [STORETPS] put_tps 0.0 get_found_tps 0.0 get_miss_tps 42.42272765142048 get_transferred_tps 0.0
2026-06-10 18:09:37 INFO StoreStatsService - findPutMessageEntireTimePX 0.99=0.00ms cost 0ms
2026-06-10 18:09:37 INFO StoreStatsService - findPutMessageEntireTimePX 0.999=0.00ms cost 0ms
2026-06-10 18:09:37 INFO StoreStatsService - [PAGECACHERT] TotalPut 0, PutMessageDistributeTime [<=0ms]:0 [0~10ms]:0 [10~50ms]:0 [50~100ms]:0 [100~200ms]:0 [200~500ms]:0 [500ms~1s]:0 [1~2s]:0 [2~3s]:0 [3~4s]:0 [4~5s]:0 [5~10s]:0 [10s~]:0 
2026-06-10 18:09:40 INFO FlushRealTimeService - PERF_COUNTER_FLUSH_DATA_TIME_MS[2026-06-10 10:09:40.768] num:20 cost:10005 tps:2.0090 min:0 max:99999999 tp50:0 tp80:0 tp90:0 tp99:0 tp999:0 0_1:20 2_5:0 6_10:0 11_50:0 51_100:0 101_500:0 501_999:0 1000_:0
2026-06-10 18:09:47 INFO TimerFlushService - [ASYNC_MASTER]Timer progress-check commitRead:[06-10 10:09:47] currRead:[06-10 10:09:47] currWrite:[06-10 10:09:47] readBehind:0 currReadOffset:0 offsetBehind:0 behindMaster:0 enqPutQueue:0 deqGetQueue:0 deqPutQueue:0 allCongestNum:0 enqExpiredStoreTime:01-01 00:00:00
2026-06-10 18:09:50 INFO FlushRealTimeService - PERF_COUNTER_FLUSH_DATA_TIME_MS[2026-06-10 10:09:50.771] num:20 cost:10003 tps:2.0094 min:0 max:99999999 tp50:0 tp80:0 tp90:0 tp99:0 tp999:0 0_1:20 2_5:0 6_10:0 11_50:0 51_100:0 101_500:0 501_999:0 1000_:0
2026-06-10 18:09:58 INFO TimerFlushService - [ASYNC_MASTER]Timer progress-check commitRead:[06-10 10:09:58] currRead:[06-10 10:09:58] currWrite:[06-10 10:09:58] readBehind:0 currReadOffset:0 offsetBehind:0 behindMaster:0 enqPutQueue:0 deqGetQueue:0 deqPutQueue:0 allCongestNum:0 enqExpiredStoreTime:01-01 00:00:00
2026-06-10 18:10:00 INFO FlushRealTimeService - PERF_COUNTER_FLUSH_DATA_TIME_MS[2026-06-10 10:10:00.776] num:20 cost:10004 tps:2.0092 min:0 max:99999999 tp50:0 tp80:0 tp90:0 tp99:0 tp999:0 0_1:20 2_5:0 6_10:0 11_50:0 51_100:0 101_500:0 501_999:0 1000_:0
2026-06-10 18:10:06 INFO compactionSchedule_3 - start to scan all topicConfig
2026-06-10 18:10:06 INFO compactionSchedule_3 - scan all topicConfig over
2026-06-10 18:10:08 INFO TimerFlushService - [ASYNC_MASTER]Timer progress-check commitRead:[06-10 10:10:08] currRead:[06-10 10:10:08] currWrite:[06-10 10:10:08] readBehind:0 currReadOffset:0 offsetBehind:0 behindMaster:0 enqPutQueue:0 deqGetQueue:0 deqPutQueue:0 allCongestNum:0 enqExpiredStoreTime:01-01 00:00:00
2026-06-10 18:10:10 INFO FlushRealTimeService - PERF_COUNTER_FLUSH_DATA_TIME_MS[2026-06-10 10:10:10.78] num:20 cost:10003 tps:2.0094 min:0 max:99999999 tp50:0 tp80:0 tp90:0 tp99:0 tp999:0 0_1:20 2_5:0 6_10:0 11_50:0 51_100:0 101_500:0 501_999:0 1000_:0
2026-06-10 18:10:18 INFO TimerFlushService - [ASYNC_MASTER]Timer progress-check commitRead:[06-10 10:10:18] currRead:[06-10 10:10:18] currWrite:[06-10 10:10:18] readBehind:0 currReadOffset:0 offsetBehind:0 behindMaster:0 enqPutQueue:0 deqGetQueue:0 deqPutQueue:0 allCongestNum:0 enqExpiredStoreTime:01-01 00:00:00
2026-06-10 18:10:20 INFO FlushRealTimeService - PERF_COUNTER_FLUSH_DATA_TIME_MS[2026-06-10 10:10:20.785] num:20 cost:10005 tps:2.0090 min:0 max:99999999 tp50:0 tp80:0 tp90:0 tp99:0 tp999:0 0_1:20 2_5:0 6_10:0 11_50:0 51_100:0 101_500:0 501_999:0 1000_:0
2026-06-10 18:10:29 INFO TimerFlushService - [ASYNC_MASTER]Timer progress-check commitRead:[06-10 10:10:29] currRead:[06-10 10:10:29] currWrite:[06-10 10:10:29] readBehind:0 currReadOffset:0 offsetBehind:0 behindMaster:0 enqPutQueue:0 deqGetQueue:0 deqPutQueue:0 allCongestNum:0 enqExpiredStoreTime:01-01 00:00:00
2026-06-10 18:10:30 INFO FlushRealTimeService - PERF_COUNTER_FLUSH_DATA_TIME_MS[2026-06-10 10:10:30.79] num:20 cost:10005 tps:2.0090 min:0 max:1 tp50:0 tp80:0 tp90:0 tp99:1 tp999:1 0_1:20 2_5:0 6_10:0 11_50:0 51_100:0 101_500:0 501_999:0 1000_:0
2026-06-10 18:10:36 INFO compactionSchedule_3 - start to scan all topicConfig
2026-06-10 18:10:36 INFO compactionSchedule_3 - scan all topicConfig over
2026-06-10 18:10:37 INFO StoreStatsService - [STORETPS] put_tps 0.0 get_found_tps 0.0 get_miss_tps 38.39296129043009 get_transferred_tps 0.0
2026-06-10 18:10:37 INFO StoreStatsService - findPutMessageEntireTimePX 0.99=0.00ms cost 1ms
2026-06-10 18:10:37 INFO StoreStatsService - findPutMessageEntireTimePX 0.999=0.00ms cost 0ms
2026-06-10 18:10:37 INFO StoreStatsService - [PAGECACHERT] TotalPut 0, PutMessageDistributeTime [<=0ms]:0 [0~10ms]:0 [10~50ms]:0 [50~100ms]:0 [100~200ms]:0 [200~500ms]:0 [500ms~1s]:0 [1~2s]:0 [2~3s]:0 [3~4s]:0 [4~5s]:0 [5~10s]:0 [10s~]:0 
2026-06-10 18:10:39 INFO TimerFlushService - [ASYNC_MASTER]Timer progress-check commitRead:[06-10 10:10:39] currRead:[06-10 10:10:39] currWrite:[06-10 10:10:39] readBehind:0 currReadOffset:0 offsetBehind:0 behindMaster:0 enqPutQueue:0 deqGetQueue:0 deqPutQueue:0 allCongestNum:0 enqExpiredStoreTime:01-01 00:00:00
2026-06-10 18:10:40 INFO FlushRealTimeService - PERF_COUNTER_FLUSH_DATA_TIME_MS[2026-06-10 10:10:40.794] num:20 cost:10003 tps:2.0094 min:0 max:99999999 tp50:0 tp80:0 tp90:0 tp99:0 tp999:0 0_1:20 2_5:0 6_10:0 11_50:0 51_100:0 101_500:0 501_999:0 1000_:0
2026-06-10 18:10:50 INFO TimerFlushService - [ASYNC_MASTER]Timer progress-check commitRead:[06-10 10:10:50] currRead:[06-10 10:10:50] currWrite:[06-10 10:10:50] readBehind:0 currReadOffset:0 offsetBehind:0 behindMaster:0 enqPutQueue:0 deqGetQueue:0 deqPutQueue:0 allCongestNum:0 enqExpiredStoreTime:01-01 00:00:00
2026-06-10 18:10:50 INFO FlushRealTimeService - PERF_COUNTER_FLUSH_DATA_TIME_MS[2026-06-10 10:10:50.797] num:20 cost:10003 tps:2.0094 min:0 max:99999999 tp50:0 tp80:0 tp90:0 tp99:0 tp999:0 0_1:20 2_5:0 6_10:0 11_50:0 51_100:0 101_500:0 501_999:0 1000_:0
2026-06-10 18:11:00 INFO TimerFlushService - [ASYNC_MASTER]Timer progress-check commitRead:[06-10 10:11:00] currRead:[06-10 10:11:00] currWrite:[06-10 10:11:00] readBehind:0 currReadOffset:0 offsetBehind:0 behindMaster:0 enqPutQueue:0 deqGetQueue:0 deqPutQueue:0 allCongestNum:0 enqExpiredStoreTime:01-01 00:00:00
2026-06-10 18:11:00 INFO FlushRealTimeService - PERF_COUNTER_FLUSH_DATA_TIME_MS[2026-06-10 10:11:00.8] num:20 cost:10003 tps:2.0094 min:0 max:1 tp50:0 tp80:0 tp90:0 tp99:1 tp999:1 0_1:20 2_5:0 6_10:0 11_50:0 51_100:0 101_500:0 501_999:0 1000_:0
2026-06-10 18:11:06 INFO compactionSchedule_3 - start to scan all topicConfig
2026-06-10 18:11:06 INFO compactionSchedule_3 - scan all topicConfig over
2026-06-10 18:11:10 INFO FlushRealTimeService - PERF_COUNTER_FLUSH_DATA_TIME_MS[2026-06-10 10:11:10.804] num:20 cost:10004 tps:2.0092 min:0 max:99999999 tp50:0 tp80:0 tp90:0 tp99:0 tp999:0 0_1:20 2_5:0 6_10:0 11_50:0 51_100:0 101_500:0 501_999:0 1000_:0
2026-06-10 18:11:11 INFO TimerFlushService - [ASYNC_MASTER]Timer progress-check commitRead:[06-10 10:11:11] currRead:[06-10 10:11:11] currWrite:[06-10 10:11:11] readBehind:0 currReadOffset:0 offsetBehind:0 behindMaster:0 enqPutQueue:0 deqGetQueue:0 deqPutQueue:0 allCongestNum:0 enqExpiredStoreTime:01-01 00:00:00
2026-06-10 18:11:20 INFO FlushRealTimeService - PERF_COUNTER_FLUSH_DATA_TIME_MS[2026-06-10 10:11:20.809] num:20 cost:10005 tps:2.0090 min:0 max:99999999 tp50:0 tp80:0 tp90:0 tp99:0 tp999:0 0_1:20 2_5:0 6_10:0 11_50:0 51_100:0 101_500:0 501_999:0 1000_:0
2026-06-10 18:11:21 INFO TimerFlushService - [ASYNC_MASTER]Timer progress-check commitRead:[06-10 10:11:21] currRead:[06-10 10:11:21] currWrite:[06-10 10:11:21] readBehind:0 currReadOffset:0 offsetBehind:0 behindMaster:0 enqPutQueue:0 deqGetQueue:0 deqPutQueue:0 allCongestNum:0 enqExpiredStoreTime:01-01 00:00:00
2026-06-10 18:11:30 INFO FlushRealTimeService - PERF_COUNTER_FLUSH_DATA_TIME_MS[2026-06-10 10:11:30.812] num:20 cost:10002 tps:2.0096 min:0 max:99999999 tp50:0 tp80:0 tp90:0 tp99:0 tp999:0 0_1:20 2_5:0 6_10:0 11_50:0 51_100:0 101_500:0 501_999:0 1000_:0
2026-06-10 18:11:32 INFO TimerFlushService - [ASYNC_MASTER]Timer progress-check commitRead:[06-10 10:11:32] currRead:[06-10 10:11:32] currWrite:[06-10 10:11:32] readBehind:0 currReadOffset:0 offsetBehind:0 behindMaster:0 enqPutQueue:0 deqGetQueue:0 deqPutQueue:0 allCongestNum:0 enqExpiredStoreTime:01-01 00:00:00
2026-06-10 18:11:36 INFO compactionSchedule_3 - start to scan all topicConfig
2026-06-10 18:11:36 INFO compactionSchedule_3 - scan all topicConfig over
2026-06-10 18:11:37 INFO StoreStatsService - [STORETPS] put_tps 0.0 get_found_tps 0.0 get_miss_tps 41.99020228613323 get_transferred_tps 0.0
2026-06-10 18:11:37 INFO StoreStatsService - findPutMessageEntireTimePX 0.99=0.00ms cost 0ms
2026-06-10 18:11:37 INFO StoreStatsService - findPutMessageEntireTimePX 0.999=0.00ms cost 0ms
2026-06-10 18:11:37 INFO StoreStatsService - [PAGECACHERT] TotalPut 0, PutMessageDistributeTime [<=0ms]:0 [0~10ms]:0 [10~50ms]:0 [50~100ms]:0 [100~200ms]:0 [200~500ms]:0 [500ms~1s]:0 [1~2s]:0 [2~3s]:0 [3~4s]:0 [4~5s]:0 [5~10s]:0 [10s~]:0 
2026-06-10 18:11:40 INFO FlushRealTimeService - PERF_COUNTER_FLUSH_DATA_TIME_MS[2026-06-10 10:11:40.819] num:20 cost:10007 tps:2.0086 min:0 max:99999999 tp50:0 tp80:0 tp90:0 tp99:0 tp999:0 0_1:20 2_5:0 6_10:0 11_50:0 51_100:0 101_500:0 501_999:0 1000_:0
2026-06-10 18:11:42 INFO TimerFlushService - [ASYNC_MASTER]Timer progress-check commitRead:[06-10 10:11:42] currRead:[06-10 10:11:42] currWrite:[06-10 10:11:42] readBehind:0 currReadOffset:0 offsetBehind:0 behindMaster:0 enqPutQueue:0 deqGetQueue:0 deqPutQueue:0 allCongestNum:0 enqExpiredStoreTime:01-01 00:00:00
2026-06-10 18:11:50 INFO FlushRealTimeService - PERF_COUNTER_FLUSH_DATA_TIME_MS[2026-06-10 10:11:50.822] num:20 cost:10002 tps:2.0096 min:0 max:99999999 tp50:0 tp80:0 tp90:0 tp99:0 tp999:0 0_1:20 2_5:0 6_10:0 11_50:0 51_100:0 101_500:0 501_999:0 1000_:0
2026-06-10 18:11:53 INFO TimerFlushService - [ASYNC_MASTER]Timer progress-check commitRead:[06-10 10:11:53] currRead:[06-10 10:11:53] currWrite:[06-10 10:11:53] readBehind:0 currReadOffset:0 offsetBehind:0 behindMaster:0 enqPutQueue:0 deqGetQueue:0 deqPutQueue:0 allCongestNum:0 enqExpiredStoreTime:01-01 00:00:00
2026-06-10 18:12:00 INFO FlushRealTimeService - PERF_COUNTER_FLUSH_DATA_TIME_MS[2026-06-10 10:12:00.827] num:20 cost:10004 tps:2.0092 min:0 max:1 tp50:0 tp80:0 tp90:0 tp99:1 tp999:1 0_1:20 2_5:0 6_10:0 11_50:0 51_100:0 101_500:0 501_999:0 1000_:0
2026-06-10 18:12:03 INFO TimerFlushService - [ASYNC_MASTER]Timer progress-check commitRead:[06-10 10:12:03] currRead:[06-10 10:12:03] currWrite:[06-10 10:12:03] readBehind:0 currReadOffset:0 offsetBehind:0 behindMaster:0 enqPutQueue:0 deqGetQueue:0 deqPutQueue:0 allCongestNum:0 enqExpiredStoreTime:01-01 00:00:00
2026-06-10 18:12:06 INFO compactionSchedule_3 - start to scan all topicConfig
2026-06-10 18:12:06 INFO compactionSchedule_3 - scan all topicConfig over
2026-06-10 18:12:10 INFO FlushRealTimeService - PERF_COUNTER_FLUSH_DATA_TIME_MS[2026-06-10 10:12:10.833] num:20 cost:10006 tps:2.0088 min:0 max:99999999 tp50:0 tp80:0 tp90:0 tp99:0 tp999:0 0_1:20 2_5:0 6_10:0 11_50:0 51_100:0 101_500:0 501_999:0 1000_:0
2026-06-10 18:12:13 INFO TimerFlushService - [ASYNC_MASTER]Timer progress-check commitRead:[06-10 10:12:13] currRead:[06-10 10:12:13] currWrite:[06-10 10:12:13] readBehind:0 currReadOffset:0 offsetBehind:0 behindMaster:0 enqPutQueue:0 deqGetQueue:0 deqPutQueue:0 allCongestNum:0 enqExpiredStoreTime:01-01 00:00:00
2026-06-10 18:12:20 INFO FlushRealTimeService - PERF_COUNTER_FLUSH_DATA_TIME_MS[2026-06-10 10:12:20.838] num:20 cost:10005 tps:2.0090 min:0 max:99999999 tp50:0 tp80:0 tp90:0 tp99:0 tp999:0 0_1:20 2_5:0 6_10:0 11_50:0 51_100:0 101_500:0 501_999:0 1000_:0
2026-06-10 18:12:24 INFO TimerFlushService - [ASYNC_MASTER]Timer progress-check commitRead:[06-10 10:12:24] currRead:[06-10 10:12:24] currWrite:[06-10 10:12:24] readBehind:0 currReadOffset:0 offsetBehind:0 behindMaster:0 enqPutQueue:0 deqGetQueue:0 deqPutQueue:0 allCongestNum:0 enqExpiredStoreTime:01-01 00:00:00
2026-06-10 18:12:30 INFO FlushRealTimeService - PERF_COUNTER_FLUSH_DATA_TIME_MS[2026-06-10 10:12:30.842] num:20 cost:10004 tps:2.0092 min:0 max:99999999 tp50:0 tp80:0 tp90:0 tp99:0 tp999:0 0_1:20 2_5:0 6_10:0 11_50:0 51_100:0 101_500:0 501_999:0 1000_:0
2026-06-10 18:12:34 INFO TimerFlushService - [ASYNC_MASTER]Timer progress-check commitRead:[06-10 10:12:34] currRead:[06-10 10:12:34] currWrite:[06-10 10:12:34] readBehind:0 currReadOffset:0 offsetBehind:0 behindMaster:0 enqPutQueue:0 deqGetQueue:0 deqPutQueue:0 allCongestNum:0 enqExpiredStoreTime:01-01 00:00:00
2026-06-10 18:12:36 INFO compactionSchedule_3 - start to scan all topicConfig
2026-06-10 18:12:36 INFO compactionSchedule_3 - scan all topicConfig over
2026-06-10 18:12:37 INFO StoreStatsService - [STORETPS] put_tps 0.0 get_found_tps 0.0 get_miss_tps 40.259956673887686 get_transferred_tps 0.0
2026-06-10 18:12:37 INFO StoreStatsService - findPutMessageEntireTimePX 0.99=0.00ms cost 0ms
2026-06-10 18:12:37 INFO StoreStatsService - findPutMessageEntireTimePX 0.999=0.00ms cost 0ms
2026-06-10 18:12:37 INFO StoreStatsService - [PAGECACHERT] TotalPut 0, PutMessageDistributeTime [<=0ms]:0 [0~10ms]:0 [10~50ms]:0 [50~100ms]:0 [100~200ms]:0 [200~500ms]:0 [500ms~1s]:0 [1~2s]:0 [2~3s]:0 [3~4s]:0 [4~5s]:0 [5~10s]:0 [10s~]:0 
2026-06-10 18:12:40 INFO FlushRealTimeService - PERF_COUNTER_FLUSH_DATA_TIME_MS[2026-06-10 10:12:40.846] num:20 cost:10003 tps:2.0094 min:0 max:99999999 tp50:0 tp80:0 tp90:0 tp99:0 tp999:0 0_1:20 2_5:0 6_10:0 11_50:0 51_100:0 101_500:0 501_999:0 1000_:0
2026-06-10 18:12:45 INFO TimerFlushService - [ASYNC_MASTER]Timer progress-check commitRead:[06-10 10:12:45] currRead:[06-10 10:12:45] currWrite:[06-10 10:12:45] readBehind:0 currReadOffset:0 offsetBehind:0 behindMaster:0 enqPutQueue:0 deqGetQueue:0 deqPutQueue:0 allCongestNum:0 enqExpiredStoreTime:01-01 00:00:00
2026-06-10 18:12:50 INFO FlushRealTimeService - PERF_COUNTER_FLUSH_DATA_TIME_MS[2026-06-10 10:12:50.849] num:20 cost:10003 tps:2.0094 min:0 max:99999999 tp50:0 tp80:0 tp90:0 tp99:0 tp999:0 0_1:20 2_5:0 6_10:0 11_50:0 51_100:0 101_500:0 501_999:0 1000_:0
2026-06-10 18:12:55 INFO TimerFlushService - [ASYNC_MASTER]Timer progress-check commitRead:[06-10 10:12:55] currRead:[06-10 10:12:55] currWrite:[06-10 10:12:55] readBehind:0 currReadOffset:0 offsetBehind:0 behindMaster:0 enqPutQueue:0 deqGetQueue:0 deqPutQueue:0 allCongestNum:0 enqExpiredStoreTime:01-01 00:00:00
2026-06-10 18:13:00 INFO FlushRealTimeService - PERF_COUNTER_FLUSH_DATA_TIME_MS[2026-06-10 10:13:00.852] num:20 cost:10003 tps:2.0094 min:0 max:99999999 tp50:0 tp80:0 tp90:0 tp99:0 tp999:0 0_1:20 2_5:0 6_10:0 11_50:0 51_100:0 101_500:0 501_999:0 1000_:0
2026-06-10 18:13:06 INFO TimerFlushService - [ASYNC_MASTER]Timer progress-check commitRead:[06-10 10:13:06] currRead:[06-10 10:13:06] currWrite:[06-10 10:13:06] readBehind:0 currReadOffset:0 offsetBehind:0 behindMaster:0 enqPutQueue:0 deqGetQueue:0 deqPutQueue:0 allCongestNum:0 enqExpiredStoreTime:01-01 00:00:00
2026-06-10 18:13:06 INFO compactionSchedule_3 - start to scan all topicConfig
2026-06-10 18:13:06 INFO compactionSchedule_3 - scan all topicConfig over
2026-06-10 18:13:10 INFO FlushRealTimeService - PERF_COUNTER_FLUSH_DATA_TIME_MS[2026-06-10 10:13:10.855] num:20 cost:10003 tps:2.0094 min:0 max:99999999 tp50:0 tp80:0 tp90:0 tp99:0 tp999:0 0_1:20 2_5:0 6_10:0 11_50:0 51_100:0 101_500:0 501_999:0 1000_:0
2026-06-10 18:13:16 INFO TimerFlushService - [ASYNC_MASTER]Timer progress-check commitRead:[06-10 10:13:16] currRead:[06-10 10:13:16] currWrite:[06-10 10:13:16] readBehind:0 currReadOffset:0 offsetBehind:0 behindMaster:0 enqPutQueue:0 deqGetQueue:0 deqPutQueue:0 allCongestNum:0 enqExpiredStoreTime:01-01 00:00:00
2026-06-10 18:13:20 INFO FlushRealTimeService - PERF_COUNTER_FLUSH_DATA_TIME_MS[2026-06-10 10:13:20.86] num:20 cost:10005 tps:2.0090 min:0 max:99999999 tp50:0 tp80:0 tp90:0 tp99:0 tp999:0 0_1:20 2_5:0 6_10:0 11_50:0 51_100:0 101_500:0 501_999:0 1000_:0
2026-06-10 18:13:27 INFO TimerFlushService - [ASYNC_MASTER]Timer progress-check commitRead:[06-10 10:13:27] currRead:[06-10 10:13:27] currWrite:[06-10 10:13:27] readBehind:0 currReadOffset:0 offsetBehind:0 behindMaster:0 enqPutQueue:0 deqGetQueue:0 deqPutQueue:0 allCongestNum:0 enqExpiredStoreTime:01-01 00:00:00
2026-06-10 18:13:30 INFO FlushRealTimeService - PERF_COUNTER_FLUSH_DATA_TIME_MS[2026-06-10 10:13:30.865] num:20 cost:10005 tps:2.0090 min:0 max:99999999 tp50:0 tp80:0 tp90:0 tp99:0 tp999:0 0_1:20 2_5:0 6_10:0 11_50:0 51_100:0 101_500:0 501_999:0 1000_:0
2026-06-10 18:13:36 INFO compactionSchedule_3 - start to scan all topicConfig
2026-06-10 18:13:36 INFO compactionSchedule_3 - scan all topicConfig over
2026-06-10 18:13:37 INFO TimerFlushService - [ASYNC_MASTER]Timer progress-check commitRead:[06-10 10:13:37] currRead:[06-10 10:13:37] currWrite:[06-10 10:13:37] readBehind:0 currReadOffset:0 offsetBehind:0 behindMaster:0 enqPutQueue:0 deqGetQueue:0 deqPutQueue:0 allCongestNum:0 enqExpiredStoreTime:01-01 00:00:00
2026-06-10 18:13:37 INFO StoreStatsService - [STORETPS] put_tps 0.0 get_found_tps 0.0 get_miss_tps 39.892021595680866 get_transferred_tps 0.0
2026-06-10 18:13:37 INFO StoreStatsService - findPutMessageEntireTimePX 0.99=0.00ms cost 0ms
2026-06-10 18:13:37 INFO StoreStatsService - findPutMessageEntireTimePX 0.999=0.00ms cost 0ms
2026-06-10 18:13:37 INFO StoreStatsService - [PAGECACHERT] TotalPut 0, PutMessageDistributeTime [<=0ms]:0 [0~10ms]:0 [10~50ms]:0 [50~100ms]:0 [100~200ms]:0 [200~500ms]:0 [500ms~1s]:0 [1~2s]:0 [2~3s]:0 [3~4s]:0 [4~5s]:0 [5~10s]:0 [10s~]:0 
2026-06-10 18:13:40 INFO FlushRealTimeService - PERF_COUNTER_FLUSH_DATA_TIME_MS[2026-06-10 10:13:40.867] num:20 cost:10002 tps:2.0096 min:0 max:99999999 tp50:0 tp80:0 tp90:0 tp99:0 tp999:0 0_1:20 2_5:0 6_10:0 11_50:0 51_100:0 101_500:0 501_999:0 1000_:0
2026-06-10 18:13:48 INFO TimerFlushService - [ASYNC_MASTER]Timer progress-check commitRead:[06-10 10:13:48] currRead:[06-10 10:13:48] currWrite:[06-10 10:13:48] readBehind:0 currReadOffset:0 offsetBehind:0 behindMaster:0 enqPutQueue:0 deqGetQueue:0 deqPutQueue:0 allCongestNum:0 enqExpiredStoreTime:01-01 00:00:00
2026-06-10 18:13:50 INFO FlushRealTimeService - PERF_COUNTER_FLUSH_DATA_TIME_MS[2026-06-10 10:13:50.871] num:20 cost:10003 tps:2.0094 min:0 max:99999999 tp50:0 tp80:0 tp90:0 tp99:0 tp999:0 0_1:20 2_5:0 6_10:0 11_50:0 51_100:0 101_500:0 501_999:0 1000_:0
2026-06-10 18:13:58 INFO TimerFlushService - [ASYNC_MASTER]Timer progress-check commitRead:[06-10 10:13:58] currRead:[06-10 10:13:58] currWrite:[06-10 10:13:58] readBehind:0 currReadOffset:0 offsetBehind:0 behindMaster:0 enqPutQueue:0 deqGetQueue:0 deqPutQueue:0 allCongestNum:0 enqExpiredStoreTime:01-01 00:00:00
2026-06-10 18:14:00 INFO FlushRealTimeService - PERF_COUNTER_FLUSH_DATA_TIME_MS[2026-06-10 10:14:00.874] num:20 cost:10003 tps:2.0094 min:0 max:99999999 tp50:0 tp80:0 tp90:0 tp99:0 tp999:0 0_1:20 2_5:0 6_10:0 11_50:0 51_100:0 101_500:0 501_999:0 1000_:0
2026-06-10 18:14:06 INFO compactionSchedule_3 - start to scan all topicConfig
2026-06-10 18:14:06 INFO compactionSchedule_3 - scan all topicConfig over
2026-06-10 18:14:08 INFO TimerFlushService - [ASYNC_MASTER]Timer progress-check commitRead:[06-10 10:14:08] currRead:[06-10 10:14:08] currWrite:[06-10 10:14:08] readBehind:0 currReadOffset:0 offsetBehind:0 behindMaster:0 enqPutQueue:0 deqGetQueue:0 deqPutQueue:0 allCongestNum:0 enqExpiredStoreTime:01-01 00:00:00
2026-06-10 18:14:10 INFO FlushRealTimeService - PERF_COUNTER_FLUSH_DATA_TIME_MS[2026-06-10 10:14:10.877] num:20 cost:10003 tps:2.0094 min:0 max:99999999 tp50:0 tp80:0 tp90:0 tp99:0 tp999:0 0_1:20 2_5:0 6_10:0 11_50:0 51_100:0 101_500:0 501_999:0 1000_:0
2026-06-10 18:14:19 INFO TimerFlushService - [ASYNC_MASTER]Timer progress-check commitRead:[06-10 10:14:19] currRead:[06-10 10:14:19] currWrite:[06-10 10:14:19] readBehind:0 currReadOffset:0 offsetBehind:0 behindMaster:0 enqPutQueue:0 deqGetQueue:0 deqPutQueue:0 allCongestNum:0 enqExpiredStoreTime:01-01 00:00:00
2026-06-10 18:14:20 INFO FlushRealTimeService - PERF_COUNTER_FLUSH_DATA_TIME_MS[2026-06-10 10:14:20.881] num:20 cost:10004 tps:2.0092 min:0 max:99999999 tp50:0 tp80:0 tp90:0 tp99:0 tp999:0 0_1:20 2_5:0 6_10:0 11_50:0 51_100:0 101_500:0 501_999:0 1000_:0
2026-06-10 18:14:29 INFO TimerFlushService - [ASYNC_MASTER]Timer progress-check commitRead:[06-10 10:14:29] currRead:[06-10 10:14:29] currWrite:[06-10 10:14:29] readBehind:0 currReadOffset:0 offsetBehind:0 behindMaster:0 enqPutQueue:0 deqGetQueue:0 deqPutQueue:0 allCongestNum:0 enqExpiredStoreTime:01-01 00:00:00
2026-06-10 18:14:30 INFO FlushRealTimeService - PERF_COUNTER_FLUSH_DATA_TIME_MS[2026-06-10 10:14:30.884] num:20 cost:10003 tps:2.0094 min:0 max:99999999 tp50:0 tp80:0 tp90:0 tp99:0 tp999:0 0_1:20 2_5:0 6_10:0 11_50:0 51_100:0 101_500:0 501_999:0 1000_:0
2026-06-10 18:14:36 INFO compactionSchedule_3 - start to scan all topicConfig
2026-06-10 18:14:36 INFO compactionSchedule_3 - scan all topicConfig over
2026-06-10 18:14:37 INFO StoreStatsService - [STORETPS] put_tps 0.0 get_found_tps 0.0 get_miss_tps 42.3603126197737 get_transferred_tps 0.0
2026-06-10 18:14:37 INFO StoreStatsService - findPutMessageEntireTimePX 0.99=0.00ms cost 0ms
2026-06-10 18:14:37 INFO StoreStatsService - findPutMessageEntireTimePX 0.999=0.00ms cost 0ms
2026-06-10 18:14:37 INFO StoreStatsService - [PAGECACHERT] TotalPut 0, PutMessageDistributeTime [<=0ms]:0 [0~10ms]:0 [10~50ms]:0 [50~100ms]:0 [100~200ms]:0 [200~500ms]:0 [500ms~1s]:0 [1~2s]:0 [2~3s]:0 [3~4s]:0 [4~5s]:0 [5~10s]:0 [10s~]:0 
2026-06-10 18:14:40 INFO TimerFlushService - [ASYNC_MASTER]Timer progress-check commitRead:[06-10 10:14:40] currRead:[06-10 10:14:40] currWrite:[06-10 10:14:40] readBehind:0 currReadOffset:0 offsetBehind:0 behindMaster:0 enqPutQueue:0 deqGetQueue:0 deqPutQueue:0 allCongestNum:0 enqExpiredStoreTime:01-01 00:00:00
2026-06-10 18:14:40 INFO FlushRealTimeService - PERF_COUNTER_FLUSH_DATA_TIME_MS[2026-06-10 10:14:40.887] num:20 cost:10003 tps:2.0094 min:0 max:99999999 tp50:0 tp80:0 tp90:0 tp99:0 tp999:0 0_1:20 2_5:0 6_10:0 11_50:0 51_100:0 101_500:0 501_999:0 1000_:0
2026-06-10 18:14:50 INFO TimerFlushService - [ASYNC_MASTER]Timer progress-check commitRead:[06-10 10:14:50] currRead:[06-10 10:14:50] currWrite:[06-10 10:14:50] readBehind:0 currReadOffset:0 offsetBehind:0 behindMaster:0 enqPutQueue:0 deqGetQueue:0 deqPutQueue:0 allCongestNum:0 enqExpiredStoreTime:01-01 00:00:00
2026-06-10 18:14:50 INFO FlushRealTimeService - PERF_COUNTER_FLUSH_DATA_TIME_MS[2026-06-10 10:14:50.89] num:20 cost:10003 tps:2.0094 min:0 max:99999999 tp50:0 tp80:0 tp90:0 tp99:0 tp999:0 0_1:20 2_5:0 6_10:0 11_50:0 51_100:0 101_500:0 501_999:0 1000_:0
2026-06-10 18:15:00 INFO FlushRealTimeService - PERF_COUNTER_FLUSH_DATA_TIME_MS[2026-06-10 10:15:00.893] num:20 cost:10003 tps:2.0094 min:0 max:99999999 tp50:0 tp80:0 tp90:0 tp99:0 tp999:0 0_1:20 2_5:0 6_10:0 11_50:0 51_100:0 101_500:0 501_999:0 1000_:0
2026-06-10 18:15:01 INFO TimerFlushService - [ASYNC_MASTER]Timer progress-check commitRead:[06-10 10:15:01] currRead:[06-10 10:15:01] currWrite:[06-10 10:15:01] readBehind:0 currReadOffset:0 offsetBehind:0 behindMaster:0 enqPutQueue:0 deqGetQueue:0 deqPutQueue:0 allCongestNum:0 enqExpiredStoreTime:01-01 00:00:00
2026-06-10 18:15:06 INFO compactionSchedule_3 - start to scan all topicConfig
2026-06-10 18:15:06 INFO compactionSchedule_3 - scan all topicConfig over
2026-06-10 18:15:10 INFO FlushRealTimeService - PERF_COUNTER_FLUSH_DATA_TIME_MS[2026-06-10 10:15:10.896] num:20 cost:10003 tps:2.0094 min:0 max:99999999 tp50:0 tp80:0 tp90:0 tp99:0 tp999:0 0_1:20 2_5:0 6_10:0 11_50:0 51_100:0 101_500:0 501_999:0 1000_:0
2026-06-10 18:15:11 INFO TimerFlushService - [ASYNC_MASTER]Timer progress-check commitRead:[06-10 10:15:11] currRead:[06-10 10:15:11] currWrite:[06-10 10:15:11] readBehind:0 currReadOffset:0 offsetBehind:0 behindMaster:0 enqPutQueue:0 deqGetQueue:0 deqPutQueue:0 allCongestNum:0 enqExpiredStoreTime:01-01 00:00:00
2026-06-10 18:15:20 INFO FlushRealTimeService - PERF_COUNTER_FLUSH_DATA_TIME_MS[2026-06-10 10:15:20.899] num:20 cost:10003 tps:2.0094 min:0 max:99999999 tp50:0 tp80:0 tp90:0 tp99:0 tp999:0 0_1:20 2_5:0 6_10:0 11_50:0 51_100:0 101_500:0 501_999:0 1000_:0
2026-06-10 18:15:22 INFO TimerFlushService - [ASYNC_MASTER]Timer progress-check commitRead:[06-10 10:15:22] currRead:[06-10 10:15:22] currWrite:[06-10 10:15:22] readBehind:0 currReadOffset:0 offsetBehind:0 behindMaster:0 enqPutQueue:0 deqGetQueue:0 deqPutQueue:0 allCongestNum:0 enqExpiredStoreTime:01-01 00:00:00
2026-06-10 18:15:30 INFO FlushRealTimeService - PERF_COUNTER_FLUSH_DATA_TIME_MS[2026-06-10 10:15:30.903] num:20 cost:10004 tps:2.0092 min:0 max:99999999 tp50:0 tp80:0 tp90:0 tp99:0 tp999:0 0_1:20 2_5:0 6_10:0 11_50:0 51_100:0 101_500:0 501_999:0 1000_:0
2026-06-10 18:15:32 INFO TimerFlushService - [ASYNC_MASTER]Timer progress-check commitRead:[06-10 10:15:32] currRead:[06-10 10:15:32] currWrite:[06-10 10:15:32] readBehind:0 currReadOffset:0 offsetBehind:0 behindMaster:0 enqPutQueue:0 deqGetQueue:0 deqPutQueue:0 allCongestNum:0 enqExpiredStoreTime:01-01 00:00:00
2026-06-10 18:15:36 INFO compactionSchedule_3 - start to scan all topicConfig
2026-06-10 18:15:36 INFO compactionSchedule_3 - scan all topicConfig over
2026-06-10 18:15:37 INFO StoreStatsService - [STORETPS] put_tps 0.0 get_found_tps 0.0 get_miss_tps 38.391042090178956 get_transferred_tps 0.0
2026-06-10 18:15:37 INFO StoreStatsService - findPutMessageEntireTimePX 0.99=0.00ms cost 0ms
2026-06-10 18:15:37 INFO StoreStatsService - findPutMessageEntireTimePX 0.999=0.00ms cost 0ms
2026-06-10 18:15:37 INFO StoreStatsService - [PAGECACHERT] TotalPut 0, PutMessageDistributeTime [<=0ms]:0 [0~10ms]:0 [10~50ms]:0 [50~100ms]:0 [100~200ms]:0 [200~500ms]:0 [500ms~1s]:0 [1~2s]:0 [2~3s]:0 [3~4s]:0 [4~5s]:0 [5~10s]:0 [10s~]:0 
2026-06-10 18:15:40 INFO FlushRealTimeService - PERF_COUNTER_FLUSH_DATA_TIME_MS[2026-06-10 10:15:40.908] num:20 cost:10005 tps:2.0090 min:0 max:99999999 tp50:0 tp80:0 tp90:0 tp99:0 tp999:0 0_1:20 2_5:0 6_10:0 11_50:0 51_100:0 101_500:0 501_999:0 1000_:0
2026-06-10 18:15:43 INFO TimerFlushService - [ASYNC_MASTER]Timer progress-check commitRead:[06-10 10:15:43] currRead:[06-10 10:15:43] currWrite:[06-10 10:15:43] readBehind:0 currReadOffset:0 offsetBehind:0 behindMaster:0 enqPutQueue:0 deqGetQueue:0 deqPutQueue:0 allCongestNum:0 enqExpiredStoreTime:01-01 00:00:00
2026-06-10 18:15:50 INFO FlushRealTimeService - PERF_COUNTER_FLUSH_DATA_TIME_MS[2026-06-10 10:15:50.911] num:20 cost:10003 tps:2.0094 min:0 max:1 tp50:0 tp80:0 tp90:0 tp99:1 tp999:1 0_1:20 2_5:0 6_10:0 11_50:0 51_100:0 101_500:0 501_999:0 1000_:0
2026-06-10 18:15:53 INFO TimerFlushService - [ASYNC_MASTER]Timer progress-check commitRead:[06-10 10:15:53] currRead:[06-10 10:15:53] currWrite:[06-10 10:15:53] readBehind:0 currReadOffset:0 offsetBehind:0 behindMaster:0 enqPutQueue:0 deqGetQueue:0 deqPutQueue:0 allCongestNum:0 enqExpiredStoreTime:01-01 00:00:00
2026-06-10 18:16:00 INFO FlushRealTimeService - PERF_COUNTER_FLUSH_DATA_TIME_MS[2026-06-10 10:16:00.916] num:20 cost:10005 tps:2.0090 min:0 max:99999999 tp50:0 tp80:0 tp90:0 tp99:0 tp999:0 0_1:20 2_5:0 6_10:0 11_50:0 51_100:0 101_500:0 501_999:0 1000_:0
2026-06-10 18:16:04 INFO TimerFlushService - [ASYNC_MASTER]Timer progress-check commitRead:[06-10 10:16:04] currRead:[06-10 10:16:04] currWrite:[06-10 10:16:04] readBehind:0 currReadOffset:0 offsetBehind:0 behindMaster:0 enqPutQueue:0 deqGetQueue:0 deqPutQueue:0 allCongestNum:0 enqExpiredStoreTime:01-01 00:00:00
2026-06-10 18:16:06 INFO compactionSchedule_3 - start to scan all topicConfig
2026-06-10 18:16:06 INFO compactionSchedule_3 - scan all topicConfig over
2026-06-10 18:16:10 INFO FlushRealTimeService - PERF_COUNTER_FLUSH_DATA_TIME_MS[2026-06-10 10:16:10.922] num:20 cost:10006 tps:2.0088 min:0 max:99999999 tp50:0 tp80:0 tp90:0 tp99:0 tp999:0 0_1:20 2_5:0 6_10:0 11_50:0 51_100:0 101_500:0 501_999:0 1000_:0
2026-06-10 18:16:14 INFO TimerFlushService - [ASYNC_MASTER]Timer progress-check commitRead:[06-10 10:16:14] currRead:[06-10 10:16:14] currWrite:[06-10 10:16:14] readBehind:0 currReadOffset:0 offsetBehind:0 behindMaster:0 enqPutQueue:0 deqGetQueue:0 deqPutQueue:0 allCongestNum:0 enqExpiredStoreTime:01-01 00:00:00
2026-06-10 18:16:20 INFO FlushRealTimeService - PERF_COUNTER_FLUSH_DATA_TIME_MS[2026-06-10 10:16:20.925] num:20 cost:10003 tps:2.0094 min:0 max:99999999 tp50:0 tp80:0 tp90:0 tp99:0 tp999:0 0_1:20 2_5:0 6_10:0 11_50:0 51_100:0 101_500:0 501_999:0 1000_:0
2026-06-10 18:16:24 INFO TimerFlushService - [ASYNC_MASTER]Timer progress-check commitRead:[06-10 10:16:24] currRead:[06-10 10:16:24] currWrite:[06-10 10:16:24] readBehind:0 currReadOffset:0 offsetBehind:0 behindMaster:0 enqPutQueue:0 deqGetQueue:0 deqPutQueue:0 allCongestNum:0 enqExpiredStoreTime:01-01 00:00:00
2026-06-10 18:16:30 INFO FlushRealTimeService - PERF_COUNTER_FLUSH_DATA_TIME_MS[2026-06-10 10:16:30.928] num:20 cost:10003 tps:2.0094 min:0 max:99999999 tp50:0 tp80:0 tp90:0 tp99:0 tp999:0 0_1:20 2_5:0 6_10:0 11_50:0 51_100:0 101_500:0 501_999:0 1000_:0
2026-06-10 18:16:35 INFO TimerFlushService - [ASYNC_MASTER]Timer progress-check commitRead:[06-10 10:16:35] currRead:[06-10 10:16:35] currWrite:[06-10 10:16:35] readBehind:0 currReadOffset:0 offsetBehind:0 behindMaster:0 enqPutQueue:0 deqGetQueue:0 deqPutQueue:0 allCongestNum:0 enqExpiredStoreTime:01-01 00:00:00
2026-06-10 18:16:36 INFO compactionSchedule_3 - start to scan all topicConfig
2026-06-10 18:16:36 INFO compactionSchedule_3 - scan all topicConfig over
2026-06-10 18:16:37 INFO StoreStatsService - [STORETPS] put_tps 0.0 get_found_tps 0.0 get_miss_tps 42.08947763059235 get_transferred_tps 0.0
2026-06-10 18:16:37 INFO StoreStatsService - findPutMessageEntireTimePX 0.99=0.00ms cost 0ms
2026-06-10 18:16:37 INFO StoreStatsService - findPutMessageEntireTimePX 0.999=0.00ms cost 0ms
2026-06-10 18:16:37 INFO StoreStatsService - [PAGECACHERT] TotalPut 0, PutMessageDistributeTime [<=0ms]:0 [0~10ms]:0 [10~50ms]:0 [50~100ms]:0 [100~200ms]:0 [200~500ms]:0 [500ms~1s]:0 [1~2s]:0 [2~3s]:0 [3~4s]:0 [4~5s]:0 [5~10s]:0 [10s~]:0 
2026-06-10 18:16:40 INFO FlushRealTimeService - PERF_COUNTER_FLUSH_DATA_TIME_MS[2026-06-10 10:16:40.93] num:20 cost:10002 tps:2.0096 min:0 max:99999999 tp50:0 tp80:0 tp90:0 tp99:0 tp999:0 0_1:20 2_5:0 6_10:0 11_50:0 51_100:0 101_500:0 501_999:0 1000_:0
2026-06-10 18:16:45 INFO TimerFlushService - [ASYNC_MASTER]Timer progress-check commitRead:[06-10 10:16:45] currRead:[06-10 10:16:45] currWrite:[06-10 10:16:45] readBehind:0 currReadOffset:0 offsetBehind:0 behindMaster:0 enqPutQueue:0 deqGetQueue:0 deqPutQueue:0 allCongestNum:0 enqExpiredStoreTime:01-01 00:00:00
2026-06-10 18:16:50 INFO FlushRealTimeService - PERF_COUNTER_FLUSH_DATA_TIME_MS[2026-06-10 10:16:50.933] num:20 cost:10002 tps:2.0096 min:0 max:99999999 tp50:0 tp80:0 tp90:0 tp99:0 tp999:0 0_1:20 2_5:0 6_10:0 11_50:0 51_100:0 101_500:0 501_999:0 1000_:0
2026-06-10 18:16:56 INFO TimerFlushService - [ASYNC_MASTER]Timer progress-check commitRead:[06-10 10:16:56] currRead:[06-10 10:16:56] currWrite:[06-10 10:16:56] readBehind:0 currReadOffset:0 offsetBehind:0 behindMaster:0 enqPutQueue:0 deqGetQueue:0 deqPutQueue:0 allCongestNum:0 enqExpiredStoreTime:01-01 00:00:00
2026-06-10 18:17:00 INFO FlushRealTimeService - PERF_COUNTER_FLUSH_DATA_TIME_MS[2026-06-10 10:17:00.936] num:20 cost:10003 tps:2.0094 min:0 max:99999999 tp50:0 tp80:0 tp90:0 tp99:0 tp999:0 0_1:20 2_5:0 6_10:0 11_50:0 51_100:0 101_500:0 501_999:0 1000_:0
2026-06-10 18:17:06 INFO compactionSchedule_3 - start to scan all topicConfig
2026-06-10 18:17:06 INFO compactionSchedule_3 - scan all topicConfig over
2026-06-10 18:17:06 INFO TimerFlushService - [ASYNC_MASTER]Timer progress-check commitRead:[06-10 10:17:06] currRead:[06-10 10:17:06] currWrite:[06-10 10:17:06] readBehind:0 currReadOffset:0 offsetBehind:0 behindMaster:0 enqPutQueue:0 deqGetQueue:0 deqPutQueue:0 allCongestNum:0 enqExpiredStoreTime:01-01 00:00:00
2026-06-10 18:17:10 INFO FlushRealTimeService - PERF_COUNTER_FLUSH_DATA_TIME_MS[2026-06-10 10:17:10.94] num:20 cost:10003 tps:2.0094 min:0 max:99999999 tp50:0 tp80:0 tp90:0 tp99:0 tp999:0 0_1:20 2_5:0 6_10:0 11_50:0 51_100:0 101_500:0 501_999:0 1000_:0
2026-06-10 18:17:17 INFO TimerFlushService - [ASYNC_MASTER]Timer progress-check commitRead:[06-10 10:17:17] currRead:[06-10 10:17:17] currWrite:[06-10 10:17:17] readBehind:0 currReadOffset:0 offsetBehind:0 behindMaster:0 enqPutQueue:0 deqGetQueue:0 deqPutQueue:0 allCongestNum:0 enqExpiredStoreTime:01-01 00:00:00
2026-06-10 18:17:20 INFO FlushRealTimeService - PERF_COUNTER_FLUSH_DATA_TIME_MS[2026-06-10 10:17:20.945] num:20 cost:10005 tps:2.0090 min:0 max:99999999 tp50:0 tp80:0 tp90:0 tp99:0 tp999:0 0_1:20 2_5:0 6_10:0 11_50:0 51_100:0 101_500:0 501_999:0 1000_:0
2026-06-10 18:17:27 INFO TimerFlushService - [ASYNC_MASTER]Timer progress-check commitRead:[06-10 10:17:27] currRead:[06-10 10:17:27] currWrite:[06-10 10:17:27] readBehind:0 currReadOffset:0 offsetBehind:0 behindMaster:0 enqPutQueue:0 deqGetQueue:0 deqPutQueue:0 allCongestNum:0 enqExpiredStoreTime:01-01 00:00:00
2026-06-10 18:17:30 INFO FlushRealTimeService - PERF_COUNTER_FLUSH_DATA_TIME_MS[2026-06-10 10:17:30.951] num:20 cost:10006 tps:2.0088 min:0 max:1 tp50:0 tp80:0 tp90:0 tp99:1 tp999:1 0_1:20 2_5:0 6_10:0 11_50:0 51_100:0 101_500:0 501_999:0 1000_:0
2026-06-10 18:17:36 INFO compactionSchedule_3 - start to scan all topicConfig
2026-06-10 18:17:36 INFO compactionSchedule_3 - scan all topicConfig over
2026-06-10 18:17:37 INFO StoreStatsService - [STORETPS] put_tps 0.0 get_found_tps 0.0 get_miss_tps 40.15863493967873 get_transferred_tps 0.0
2026-06-10 18:17:37 INFO StoreStatsService - findPutMessageEntireTimePX 0.99=0.00ms cost 0ms
2026-06-10 18:17:37 INFO StoreStatsService - findPutMessageEntireTimePX 0.999=0.00ms cost 1ms
2026-06-10 18:17:37 INFO StoreStatsService - [PAGECACHERT] TotalPut 0, PutMessageDistributeTime [<=0ms]:0 [0~10ms]:0 [10~50ms]:0 [50~100ms]:0 [100~200ms]:0 [200~500ms]:0 [500ms~1s]:0 [1~2s]:0 [2~3s]:0 [3~4s]:0 [4~5s]:0 [5~10s]:0 [10s~]:0 
2026-06-10 18:17:38 INFO TimerFlushService - [ASYNC_MASTER]Timer progress-check commitRead:[06-10 10:17:37] currRead:[06-10 10:17:37] currWrite:[06-10 10:17:38] readBehind:1 currReadOffset:0 offsetBehind:0 behindMaster:0 enqPutQueue:0 deqGetQueue:0 deqPutQueue:0 allCongestNum:0 enqExpiredStoreTime:01-01 00:00:00
2026-06-10 18:17:40 INFO FlushRealTimeService - PERF_COUNTER_FLUSH_DATA_TIME_MS[2026-06-10 10:17:40.953] num:20 cost:10002 tps:2.0096 min:0 max:99999999 tp50:0 tp80:0 tp90:0 tp99:0 tp999:0 0_1:20 2_5:0 6_10:0 11_50:0 51_100:0 101_500:0 501_999:0 1000_:0
2026-06-10 18:17:48 INFO TimerFlushService - [ASYNC_MASTER]Timer progress-check commitRead:[06-10 10:17:48] currRead:[06-10 10:17:48] currWrite:[06-10 10:17:48] readBehind:0 currReadOffset:0 offsetBehind:0 behindMaster:0 enqPutQueue:0 deqGetQueue:0 deqPutQueue:0 allCongestNum:0 enqExpiredStoreTime:01-01 00:00:00
2026-06-10 18:17:50 INFO FlushRealTimeService - PERF_COUNTER_FLUSH_DATA_TIME_MS[2026-06-10 10:17:50.956] num:20 cost:10003 tps:2.0094 min:0 max:99999999 tp50:0 tp80:0 tp90:0 tp99:0 tp999:0 0_1:20 2_5:0 6_10:0 11_50:0 51_100:0 101_500:0 501_999:0 1000_:0
2026-06-10 18:17:58 INFO TimerFlushService - [ASYNC_MASTER]Timer progress-check commitRead:[06-10 10:17:58] currRead:[06-10 10:17:58] currWrite:[06-10 10:17:58] readBehind:0 currReadOffset:0 offsetBehind:0 behindMaster:0 enqPutQueue:0 deqGetQueue:0 deqPutQueue:0 allCongestNum:0 enqExpiredStoreTime:01-01 00:00:00
2026-06-10 18:18:00 INFO FlushRealTimeService - PERF_COUNTER_FLUSH_DATA_TIME_MS[2026-06-10 10:18:00.959] num:20 cost:10002 tps:2.0096 min:0 max:99999999 tp50:0 tp80:0 tp90:0 tp99:0 tp999:0 0_1:20 2_5:0 6_10:0 11_50:0 51_100:0 101_500:0 501_999:0 1000_:0
2026-06-10 18:18:06 INFO compactionSchedule_3 - start to scan all topicConfig
2026-06-10 18:18:06 INFO compactionSchedule_3 - scan all topicConfig over
2026-06-10 18:18:09 INFO TimerFlushService - [ASYNC_MASTER]Timer progress-check commitRead:[06-10 10:18:09] currRead:[06-10 10:18:09] currWrite:[06-10 10:18:09] readBehind:0 currReadOffset:0 offsetBehind:0 behindMaster:0 enqPutQueue:0 deqGetQueue:0 deqPutQueue:0 allCongestNum:0 enqExpiredStoreTime:01-01 00:00:00
2026-06-10 18:18:10 INFO FlushRealTimeService - PERF_COUNTER_FLUSH_DATA_TIME_MS[2026-06-10 10:18:10.962] num:20 cost:10003 tps:2.0094 min:0 max:99999999 tp50:0 tp80:0 tp90:0 tp99:0 tp999:0 0_1:20 2_5:0 6_10:0 11_50:0 51_100:0 101_500:0 501_999:0 1000_:0
2026-06-10 18:18:19 INFO TimerFlushService - [ASYNC_MASTER]Timer progress-check commitRead:[06-10 10:18:19] currRead:[06-10 10:18:19] currWrite:[06-10 10:18:19] readBehind:0 currReadOffset:0 offsetBehind:0 behindMaster:0 enqPutQueue:0 deqGetQueue:0 deqPutQueue:0 allCongestNum:0 enqExpiredStoreTime:01-01 00:00:00
2026-06-10 18:18:20 INFO FlushRealTimeService - PERF_COUNTER_FLUSH_DATA_TIME_MS[2026-06-10 10:18:20.966] num:20 cost:10004 tps:2.0092 min:0 max:99999999 tp50:0 tp80:0 tp90:0 tp99:0 tp999:0 0_1:20 2_5:0 6_10:0 11_50:0 51_100:0 101_500:0 501_999:0 1000_:0
2026-06-10 18:18:30 INFO TimerFlushService - [ASYNC_MASTER]Timer progress-check commitRead:[06-10 10:18:30] currRead:[06-10 10:18:30] currWrite:[06-10 10:18:30] readBehind:0 currReadOffset:0 offsetBehind:0 behindMaster:0 enqPutQueue:0 deqGetQueue:0 deqPutQueue:0 allCongestNum:0 enqExpiredStoreTime:01-01 00:00:00
2026-06-10 18:18:30 INFO FlushRealTimeService - PERF_COUNTER_FLUSH_DATA_TIME_MS[2026-06-10 10:18:30.968] num:20 cost:10002 tps:2.0096 min:0 max:99999999 tp50:0 tp80:0 tp90:0 tp99:0 tp999:0 0_1:20 2_5:0 6_10:0 11_50:0 51_100:0 101_500:0 501_999:0 1000_:0
2026-06-10 18:18:36 INFO compactionSchedule_3 - start to scan all topicConfig
2026-06-10 18:18:36 INFO compactionSchedule_3 - scan all topicConfig over
2026-06-10 18:18:37 INFO StoreStatsService - [STORETPS] put_tps 0.0 get_found_tps 0.0 get_miss_tps 40.009998333611065 get_transferred_tps 0.0
2026-06-10 18:18:37 INFO StoreStatsService - findPutMessageEntireTimePX 0.99=0.00ms cost 0ms
2026-06-10 18:18:37 INFO StoreStatsService - findPutMessageEntireTimePX 0.999=0.00ms cost 0ms
2026-06-10 18:18:37 INFO StoreStatsService - [PAGECACHERT] TotalPut 0, PutMessageDistributeTime [<=0ms]:0 [0~10ms]:0 [10~50ms]:0 [50~100ms]:0 [100~200ms]:0 [200~500ms]:0 [500ms~1s]:0 [1~2s]:0 [2~3s]:0 [3~4s]:0 [4~5s]:0 [5~10s]:0 [10s~]:0 
2026-06-10 18:18:40 INFO FlushRealTimeService - PERF_COUNTER_FLUSH_DATA_TIME_MS[2026-06-10 10:18:40.971] num:20 cost:10003 tps:2.0094 min:0 max:1 tp50:0 tp80:0 tp90:0 tp99:1 tp999:1 0_1:20 2_5:0 6_10:0 11_50:0 51_100:0 101_500:0 501_999:0 1000_:0
2026-06-10 18:18:40 INFO TimerFlushService - [ASYNC_MASTER]Timer progress-check commitRead:[06-10 10:18:40] currRead:[06-10 10:18:40] currWrite:[06-10 10:18:40] readBehind:0 currReadOffset:0 offsetBehind:0 behindMaster:0 enqPutQueue:0 deqGetQueue:0 deqPutQueue:0 allCongestNum:0 enqExpiredStoreTime:01-01 00:00:00
2026-06-10 18:18:50 INFO FlushRealTimeService - PERF_COUNTER_FLUSH_DATA_TIME_MS[2026-06-10 10:18:50.974] num:20 cost:10003 tps:2.0094 min:0 max:1 tp50:0 tp80:0 tp90:0 tp99:1 tp999:1 0_1:20 2_5:0 6_10:0 11_50:0 51_100:0 101_500:0 501_999:0 1000_:0
2026-06-10 18:18:51 INFO TimerFlushService - [ASYNC_MASTER]Timer progress-check commitRead:[06-10 10:18:51] currRead:[06-10 10:18:51] currWrite:[06-10 10:18:51] readBehind:0 currReadOffset:0 offsetBehind:0 behindMaster:0 enqPutQueue:0 deqGetQueue:0 deqPutQueue:0 allCongestNum:0 enqExpiredStoreTime:01-01 00:00:00
2026-06-10 18:19:00 INFO FlushRealTimeService - PERF_COUNTER_FLUSH_DATA_TIME_MS[2026-06-10 10:19:00.976] num:20 cost:10002 tps:2.0096 min:0 max:99999999 tp50:0 tp80:0 tp90:0 tp99:0 tp999:0 0_1:20 2_5:0 6_10:0 11_50:0 51_100:0 101_500:0 501_999:0 1000_:0
2026-06-10 18:19:01 INFO TimerFlushService - [ASYNC_MASTER]Timer progress-check commitRead:[06-10 10:19:01] currRead:[06-10 10:19:01] currWrite:[06-10 10:19:01] readBehind:0 currReadOffset:0 offsetBehind:0 behindMaster:0 enqPutQueue:0 deqGetQueue:0 deqPutQueue:0 allCongestNum:0 enqExpiredStoreTime:01-01 00:00:00
2026-06-10 18:19:06 INFO compactionSchedule_3 - start to scan all topicConfig
2026-06-10 18:19:06 INFO compactionSchedule_3 - scan all topicConfig over
2026-06-10 18:19:10 INFO FlushRealTimeService - PERF_COUNTER_FLUSH_DATA_TIME_MS[2026-06-10 10:19:10.98] num:20 cost:10004 tps:2.0092 min:0 max:1 tp50:0 tp80:0 tp90:0 tp99:1 tp999:1 0_1:20 2_5:0 6_10:0 11_50:0 51_100:0 101_500:0 501_999:0 1000_:0
2026-06-10 18:19:12 INFO TimerFlushService - [ASYNC_MASTER]Timer progress-check commitRead:[06-10 10:19:12] currRead:[06-10 10:19:12] currWrite:[06-10 10:19:12] readBehind:0 currReadOffset:0 offsetBehind:0 behindMaster:0 enqPutQueue:0 deqGetQueue:0 deqPutQueue:0 allCongestNum:0 enqExpiredStoreTime:01-01 00:00:00
2026-06-10 18:19:20 INFO FlushRealTimeService - PERF_COUNTER_FLUSH_DATA_TIME_MS[2026-06-10 10:19:20.988] num:20 cost:10008 tps:2.0084 min:0 max:99999999 tp50:0 tp80:0 tp90:0 tp99:0 tp999:0 0_1:20 2_5:0 6_10:0 11_50:0 51_100:0 101_500:0 501_999:0 1000_:0
2026-06-10 18:19:22 INFO TimerFlushService - [ASYNC_MASTER]Timer progress-check commitRead:[06-10 10:19:22] currRead:[06-10 10:19:22] currWrite:[06-10 10:19:22] readBehind:0 currReadOffset:0 offsetBehind:0 behindMaster:0 enqPutQueue:0 deqGetQueue:0 deqPutQueue:0 allCongestNum:0 enqExpiredStoreTime:01-01 00:00:00
2026-06-10 18:19:30 INFO FlushRealTimeService - PERF_COUNTER_FLUSH_DATA_TIME_MS[2026-06-10 10:19:30.991] num:20 cost:10003 tps:2.0094 min:0 max:99999999 tp50:0 tp80:0 tp90:0 tp99:0 tp999:0 0_1:20 2_5:0 6_10:0 11_50:0 51_100:0 101_500:0 501_999:0 1000_:0
2026-06-10 18:19:33 INFO TimerFlushService - [ASYNC_MASTER]Timer progress-check commitRead:[06-10 10:19:33] currRead:[06-10 10:19:33] currWrite:[06-10 10:19:33] readBehind:0 currReadOffset:0 offsetBehind:0 behindMaster:0 enqPutQueue:0 deqGetQueue:0 deqPutQueue:0 allCongestNum:0 enqExpiredStoreTime:01-01 00:00:00
2026-06-10 18:19:36 INFO compactionSchedule_3 - start to scan all topicConfig
2026-06-10 18:19:36 INFO compactionSchedule_3 - scan all topicConfig over
2026-06-10 18:19:37 INFO StoreStatsService - [STORETPS] put_tps 0.0 get_found_tps 0.0 get_miss_tps 42.242959506748875 get_transferred_tps 0.0
2026-06-10 18:19:37 INFO StoreStatsService - findPutMessageEntireTimePX 0.99=0.00ms cost 0ms
2026-06-10 18:19:37 INFO StoreStatsService - findPutMessageEntireTimePX 0.999=0.00ms cost 0ms
2026-06-10 18:19:37 INFO StoreStatsService - [PAGECACHERT] TotalPut 0, PutMessageDistributeTime [<=0ms]:0 [0~10ms]:0 [10~50ms]:0 [50~100ms]:0 [100~200ms]:0 [200~500ms]:0 [500ms~1s]:0 [1~2s]:0 [2~3s]:0 [3~4s]:0 [4~5s]:0 [5~10s]:0 [10s~]:0 
2026-06-10 18:19:40 INFO FlushRealTimeService - PERF_COUNTER_FLUSH_DATA_TIME_MS[2026-06-10 10:19:40.994] num:20 cost:10003 tps:2.0094 min:0 max:99999999 tp50:0 tp80:0 tp90:0 tp99:0 tp999:0 0_1:20 2_5:0 6_10:0 11_50:0 51_100:0 101_500:0 501_999:0 1000_:0
2026-06-10 18:19:43 INFO TimerFlushService - [ASYNC_MASTER]Timer progress-check commitRead:[06-10 10:19:43] currRead:[06-10 10:19:43] currWrite:[06-10 10:19:43] readBehind:0 currReadOffset:0 offsetBehind:0 behindMaster:0 enqPutQueue:0 deqGetQueue:0 deqPutQueue:0 allCongestNum:0 enqExpiredStoreTime:01-01 00:00:00
2026-06-10 18:19:51 INFO FlushRealTimeService - PERF_COUNTER_FLUSH_DATA_TIME_MS[2026-06-10 10:19:51.001] num:20 cost:10007 tps:2.0086 min:0 max:99999999 tp50:0 tp80:0 tp90:0 tp99:0 tp999:0 0_1:20 2_5:0 6_10:0 11_50:0 51_100:0 101_500:0 501_999:0 1000_:0
2026-06-10 18:19:54 INFO TimerFlushService - [ASYNC_MASTER]Timer progress-check commitRead:[06-10 10:19:53] currRead:[06-10 10:19:53] currWrite:[06-10 10:19:54] readBehind:1 currReadOffset:0 offsetBehind:0 behindMaster:0 enqPutQueue:0 deqGetQueue:0 deqPutQueue:0 allCongestNum:0 enqExpiredStoreTime:01-01 00:00:00
2026-06-10 18:20:01 INFO FlushRealTimeService - PERF_COUNTER_FLUSH_DATA_TIME_MS[2026-06-10 10:20:01.004] num:20 cost:10003 tps:2.0094 min:0 max:1 tp50:0 tp80:0 tp90:0 tp99:1 tp999:1 0_1:20 2_5:0 6_10:0 11_50:0 51_100:0 101_500:0 501_999:0 1000_:0
2026-06-10 18:20:04 INFO TimerFlushService - [ASYNC_MASTER]Timer progress-check commitRead:[06-10 10:20:04] currRead:[06-10 10:20:04] currWrite:[06-10 10:20:04] readBehind:0 currReadOffset:0 offsetBehind:0 behindMaster:0 enqPutQueue:0 deqGetQueue:0 deqPutQueue:0 allCongestNum:0 enqExpiredStoreTime:01-01 00:00:00
2026-06-10 18:20:06 INFO compactionSchedule_3 - start to scan all topicConfig
2026-06-10 18:20:06 INFO compactionSchedule_3 - scan all topicConfig over
2026-06-10 18:20:11 INFO FlushRealTimeService - PERF_COUNTER_FLUSH_DATA_TIME_MS[2026-06-10 10:20:11.008] num:20 cost:10003 tps:2.0094 min:0 max:99999999 tp50:0 tp80:0 tp90:0 tp99:0 tp999:0 0_1:20 2_5:0 6_10:0 11_50:0 51_100:0 101_500:0 501_999:0 1000_:0
2026-06-10 18:20:14 INFO TimerFlushService - [ASYNC_MASTER]Timer progress-check commitRead:[06-10 10:20:14] currRead:[06-10 10:20:14] currWrite:[06-10 10:20:14] readBehind:0 currReadOffset:0 offsetBehind:0 behindMaster:0 enqPutQueue:0 deqGetQueue:0 deqPutQueue:0 allCongestNum:0 enqExpiredStoreTime:01-01 00:00:00
2026-06-10 18:20:21 INFO FlushRealTimeService - PERF_COUNTER_FLUSH_DATA_TIME_MS[2026-06-10 10:20:21.011] num:20 cost:10002 tps:2.0096 min:0 max:99999999 tp50:0 tp80:0 tp90:0 tp99:0 tp999:0 0_1:20 2_5:0 6_10:0 11_50:0 51_100:0 101_500:0 501_999:0 1000_:0
2026-06-10 18:20:25 INFO TimerFlushService - [ASYNC_MASTER]Timer progress-check commitRead:[06-10 10:20:25] currRead:[06-10 10:20:25] currWrite:[06-10 10:20:25] readBehind:0 currReadOffset:0 offsetBehind:0 behindMaster:0 enqPutQueue:0 deqGetQueue:0 deqPutQueue:0 allCongestNum:0 enqExpiredStoreTime:01-01 00:00:00
2026-06-10 18:20:31 INFO FlushRealTimeService - PERF_COUNTER_FLUSH_DATA_TIME_MS[2026-06-10 10:20:31.017] num:20 cost:10005 tps:2.0090 min:0 max:99999999 tp50:0 tp80:0 tp90:0 tp99:0 tp999:0 0_1:20 2_5:0 6_10:0 11_50:0 51_100:0 101_500:0 501_999:0 1000_:0
2026-06-10 18:20:35 INFO TimerFlushService - [ASYNC_MASTER]Timer progress-check commitRead:[06-10 10:20:35] currRead:[06-10 10:20:35] currWrite:[06-10 10:20:35] readBehind:0 currReadOffset:0 offsetBehind:0 behindMaster:0 enqPutQueue:0 deqGetQueue:0 deqPutQueue:0 allCongestNum:0 enqExpiredStoreTime:01-01 00:00:00
2026-06-10 18:20:36 INFO compactionSchedule_3 - start to scan all topicConfig
2026-06-10 18:20:36 INFO compactionSchedule_3 - scan all topicConfig over
2026-06-10 18:20:37 INFO StoreStatsService - [STORETPS] put_tps 0.0 get_found_tps 0.0 get_miss_tps 38.38784384944768 get_transferred_tps 0.0
2026-06-10 18:20:37 INFO StoreStatsService - findPutMessageEntireTimePX 0.99=0.00ms cost 0ms
2026-06-10 18:20:37 INFO StoreStatsService - findPutMessageEntireTimePX 0.999=0.00ms cost 0ms
2026-06-10 18:20:37 INFO StoreStatsService - [PAGECACHERT] TotalPut 0, PutMessageDistributeTime [<=0ms]:0 [0~10ms]:0 [10~50ms]:0 [50~100ms]:0 [100~200ms]:0 [200~500ms]:0 [500ms~1s]:0 [1~2s]:0 [2~3s]:0 [3~4s]:0 [4~5s]:0 [5~10s]:0 [10s~]:0 
2026-06-10 18:20:41 INFO FlushRealTimeService - PERF_COUNTER_FLUSH_DATA_TIME_MS[2026-06-10 10:20:41.02] num:20 cost:10002 tps:2.0096 min:0 max:99999999 tp50:0 tp80:0 tp90:0 tp99:0 tp999:0 0_1:20 2_5:0 6_10:0 11_50:0 51_100:0 101_500:0 501_999:0 1000_:0
2026-06-10 18:20:46 INFO TimerFlushService - [ASYNC_MASTER]Timer progress-check commitRead:[06-10 10:20:46] currRead:[06-10 10:20:46] currWrite:[06-10 10:20:46] readBehind:0 currReadOffset:0 offsetBehind:0 behindMaster:0 enqPutQueue:0 deqGetQueue:0 deqPutQueue:0 allCongestNum:0 enqExpiredStoreTime:01-01 00:00:00
2026-06-10 18:20:51 INFO FlushRealTimeService - PERF_COUNTER_FLUSH_DATA_TIME_MS[2026-06-10 10:20:51.024] num:20 cost:10003 tps:2.0094 min:0 max:1 tp50:0 tp80:0 tp90:0 tp99:1 tp999:1 0_1:20 2_5:0 6_10:0 11_50:0 51_100:0 101_500:0 501_999:0 1000_:0
2026-06-10 18:20:56 INFO TimerFlushService - [ASYNC_MASTER]Timer progress-check commitRead:[06-10 10:20:56] currRead:[06-10 10:20:56] currWrite:[06-10 10:20:56] readBehind:0 currReadOffset:0 offsetBehind:0 behindMaster:0 enqPutQueue:0 deqGetQueue:0 deqPutQueue:0 allCongestNum:0 enqExpiredStoreTime:01-01 00:00:00
2026-06-10 18:21:01 INFO FlushRealTimeService - PERF_COUNTER_FLUSH_DATA_TIME_MS[2026-06-10 10:21:01.028] num:20 cost:10004 tps:2.0092 min:0 max:99999999 tp50:0 tp80:0 tp90:0 tp99:0 tp999:0 0_1:20 2_5:0 6_10:0 11_50:0 51_100:0 101_500:0 501_999:0 1000_:0
2026-06-10 18:21:06 INFO compactionSchedule_3 - start to scan all topicConfig
2026-06-10 18:21:06 INFO compactionSchedule_3 - scan all topicConfig over
2026-06-10 18:21:07 INFO TimerFlushService - [ASYNC_MASTER]Timer progress-check commitRead:[06-10 10:21:06] currRead:[06-10 10:21:06] currWrite:[06-10 10:21:06] readBehind:1 currReadOffset:0 offsetBehind:0 behindMaster:0 enqPutQueue:0 deqGetQueue:0 deqPutQueue:0 allCongestNum:0 enqExpiredStoreTime:01-01 00:00:00
2026-06-10 18:21:11 INFO FlushRealTimeService - PERF_COUNTER_FLUSH_DATA_TIME_MS[2026-06-10 10:21:11.032] num:20 cost:10003 tps:2.0094 min:0 max:99999999 tp50:0 tp80:0 tp90:0 tp99:0 tp999:0 0_1:20 2_5:0 6_10:0 11_50:0 51_100:0 101_500:0 501_999:0 1000_:0
2026-06-10 18:21:17 INFO TimerFlushService - [ASYNC_MASTER]Timer progress-check commitRead:[06-10 10:21:17] currRead:[06-10 10:21:17] currWrite:[06-10 10:21:17] readBehind:0 currReadOffset:0 offsetBehind:0 behindMaster:0 enqPutQueue:0 deqGetQueue:0 deqPutQueue:0 allCongestNum:0 enqExpiredStoreTime:01-01 00:00:00
2026-06-10 18:21:21 INFO FlushRealTimeService - PERF_COUNTER_FLUSH_DATA_TIME_MS[2026-06-10 10:21:21.037] num:20 cost:10005 tps:2.0090 min:0 max:99999999 tp50:0 tp80:0 tp90:0 tp99:0 tp999:0 0_1:20 2_5:0 6_10:0 11_50:0 51_100:0 101_500:0 501_999:0 1000_:0
2026-06-10 18:21:27 INFO TimerFlushService - [ASYNC_MASTER]Timer progress-check commitRead:[06-10 10:21:27] currRead:[06-10 10:21:27] currWrite:[06-10 10:21:27] readBehind:0 currReadOffset:0 offsetBehind:0 behindMaster:0 enqPutQueue:0 deqGetQueue:0 deqPutQueue:0 allCongestNum:0 enqExpiredStoreTime:01-01 00:00:00
2026-06-10 18:21:31 INFO FlushRealTimeService - PERF_COUNTER_FLUSH_DATA_TIME_MS[2026-06-10 10:21:31.041] num:20 cost:10004 tps:2.0092 min:0 max:99999999 tp50:0 tp80:0 tp90:0 tp99:0 tp999:0 0_1:20 2_5:0 6_10:0 11_50:0 51_100:0 101_500:0 501_999:0 1000_:0
2026-06-10 18:21:36 INFO compactionSchedule_3 - start to scan all topicConfig
2026-06-10 18:21:36 INFO compactionSchedule_3 - scan all topicConfig over
2026-06-10 18:21:38 INFO StoreStatsService - [STORETPS] put_tps 0.0 get_found_tps 0.0 get_miss_tps 42.2248883556622 get_transferred_tps 0.0
2026-06-10 18:21:38 INFO StoreStatsService - findPutMessageEntireTimePX 0.99=0.00ms cost 0ms
2026-06-10 18:21:38 INFO StoreStatsService - findPutMessageEntireTimePX 0.999=0.00ms cost 0ms
2026-06-10 18:21:38 INFO StoreStatsService - [PAGECACHERT] TotalPut 0, PutMessageDistributeTime [<=0ms]:0 [0~10ms]:0 [10~50ms]:0 [50~100ms]:0 [100~200ms]:0 [200~500ms]:0 [500ms~1s]:0 [1~2s]:0 [2~3s]:0 [3~4s]:0 [4~5s]:0 [5~10s]:0 [10s~]:0 
2026-06-10 18:21:38 INFO TimerFlushService - [ASYNC_MASTER]Timer progress-check commitRead:[06-10 10:21:38] currRead:[06-10 10:21:38] currWrite:[06-10 10:21:38] readBehind:0 currReadOffset:0 offsetBehind:0 behindMaster:0 enqPutQueue:0 deqGetQueue:0 deqPutQueue:0 allCongestNum:0 enqExpiredStoreTime:01-01 00:00:00
2026-06-10 18:21:41 INFO FlushRealTimeService - PERF_COUNTER_FLUSH_DATA_TIME_MS[2026-06-10 10:21:41.043] num:20 cost:10002 tps:2.0096 min:0 max:99999999 tp50:0 tp80:0 tp90:0 tp99:0 tp999:0 0_1:20 2_5:0 6_10:0 11_50:0 51_100:0 101_500:0 501_999:0 1000_:0
