2026-06-10 16:16:37 INFO TransactionalOpBatchService - Start transaction op batch thread!
2026-06-10 16:16:37 INFO TransactionFlushService - TransactionFlushService service start
2026-06-10 16:16:37 INFO TransactionalMessageCheckService - Start transaction check service thread!
2026-06-10 16:17:07 INFO TransactionalMessageCheckService - Begin to check prepare message, begin time:1781079427450
2026-06-10 16:17:07 INFO TransactionalMessageCheckService - Before check, the queue=MessageQueue [topic=RMQ_SYS_TRANS_HALF_TOPIC, brokerName=broker-a, queueId=0] msgOffset=0 opOffset=0
2026-06-10 16:17:07 WARN TransactionalMessageCheckService - No new message. GetMessageStatus=NO_MESSAGE_IN_QUEUE, topic=RMQ_SYS_TRANS_OP_HALF_TOPIC, groupId=CID_RMQ_SYS_TRANS, requestOffset=0
2026-06-10 16:17:07 WARN TransactionalMessageCheckService - The miss op offset=0 in queue=MessageQueue [topic=RMQ_SYS_TRANS_OP_HALF_TOPIC, brokerName=broker-a, queueId=0] is NO_NEW_MSG, pullResult=PullResult [pullStatus=NO_NEW_MSG, nextBeginOffset=0, minOffset=0, maxOffset=0, msgFoundList=0]
2026-06-10 16:17:07 WARN TransactionalMessageCheckService - No new message. GetMessageStatus=NO_MESSAGE_IN_QUEUE, topic=RMQ_SYS_TRANS_HALF_TOPIC, groupId=CID_RMQ_SYS_TRANS, requestOffset=0
2026-06-10 16:17:07 WARN TransactionalMessageCheckService - No new message. GetMessageStatus=NO_MESSAGE_IN_QUEUE, topic=RMQ_SYS_TRANS_HALF_TOPIC, groupId=CID_RMQ_SYS_TRANS, requestOffset=0
2026-06-10 16:17:07 WARN TransactionalMessageCheckService - No new message. GetMessageStatus=NO_MESSAGE_IN_QUEUE, topic=RMQ_SYS_TRANS_OP_HALF_TOPIC, groupId=CID_RMQ_SYS_TRANS, requestOffset=0
2026-06-10 16:17:07 INFO TransactionalMessageCheckService - After check, MessageQueue [topic=RMQ_SYS_TRANS_HALF_TOPIC, brokerName=broker-a, queueId=0] opOffset=0 opOffsetDiff=0 msgOffset=0 msgOffsetDiff=0 msgTime=Wed Jun 10 08:17:07 UTC 2026 msgTimeDelayInMs=0 putInQueueCount=0
2026-06-10 16:17:07 INFO TransactionalMessageCheckService - End to check prepare message, consumed time:6
2026-06-10 16:17:37 INFO TransactionalMessageCheckService - Begin to check prepare message, begin time:1781079457456
2026-06-10 16:17:37 INFO TransactionalMessageCheckService - Before check, the queue=MessageQueue [topic=RMQ_SYS_TRANS_HALF_TOPIC, brokerName=broker-a, queueId=0] msgOffset=0 opOffset=0
2026-06-10 16:17:37 WARN TransactionalMessageCheckService - No new message. GetMessageStatus=NO_MESSAGE_IN_QUEUE, topic=RMQ_SYS_TRANS_OP_HALF_TOPIC, groupId=CID_RMQ_SYS_TRANS, requestOffset=0
2026-06-10 16:17:37 WARN TransactionalMessageCheckService - The miss op offset=0 in queue=MessageQueue [topic=RMQ_SYS_TRANS_OP_HALF_TOPIC, brokerName=broker-a, queueId=0] is NO_NEW_MSG, pullResult=PullResult [pullStatus=NO_NEW_MSG, nextBeginOffset=0, minOffset=0, maxOffset=0, msgFoundList=0]
2026-06-10 16:17:37 WARN TransactionalMessageCheckService - No new message. GetMessageStatus=NO_MESSAGE_IN_QUEUE, topic=RMQ_SYS_TRANS_HALF_TOPIC, groupId=CID_RMQ_SYS_TRANS, requestOffset=0
2026-06-10 16:17:37 WARN TransactionalMessageCheckService - No new message. GetMessageStatus=NO_MESSAGE_IN_QUEUE, topic=RMQ_SYS_TRANS_HALF_TOPIC, groupId=CID_RMQ_SYS_TRANS, requestOffset=0
2026-06-10 16:17:37 WARN TransactionalMessageCheckService - No new message. GetMessageStatus=NO_MESSAGE_IN_QUEUE, topic=RMQ_SYS_TRANS_OP_HALF_TOPIC, groupId=CID_RMQ_SYS_TRANS, requestOffset=0
2026-06-10 16:17:37 INFO TransactionalMessageCheckService - After check, MessageQueue [topic=RMQ_SYS_TRANS_HALF_TOPIC, brokerName=broker-a, queueId=0] opOffset=0 opOffsetDiff=0 msgOffset=0 msgOffsetDiff=0 msgTime=Wed Jun 10 08:17:37 UTC 2026 msgTimeDelayInMs=0 putInQueueCount=0
2026-06-10 16:17:37 INFO TransactionalMessageCheckService - End to check prepare message, consumed time:1
2026-06-10 16:18:07 INFO TransactionalMessageCheckService - Begin to check prepare message, begin time:1781079487457
2026-06-10 16:18:07 INFO TransactionalMessageCheckService - Before check, the queue=MessageQueue [topic=RMQ_SYS_TRANS_HALF_TOPIC, brokerName=broker-a, queueId=0] msgOffset=0 opOffset=0
2026-06-10 16:18:07 WARN TransactionalMessageCheckService - No new message. GetMessageStatus=NO_MESSAGE_IN_QUEUE, topic=RMQ_SYS_TRANS_OP_HALF_TOPIC, groupId=CID_RMQ_SYS_TRANS, requestOffset=0
2026-06-10 16:18:07 WARN TransactionalMessageCheckService - The miss op offset=0 in queue=MessageQueue [topic=RMQ_SYS_TRANS_OP_HALF_TOPIC, brokerName=broker-a, queueId=0] is NO_NEW_MSG, pullResult=PullResult [pullStatus=NO_NEW_MSG, nextBeginOffset=0, minOffset=0, maxOffset=0, msgFoundList=0]
2026-06-10 16:18:07 WARN TransactionalMessageCheckService - No new message. GetMessageStatus=NO_MESSAGE_IN_QUEUE, topic=RMQ_SYS_TRANS_HALF_TOPIC, groupId=CID_RMQ_SYS_TRANS, requestOffset=0
2026-06-10 16:18:07 WARN TransactionalMessageCheckService - No new message. GetMessageStatus=NO_MESSAGE_IN_QUEUE, topic=RMQ_SYS_TRANS_HALF_TOPIC, groupId=CID_RMQ_SYS_TRANS, requestOffset=0
2026-06-10 16:18:07 WARN TransactionalMessageCheckService - No new message. GetMessageStatus=NO_MESSAGE_IN_QUEUE, topic=RMQ_SYS_TRANS_OP_HALF_TOPIC, groupId=CID_RMQ_SYS_TRANS, requestOffset=0
2026-06-10 16:18:07 INFO TransactionalMessageCheckService - After check, MessageQueue [topic=RMQ_SYS_TRANS_HALF_TOPIC, brokerName=broker-a, queueId=0] opOffset=0 opOffsetDiff=0 msgOffset=0 msgOffsetDiff=0 msgTime=Wed Jun 10 08:18:07 UTC 2026 msgTimeDelayInMs=0 putInQueueCount=0
2026-06-10 16:18:07 INFO TransactionalMessageCheckService - End to check prepare message, consumed time:0
2026-06-10 16:18:37 INFO TransactionalMessageCheckService - Begin to check prepare message, begin time:1781079517457
2026-06-10 16:18:37 INFO TransactionalMessageCheckService - Before check, the queue=MessageQueue [topic=RMQ_SYS_TRANS_HALF_TOPIC, brokerName=broker-a, queueId=0] msgOffset=0 opOffset=0
2026-06-10 16:18:37 WARN TransactionalMessageCheckService - No new message. GetMessageStatus=NO_MESSAGE_IN_QUEUE, topic=RMQ_SYS_TRANS_OP_HALF_TOPIC, groupId=CID_RMQ_SYS_TRANS, requestOffset=0
2026-06-10 16:18:37 WARN TransactionalMessageCheckService - The miss op offset=0 in queue=MessageQueue [topic=RMQ_SYS_TRANS_OP_HALF_TOPIC, brokerName=broker-a, queueId=0] is NO_NEW_MSG, pullResult=PullResult [pullStatus=NO_NEW_MSG, nextBeginOffset=0, minOffset=0, maxOffset=0, msgFoundList=0]
2026-06-10 16:18:37 WARN TransactionalMessageCheckService - No new message. GetMessageStatus=NO_MESSAGE_IN_QUEUE, topic=RMQ_SYS_TRANS_HALF_TOPIC, groupId=CID_RMQ_SYS_TRANS, requestOffset=0
2026-06-10 16:18:37 WARN TransactionalMessageCheckService - No new message. GetMessageStatus=NO_MESSAGE_IN_QUEUE, topic=RMQ_SYS_TRANS_HALF_TOPIC, groupId=CID_RMQ_SYS_TRANS, requestOffset=0
2026-06-10 16:18:37 WARN TransactionalMessageCheckService - No new message. GetMessageStatus=NO_MESSAGE_IN_QUEUE, topic=RMQ_SYS_TRANS_OP_HALF_TOPIC, groupId=CID_RMQ_SYS_TRANS, requestOffset=0
2026-06-10 16:18:37 INFO TransactionalMessageCheckService - After check, MessageQueue [topic=RMQ_SYS_TRANS_HALF_TOPIC, brokerName=broker-a, queueId=0] opOffset=0 opOffsetDiff=0 msgOffset=0 msgOffsetDiff=0 msgTime=Wed Jun 10 08:18:37 UTC 2026 msgTimeDelayInMs=0 putInQueueCount=0
2026-06-10 16:18:37 INFO TransactionalMessageCheckService - End to check prepare message, consumed time:0
2026-06-10 16:19:07 INFO TransactionalMessageCheckService - Begin to check prepare message, begin time:1781079547457
2026-06-10 16:19:07 INFO TransactionalMessageCheckService - Before check, the queue=MessageQueue [topic=RMQ_SYS_TRANS_HALF_TOPIC, brokerName=broker-a, queueId=0] msgOffset=0 opOffset=0
2026-06-10 16:19:07 WARN TransactionalMessageCheckService - No new message. GetMessageStatus=NO_MESSAGE_IN_QUEUE, topic=RMQ_SYS_TRANS_OP_HALF_TOPIC, groupId=CID_RMQ_SYS_TRANS, requestOffset=0
2026-06-10 16:19:07 WARN TransactionalMessageCheckService - The miss op offset=0 in queue=MessageQueue [topic=RMQ_SYS_TRANS_OP_HALF_TOPIC, brokerName=broker-a, queueId=0] is NO_NEW_MSG, pullResult=PullResult [pullStatus=NO_NEW_MSG, nextBeginOffset=0, minOffset=0, maxOffset=0, msgFoundList=0]
2026-06-10 16:19:07 WARN TransactionalMessageCheckService - No new message. GetMessageStatus=NO_MESSAGE_IN_QUEUE, topic=RMQ_SYS_TRANS_HALF_TOPIC, groupId=CID_RMQ_SYS_TRANS, requestOffset=0
2026-06-10 16:19:07 WARN TransactionalMessageCheckService - No new message. GetMessageStatus=NO_MESSAGE_IN_QUEUE, topic=RMQ_SYS_TRANS_HALF_TOPIC, groupId=CID_RMQ_SYS_TRANS, requestOffset=0
2026-06-10 16:19:07 WARN TransactionalMessageCheckService - No new message. GetMessageStatus=NO_MESSAGE_IN_QUEUE, topic=RMQ_SYS_TRANS_OP_HALF_TOPIC, groupId=CID_RMQ_SYS_TRANS, requestOffset=0
2026-06-10 16:19:07 INFO TransactionalMessageCheckService - After check, MessageQueue [topic=RMQ_SYS_TRANS_HALF_TOPIC, brokerName=broker-a, queueId=0] opOffset=0 opOffsetDiff=0 msgOffset=0 msgOffsetDiff=0 msgTime=Wed Jun 10 08:19:07 UTC 2026 msgTimeDelayInMs=0 putInQueueCount=0
2026-06-10 16:19:07 INFO TransactionalMessageCheckService - End to check prepare message, consumed time:0
2026-06-10 16:19:37 INFO TransactionalMessageCheckService - Begin to check prepare message, begin time:1781079577458
2026-06-10 16:19:37 INFO TransactionalMessageCheckService - Before check, the queue=MessageQueue [topic=RMQ_SYS_TRANS_HALF_TOPIC, brokerName=broker-a, queueId=0] msgOffset=0 opOffset=0
2026-06-10 16:19:37 WARN TransactionalMessageCheckService - No new message. GetMessageStatus=NO_MESSAGE_IN_QUEUE, topic=RMQ_SYS_TRANS_OP_HALF_TOPIC, groupId=CID_RMQ_SYS_TRANS, requestOffset=0
2026-06-10 16:19:37 WARN TransactionalMessageCheckService - The miss op offset=0 in queue=MessageQueue [topic=RMQ_SYS_TRANS_OP_HALF_TOPIC, brokerName=broker-a, queueId=0] is NO_NEW_MSG, pullResult=PullResult [pullStatus=NO_NEW_MSG, nextBeginOffset=0, minOffset=0, maxOffset=0, msgFoundList=0]
2026-06-10 16:19:37 WARN TransactionalMessageCheckService - No new message. GetMessageStatus=NO_MESSAGE_IN_QUEUE, topic=RMQ_SYS_TRANS_HALF_TOPIC, groupId=CID_RMQ_SYS_TRANS, requestOffset=0
2026-06-10 16:19:37 WARN TransactionalMessageCheckService - No new message. GetMessageStatus=NO_MESSAGE_IN_QUEUE, topic=RMQ_SYS_TRANS_HALF_TOPIC, groupId=CID_RMQ_SYS_TRANS, requestOffset=0
2026-06-10 16:19:37 WARN TransactionalMessageCheckService - No new message. GetMessageStatus=NO_MESSAGE_IN_QUEUE, topic=RMQ_SYS_TRANS_OP_HALF_TOPIC, groupId=CID_RMQ_SYS_TRANS, requestOffset=0
2026-06-10 16:19:37 INFO TransactionalMessageCheckService - After check, MessageQueue [topic=RMQ_SYS_TRANS_HALF_TOPIC, brokerName=broker-a, queueId=0] opOffset=0 opOffsetDiff=0 msgOffset=0 msgOffsetDiff=0 msgTime=Wed Jun 10 08:19:37 UTC 2026 msgTimeDelayInMs=0 putInQueueCount=0
2026-06-10 16:19:37 INFO TransactionalMessageCheckService - End to check prepare message, consumed time:0
2026-06-10 16:20:07 INFO TransactionalMessageCheckService - Begin to check prepare message, begin time:1781079607458
2026-06-10 16:20:07 INFO TransactionalMessageCheckService - Before check, the queue=MessageQueue [topic=RMQ_SYS_TRANS_HALF_TOPIC, brokerName=broker-a, queueId=0] msgOffset=0 opOffset=0
2026-06-10 16:20:07 WARN TransactionalMessageCheckService - No new message. GetMessageStatus=NO_MESSAGE_IN_QUEUE, topic=RMQ_SYS_TRANS_OP_HALF_TOPIC, groupId=CID_RMQ_SYS_TRANS, requestOffset=0
2026-06-10 16:20:07 WARN TransactionalMessageCheckService - The miss op offset=0 in queue=MessageQueue [topic=RMQ_SYS_TRANS_OP_HALF_TOPIC, brokerName=broker-a, queueId=0] is NO_NEW_MSG, pullResult=PullResult [pullStatus=NO_NEW_MSG, nextBeginOffset=0, minOffset=0, maxOffset=0, msgFoundList=0]
2026-06-10 16:20:07 WARN TransactionalMessageCheckService - No new message. GetMessageStatus=NO_MESSAGE_IN_QUEUE, topic=RMQ_SYS_TRANS_HALF_TOPIC, groupId=CID_RMQ_SYS_TRANS, requestOffset=0
2026-06-10 16:20:07 WARN TransactionalMessageCheckService - No new message. GetMessageStatus=NO_MESSAGE_IN_QUEUE, topic=RMQ_SYS_TRANS_HALF_TOPIC, groupId=CID_RMQ_SYS_TRANS, requestOffset=0
2026-06-10 16:20:07 WARN TransactionalMessageCheckService - No new message. GetMessageStatus=NO_MESSAGE_IN_QUEUE, topic=RMQ_SYS_TRANS_OP_HALF_TOPIC, groupId=CID_RMQ_SYS_TRANS, requestOffset=0
2026-06-10 16:20:07 INFO TransactionalMessageCheckService - After check, MessageQueue [topic=RMQ_SYS_TRANS_HALF_TOPIC, brokerName=broker-a, queueId=0] opOffset=0 opOffsetDiff=0 msgOffset=0 msgOffsetDiff=0 msgTime=Wed Jun 10 08:20:07 UTC 2026 msgTimeDelayInMs=0 putInQueueCount=0
2026-06-10 16:20:07 INFO TransactionalMessageCheckService - End to check prepare message, consumed time:0
2026-06-10 16:20:37 INFO TransactionalMessageCheckService - Begin to check prepare message, begin time:1781079637458
2026-06-10 16:20:37 INFO TransactionalMessageCheckService - Before check, the queue=MessageQueue [topic=RMQ_SYS_TRANS_HALF_TOPIC, brokerName=broker-a, queueId=0] msgOffset=0 opOffset=0
2026-06-10 16:20:37 WARN TransactionalMessageCheckService - No new message. GetMessageStatus=NO_MESSAGE_IN_QUEUE, topic=RMQ_SYS_TRANS_OP_HALF_TOPIC, groupId=CID_RMQ_SYS_TRANS, requestOffset=0
2026-06-10 16:20:37 WARN TransactionalMessageCheckService - The miss op offset=0 in queue=MessageQueue [topic=RMQ_SYS_TRANS_OP_HALF_TOPIC, brokerName=broker-a, queueId=0] is NO_NEW_MSG, pullResult=PullResult [pullStatus=NO_NEW_MSG, nextBeginOffset=0, minOffset=0, maxOffset=0, msgFoundList=0]
2026-06-10 16:20:37 WARN TransactionalMessageCheckService - No new message. GetMessageStatus=NO_MESSAGE_IN_QUEUE, topic=RMQ_SYS_TRANS_HALF_TOPIC, groupId=CID_RMQ_SYS_TRANS, requestOffset=0
2026-06-10 16:20:37 WARN TransactionalMessageCheckService - No new message. GetMessageStatus=NO_MESSAGE_IN_QUEUE, topic=RMQ_SYS_TRANS_HALF_TOPIC, groupId=CID_RMQ_SYS_TRANS, requestOffset=0
2026-06-10 16:20:37 WARN TransactionalMessageCheckService - No new message. GetMessageStatus=NO_MESSAGE_IN_QUEUE, topic=RMQ_SYS_TRANS_OP_HALF_TOPIC, groupId=CID_RMQ_SYS_TRANS, requestOffset=0
2026-06-10 16:20:37 INFO TransactionalMessageCheckService - After check, MessageQueue [topic=RMQ_SYS_TRANS_HALF_TOPIC, brokerName=broker-a, queueId=0] opOffset=0 opOffsetDiff=0 msgOffset=0 msgOffsetDiff=0 msgTime=Wed Jun 10 08:20:37 UTC 2026 msgTimeDelayInMs=0 putInQueueCount=0
2026-06-10 16:20:37 INFO TransactionalMessageCheckService - End to check prepare message, consumed time:0
2026-06-10 16:21:07 INFO TransactionalMessageCheckService - Begin to check prepare message, begin time:1781079667459
2026-06-10 16:21:07 INFO TransactionalMessageCheckService - Before check, the queue=MessageQueue [topic=RMQ_SYS_TRANS_HALF_TOPIC, brokerName=broker-a, queueId=0] msgOffset=0 opOffset=0
2026-06-10 16:21:07 WARN TransactionalMessageCheckService - No new message. GetMessageStatus=NO_MESSAGE_IN_QUEUE, topic=RMQ_SYS_TRANS_OP_HALF_TOPIC, groupId=CID_RMQ_SYS_TRANS, requestOffset=0
2026-06-10 16:21:07 WARN TransactionalMessageCheckService - The miss op offset=0 in queue=MessageQueue [topic=RMQ_SYS_TRANS_OP_HALF_TOPIC, brokerName=broker-a, queueId=0] is NO_NEW_MSG, pullResult=PullResult [pullStatus=NO_NEW_MSG, nextBeginOffset=0, minOffset=0, maxOffset=0, msgFoundList=0]
2026-06-10 16:21:07 WARN TransactionalMessageCheckService - No new message. GetMessageStatus=NO_MESSAGE_IN_QUEUE, topic=RMQ_SYS_TRANS_HALF_TOPIC, groupId=CID_RMQ_SYS_TRANS, requestOffset=0
2026-06-10 16:21:07 WARN TransactionalMessageCheckService - No new message. GetMessageStatus=NO_MESSAGE_IN_QUEUE, topic=RMQ_SYS_TRANS_HALF_TOPIC, groupId=CID_RMQ_SYS_TRANS, requestOffset=0
2026-06-10 16:21:07 WARN TransactionalMessageCheckService - No new message. GetMessageStatus=NO_MESSAGE_IN_QUEUE, topic=RMQ_SYS_TRANS_OP_HALF_TOPIC, groupId=CID_RMQ_SYS_TRANS, requestOffset=0
2026-06-10 16:21:07 INFO TransactionalMessageCheckService - After check, MessageQueue [topic=RMQ_SYS_TRANS_HALF_TOPIC, brokerName=broker-a, queueId=0] opOffset=0 opOffsetDiff=0 msgOffset=0 msgOffsetDiff=0 msgTime=Wed Jun 10 08:21:07 UTC 2026 msgTimeDelayInMs=0 putInQueueCount=0
2026-06-10 16:21:07 INFO TransactionalMessageCheckService - End to check prepare message, consumed time:0
2026-06-10 16:21:37 INFO TransactionalMessageCheckService - Begin to check prepare message, begin time:1781079697459
2026-06-10 16:21:37 INFO TransactionalMessageCheckService - Before check, the queue=MessageQueue [topic=RMQ_SYS_TRANS_HALF_TOPIC, brokerName=broker-a, queueId=0] msgOffset=0 opOffset=0
2026-06-10 16:21:37 WARN TransactionalMessageCheckService - No new message. GetMessageStatus=NO_MESSAGE_IN_QUEUE, topic=RMQ_SYS_TRANS_OP_HALF_TOPIC, groupId=CID_RMQ_SYS_TRANS, requestOffset=0
2026-06-10 16:21:37 WARN TransactionalMessageCheckService - The miss op offset=0 in queue=MessageQueue [topic=RMQ_SYS_TRANS_OP_HALF_TOPIC, brokerName=broker-a, queueId=0] is NO_NEW_MSG, pullResult=PullResult [pullStatus=NO_NEW_MSG, nextBeginOffset=0, minOffset=0, maxOffset=0, msgFoundList=0]
2026-06-10 16:21:37 WARN TransactionalMessageCheckService - No new message. GetMessageStatus=NO_MESSAGE_IN_QUEUE, topic=RMQ_SYS_TRANS_HALF_TOPIC, groupId=CID_RMQ_SYS_TRANS, requestOffset=0
2026-06-10 16:21:37 WARN TransactionalMessageCheckService - No new message. GetMessageStatus=NO_MESSAGE_IN_QUEUE, topic=RMQ_SYS_TRANS_HALF_TOPIC, groupId=CID_RMQ_SYS_TRANS, requestOffset=0
2026-06-10 16:21:37 WARN TransactionalMessageCheckService - No new message. GetMessageStatus=NO_MESSAGE_IN_QUEUE, topic=RMQ_SYS_TRANS_OP_HALF_TOPIC, groupId=CID_RMQ_SYS_TRANS, requestOffset=0
2026-06-10 16:21:37 INFO TransactionalMessageCheckService - After check, MessageQueue [topic=RMQ_SYS_TRANS_HALF_TOPIC, brokerName=broker-a, queueId=0] opOffset=0 opOffsetDiff=0 msgOffset=0 msgOffsetDiff=0 msgTime=Wed Jun 10 08:21:37 UTC 2026 msgTimeDelayInMs=0 putInQueueCount=0
2026-06-10 16:21:37 INFO TransactionalMessageCheckService - End to check prepare message, consumed time:0
2026-06-10 16:22:07 INFO TransactionalMessageCheckService - Begin to check prepare message, begin time:1781079727459
2026-06-10 16:22:07 INFO TransactionalMessageCheckService - Before check, the queue=MessageQueue [topic=RMQ_SYS_TRANS_HALF_TOPIC, brokerName=broker-a, queueId=0] msgOffset=0 opOffset=0
2026-06-10 16:22:07 WARN TransactionalMessageCheckService - No new message. GetMessageStatus=NO_MESSAGE_IN_QUEUE, topic=RMQ_SYS_TRANS_OP_HALF_TOPIC, groupId=CID_RMQ_SYS_TRANS, requestOffset=0
2026-06-10 16:22:07 WARN TransactionalMessageCheckService - The miss op offset=0 in queue=MessageQueue [topic=RMQ_SYS_TRANS_OP_HALF_TOPIC, brokerName=broker-a, queueId=0] is NO_NEW_MSG, pullResult=PullResult [pullStatus=NO_NEW_MSG, nextBeginOffset=0, minOffset=0, maxOffset=0, msgFoundList=0]
2026-06-10 16:22:07 WARN TransactionalMessageCheckService - No new message. GetMessageStatus=NO_MESSAGE_IN_QUEUE, topic=RMQ_SYS_TRANS_HALF_TOPIC, groupId=CID_RMQ_SYS_TRANS, requestOffset=0
2026-06-10 16:22:07 WARN TransactionalMessageCheckService - No new message. GetMessageStatus=NO_MESSAGE_IN_QUEUE, topic=RMQ_SYS_TRANS_HALF_TOPIC, groupId=CID_RMQ_SYS_TRANS, requestOffset=0
2026-06-10 16:22:07 WARN TransactionalMessageCheckService - No new message. GetMessageStatus=NO_MESSAGE_IN_QUEUE, topic=RMQ_SYS_TRANS_OP_HALF_TOPIC, groupId=CID_RMQ_SYS_TRANS, requestOffset=0
2026-06-10 16:22:07 INFO TransactionalMessageCheckService - After check, MessageQueue [topic=RMQ_SYS_TRANS_HALF_TOPIC, brokerName=broker-a, queueId=0] opOffset=0 opOffsetDiff=0 msgOffset=0 msgOffsetDiff=0 msgTime=Wed Jun 10 08:22:07 UTC 2026 msgTimeDelayInMs=0 putInQueueCount=0
2026-06-10 16:22:07 INFO TransactionalMessageCheckService - End to check prepare message, consumed time:0
2026-06-10 16:22:37 INFO TransactionalMessageCheckService - Begin to check prepare message, begin time:1781079757459
2026-06-10 16:22:37 INFO TransactionalMessageCheckService - Before check, the queue=MessageQueue [topic=RMQ_SYS_TRANS_HALF_TOPIC, brokerName=broker-a, queueId=0] msgOffset=0 opOffset=0
2026-06-10 16:22:37 WARN TransactionalMessageCheckService - No new message. GetMessageStatus=NO_MESSAGE_IN_QUEUE, topic=RMQ_SYS_TRANS_OP_HALF_TOPIC, groupId=CID_RMQ_SYS_TRANS, requestOffset=0
2026-06-10 16:22:37 WARN TransactionalMessageCheckService - The miss op offset=0 in queue=MessageQueue [topic=RMQ_SYS_TRANS_OP_HALF_TOPIC, brokerName=broker-a, queueId=0] is NO_NEW_MSG, pullResult=PullResult [pullStatus=NO_NEW_MSG, nextBeginOffset=0, minOffset=0, maxOffset=0, msgFoundList=0]
2026-06-10 16:22:37 WARN TransactionalMessageCheckService - No new message. GetMessageStatus=NO_MESSAGE_IN_QUEUE, topic=RMQ_SYS_TRANS_HALF_TOPIC, groupId=CID_RMQ_SYS_TRANS, requestOffset=0
2026-06-10 16:22:37 WARN TransactionalMessageCheckService - No new message. GetMessageStatus=NO_MESSAGE_IN_QUEUE, topic=RMQ_SYS_TRANS_HALF_TOPIC, groupId=CID_RMQ_SYS_TRANS, requestOffset=0
2026-06-10 16:22:37 WARN TransactionalMessageCheckService - No new message. GetMessageStatus=NO_MESSAGE_IN_QUEUE, topic=RMQ_SYS_TRANS_OP_HALF_TOPIC, groupId=CID_RMQ_SYS_TRANS, requestOffset=0
2026-06-10 16:22:37 INFO TransactionalMessageCheckService - After check, MessageQueue [topic=RMQ_SYS_TRANS_HALF_TOPIC, brokerName=broker-a, queueId=0] opOffset=0 opOffsetDiff=0 msgOffset=0 msgOffsetDiff=0 msgTime=Wed Jun 10 08:22:37 UTC 2026 msgTimeDelayInMs=0 putInQueueCount=0
2026-06-10 16:22:37 INFO TransactionalMessageCheckService - End to check prepare message, consumed time:0
2026-06-10 16:23:07 INFO TransactionalMessageCheckService - Begin to check prepare message, begin time:1781079787460
2026-06-10 16:23:07 INFO TransactionalMessageCheckService - Before check, the queue=MessageQueue [topic=RMQ_SYS_TRANS_HALF_TOPIC, brokerName=broker-a, queueId=0] msgOffset=0 opOffset=0
2026-06-10 16:23:07 WARN TransactionalMessageCheckService - No new message. GetMessageStatus=NO_MESSAGE_IN_QUEUE, topic=RMQ_SYS_TRANS_OP_HALF_TOPIC, groupId=CID_RMQ_SYS_TRANS, requestOffset=0
2026-06-10 16:23:07 WARN TransactionalMessageCheckService - The miss op offset=0 in queue=MessageQueue [topic=RMQ_SYS_TRANS_OP_HALF_TOPIC, brokerName=broker-a, queueId=0] is NO_NEW_MSG, pullResult=PullResult [pullStatus=NO_NEW_MSG, nextBeginOffset=0, minOffset=0, maxOffset=0, msgFoundList=0]
2026-06-10 16:23:07 WARN TransactionalMessageCheckService - No new message. GetMessageStatus=NO_MESSAGE_IN_QUEUE, topic=RMQ_SYS_TRANS_HALF_TOPIC, groupId=CID_RMQ_SYS_TRANS, requestOffset=0
2026-06-10 16:23:07 WARN TransactionalMessageCheckService - No new message. GetMessageStatus=NO_MESSAGE_IN_QUEUE, topic=RMQ_SYS_TRANS_HALF_TOPIC, groupId=CID_RMQ_SYS_TRANS, requestOffset=0
2026-06-10 16:23:07 WARN TransactionalMessageCheckService - No new message. GetMessageStatus=NO_MESSAGE_IN_QUEUE, topic=RMQ_SYS_TRANS_OP_HALF_TOPIC, groupId=CID_RMQ_SYS_TRANS, requestOffset=0
2026-06-10 16:23:07 INFO TransactionalMessageCheckService - After check, MessageQueue [topic=RMQ_SYS_TRANS_HALF_TOPIC, brokerName=broker-a, queueId=0] opOffset=0 opOffsetDiff=0 msgOffset=0 msgOffsetDiff=0 msgTime=Wed Jun 10 08:23:07 UTC 2026 msgTimeDelayInMs=0 putInQueueCount=0
2026-06-10 16:23:07 INFO TransactionalMessageCheckService - End to check prepare message, consumed time:0
2026-06-10 16:23:37 INFO TransactionalMessageCheckService - Begin to check prepare message, begin time:1781079817460
2026-06-10 16:23:37 INFO TransactionalMessageCheckService - Before check, the queue=MessageQueue [topic=RMQ_SYS_TRANS_HALF_TOPIC, brokerName=broker-a, queueId=0] msgOffset=0 opOffset=0
2026-06-10 16:23:37 WARN TransactionalMessageCheckService - No new message. GetMessageStatus=NO_MESSAGE_IN_QUEUE, topic=RMQ_SYS_TRANS_OP_HALF_TOPIC, groupId=CID_RMQ_SYS_TRANS, requestOffset=0
2026-06-10 16:23:37 WARN TransactionalMessageCheckService - The miss op offset=0 in queue=MessageQueue [topic=RMQ_SYS_TRANS_OP_HALF_TOPIC, brokerName=broker-a, queueId=0] is NO_NEW_MSG, pullResult=PullResult [pullStatus=NO_NEW_MSG, nextBeginOffset=0, minOffset=0, maxOffset=0, msgFoundList=0]
2026-06-10 16:23:37 WARN TransactionalMessageCheckService - No new message. GetMessageStatus=NO_MESSAGE_IN_QUEUE, topic=RMQ_SYS_TRANS_HALF_TOPIC, groupId=CID_RMQ_SYS_TRANS, requestOffset=0
2026-06-10 16:23:37 WARN TransactionalMessageCheckService - No new message. GetMessageStatus=NO_MESSAGE_IN_QUEUE, topic=RMQ_SYS_TRANS_HALF_TOPIC, groupId=CID_RMQ_SYS_TRANS, requestOffset=0
2026-06-10 16:23:37 WARN TransactionalMessageCheckService - No new message. GetMessageStatus=NO_MESSAGE_IN_QUEUE, topic=RMQ_SYS_TRANS_OP_HALF_TOPIC, groupId=CID_RMQ_SYS_TRANS, requestOffset=0
2026-06-10 16:23:37 INFO TransactionalMessageCheckService - After check, MessageQueue [topic=RMQ_SYS_TRANS_HALF_TOPIC, brokerName=broker-a, queueId=0] opOffset=0 opOffsetDiff=0 msgOffset=0 msgOffsetDiff=0 msgTime=Wed Jun 10 08:23:37 UTC 2026 msgTimeDelayInMs=0 putInQueueCount=0
2026-06-10 16:23:37 INFO TransactionalMessageCheckService - End to check prepare message, consumed time:0
2026-06-10 16:24:07 INFO TransactionalMessageCheckService - Begin to check prepare message, begin time:1781079847460
2026-06-10 16:24:07 INFO TransactionalMessageCheckService - Before check, the queue=MessageQueue [topic=RMQ_SYS_TRANS_HALF_TOPIC, brokerName=broker-a, queueId=0] msgOffset=0 opOffset=0
2026-06-10 16:24:07 WARN TransactionalMessageCheckService - No new message. GetMessageStatus=NO_MESSAGE_IN_QUEUE, topic=RMQ_SYS_TRANS_OP_HALF_TOPIC, groupId=CID_RMQ_SYS_TRANS, requestOffset=0
2026-06-10 16:24:07 WARN TransactionalMessageCheckService - The miss op offset=0 in queue=MessageQueue [topic=RMQ_SYS_TRANS_OP_HALF_TOPIC, brokerName=broker-a, queueId=0] is NO_NEW_MSG, pullResult=PullResult [pullStatus=NO_NEW_MSG, nextBeginOffset=0, minOffset=0, maxOffset=0, msgFoundList=0]
2026-06-10 16:24:07 WARN TransactionalMessageCheckService - No new message. GetMessageStatus=NO_MESSAGE_IN_QUEUE, topic=RMQ_SYS_TRANS_HALF_TOPIC, groupId=CID_RMQ_SYS_TRANS, requestOffset=0
2026-06-10 16:24:07 WARN TransactionalMessageCheckService - No new message. GetMessageStatus=NO_MESSAGE_IN_QUEUE, topic=RMQ_SYS_TRANS_HALF_TOPIC, groupId=CID_RMQ_SYS_TRANS, requestOffset=0
2026-06-10 16:24:07 WARN TransactionalMessageCheckService - No new message. GetMessageStatus=NO_MESSAGE_IN_QUEUE, topic=RMQ_SYS_TRANS_OP_HALF_TOPIC, groupId=CID_RMQ_SYS_TRANS, requestOffset=0
2026-06-10 16:24:07 INFO TransactionalMessageCheckService - After check, MessageQueue [topic=RMQ_SYS_TRANS_HALF_TOPIC, brokerName=broker-a, queueId=0] opOffset=0 opOffsetDiff=0 msgOffset=0 msgOffsetDiff=0 msgTime=Wed Jun 10 08:24:07 UTC 2026 msgTimeDelayInMs=0 putInQueueCount=0
2026-06-10 16:24:07 INFO TransactionalMessageCheckService - End to check prepare message, consumed time:0
2026-06-10 16:24:37 INFO TransactionalMessageCheckService - Begin to check prepare message, begin time:1781079877460
2026-06-10 16:24:37 INFO TransactionalMessageCheckService - Before check, the queue=MessageQueue [topic=RMQ_SYS_TRANS_HALF_TOPIC, brokerName=broker-a, queueId=0] msgOffset=0 opOffset=0
2026-06-10 16:24:37 WARN TransactionalMessageCheckService - No new message. GetMessageStatus=NO_MESSAGE_IN_QUEUE, topic=RMQ_SYS_TRANS_OP_HALF_TOPIC, groupId=CID_RMQ_SYS_TRANS, requestOffset=0
2026-06-10 16:24:37 WARN TransactionalMessageCheckService - The miss op offset=0 in queue=MessageQueue [topic=RMQ_SYS_TRANS_OP_HALF_TOPIC, brokerName=broker-a, queueId=0] is NO_NEW_MSG, pullResult=PullResult [pullStatus=NO_NEW_MSG, nextBeginOffset=0, minOffset=0, maxOffset=0, msgFoundList=0]
2026-06-10 16:24:37 WARN TransactionalMessageCheckService - No new message. GetMessageStatus=NO_MESSAGE_IN_QUEUE, topic=RMQ_SYS_TRANS_HALF_TOPIC, groupId=CID_RMQ_SYS_TRANS, requestOffset=0
2026-06-10 16:24:37 WARN TransactionalMessageCheckService - No new message. GetMessageStatus=NO_MESSAGE_IN_QUEUE, topic=RMQ_SYS_TRANS_HALF_TOPIC, groupId=CID_RMQ_SYS_TRANS, requestOffset=0
2026-06-10 16:24:37 WARN TransactionalMessageCheckService - No new message. GetMessageStatus=NO_MESSAGE_IN_QUEUE, topic=RMQ_SYS_TRANS_OP_HALF_TOPIC, groupId=CID_RMQ_SYS_TRANS, requestOffset=0
2026-06-10 16:24:37 INFO TransactionalMessageCheckService - After check, MessageQueue [topic=RMQ_SYS_TRANS_HALF_TOPIC, brokerName=broker-a, queueId=0] opOffset=0 opOffsetDiff=0 msgOffset=0 msgOffsetDiff=0 msgTime=Wed Jun 10 08:24:37 UTC 2026 msgTimeDelayInMs=0 putInQueueCount=0
2026-06-10 16:24:37 INFO TransactionalMessageCheckService - End to check prepare message, consumed time:0
2026-06-10 16:25:07 INFO TransactionalMessageCheckService - Begin to check prepare message, begin time:1781079907460
2026-06-10 16:25:07 INFO TransactionalMessageCheckService - Before check, the queue=MessageQueue [topic=RMQ_SYS_TRANS_HALF_TOPIC, brokerName=broker-a, queueId=0] msgOffset=0 opOffset=0
2026-06-10 16:25:07 WARN TransactionalMessageCheckService - No new message. GetMessageStatus=NO_MESSAGE_IN_QUEUE, topic=RMQ_SYS_TRANS_OP_HALF_TOPIC, groupId=CID_RMQ_SYS_TRANS, requestOffset=0
2026-06-10 16:25:07 WARN TransactionalMessageCheckService - The miss op offset=0 in queue=MessageQueue [topic=RMQ_SYS_TRANS_OP_HALF_TOPIC, brokerName=broker-a, queueId=0] is NO_NEW_MSG, pullResult=PullResult [pullStatus=NO_NEW_MSG, nextBeginOffset=0, minOffset=0, maxOffset=0, msgFoundList=0]
2026-06-10 16:25:07 WARN TransactionalMessageCheckService - No new message. GetMessageStatus=NO_MESSAGE_IN_QUEUE, topic=RMQ_SYS_TRANS_HALF_TOPIC, groupId=CID_RMQ_SYS_TRANS, requestOffset=0
2026-06-10 16:25:07 WARN TransactionalMessageCheckService - No new message. GetMessageStatus=NO_MESSAGE_IN_QUEUE, topic=RMQ_SYS_TRANS_HALF_TOPIC, groupId=CID_RMQ_SYS_TRANS, requestOffset=0
2026-06-10 16:25:07 WARN TransactionalMessageCheckService - No new message. GetMessageStatus=NO_MESSAGE_IN_QUEUE, topic=RMQ_SYS_TRANS_OP_HALF_TOPIC, groupId=CID_RMQ_SYS_TRANS, requestOffset=0
2026-06-10 16:25:07 INFO TransactionalMessageCheckService - After check, MessageQueue [topic=RMQ_SYS_TRANS_HALF_TOPIC, brokerName=broker-a, queueId=0] opOffset=0 opOffsetDiff=0 msgOffset=0 msgOffsetDiff=0 msgTime=Wed Jun 10 08:25:07 UTC 2026 msgTimeDelayInMs=0 putInQueueCount=0
2026-06-10 16:25:07 INFO TransactionalMessageCheckService - End to check prepare message, consumed time:1
2026-06-10 16:25:37 INFO TransactionalMessageCheckService - Begin to check prepare message, begin time:1781079937461
2026-06-10 16:25:37 INFO TransactionalMessageCheckService - Before check, the queue=MessageQueue [topic=RMQ_SYS_TRANS_HALF_TOPIC, brokerName=broker-a, queueId=0] msgOffset=0 opOffset=0
2026-06-10 16:25:37 WARN TransactionalMessageCheckService - No new message. GetMessageStatus=NO_MESSAGE_IN_QUEUE, topic=RMQ_SYS_TRANS_OP_HALF_TOPIC, groupId=CID_RMQ_SYS_TRANS, requestOffset=0
2026-06-10 16:25:37 WARN TransactionalMessageCheckService - The miss op offset=0 in queue=MessageQueue [topic=RMQ_SYS_TRANS_OP_HALF_TOPIC, brokerName=broker-a, queueId=0] is NO_NEW_MSG, pullResult=PullResult [pullStatus=NO_NEW_MSG, nextBeginOffset=0, minOffset=0, maxOffset=0, msgFoundList=0]
2026-06-10 16:25:37 WARN TransactionalMessageCheckService - No new message. GetMessageStatus=NO_MESSAGE_IN_QUEUE, topic=RMQ_SYS_TRANS_HALF_TOPIC, groupId=CID_RMQ_SYS_TRANS, requestOffset=0
2026-06-10 16:25:37 WARN TransactionalMessageCheckService - No new message. GetMessageStatus=NO_MESSAGE_IN_QUEUE, topic=RMQ_SYS_TRANS_HALF_TOPIC, groupId=CID_RMQ_SYS_TRANS, requestOffset=0
2026-06-10 16:25:37 WARN TransactionalMessageCheckService - No new message. GetMessageStatus=NO_MESSAGE_IN_QUEUE, topic=RMQ_SYS_TRANS_OP_HALF_TOPIC, groupId=CID_RMQ_SYS_TRANS, requestOffset=0
2026-06-10 16:25:37 INFO TransactionalMessageCheckService - After check, MessageQueue [topic=RMQ_SYS_TRANS_HALF_TOPIC, brokerName=broker-a, queueId=0] opOffset=0 opOffsetDiff=0 msgOffset=0 msgOffsetDiff=0 msgTime=Wed Jun 10 08:25:37 UTC 2026 msgTimeDelayInMs=0 putInQueueCount=0
2026-06-10 16:25:37 INFO TransactionalMessageCheckService - End to check prepare message, consumed time:0
2026-06-10 16:26:07 INFO TransactionalMessageCheckService - Begin to check prepare message, begin time:1781079967461
2026-06-10 16:26:07 INFO TransactionalMessageCheckService - Before check, the queue=MessageQueue [topic=RMQ_SYS_TRANS_HALF_TOPIC, brokerName=broker-a, queueId=0] msgOffset=0 opOffset=0
2026-06-10 16:26:07 WARN TransactionalMessageCheckService - No new message. GetMessageStatus=NO_MESSAGE_IN_QUEUE, topic=RMQ_SYS_TRANS_OP_HALF_TOPIC, groupId=CID_RMQ_SYS_TRANS, requestOffset=0
2026-06-10 16:26:07 WARN TransactionalMessageCheckService - The miss op offset=0 in queue=MessageQueue [topic=RMQ_SYS_TRANS_OP_HALF_TOPIC, brokerName=broker-a, queueId=0] is NO_NEW_MSG, pullResult=PullResult [pullStatus=NO_NEW_MSG, nextBeginOffset=0, minOffset=0, maxOffset=0, msgFoundList=0]
2026-06-10 16:26:07 WARN TransactionalMessageCheckService - No new message. GetMessageStatus=NO_MESSAGE_IN_QUEUE, topic=RMQ_SYS_TRANS_HALF_TOPIC, groupId=CID_RMQ_SYS_TRANS, requestOffset=0
2026-06-10 16:26:07 WARN TransactionalMessageCheckService - No new message. GetMessageStatus=NO_MESSAGE_IN_QUEUE, topic=RMQ_SYS_TRANS_HALF_TOPIC, groupId=CID_RMQ_SYS_TRANS, requestOffset=0
2026-06-10 16:26:07 WARN TransactionalMessageCheckService - No new message. GetMessageStatus=NO_MESSAGE_IN_QUEUE, topic=RMQ_SYS_TRANS_OP_HALF_TOPIC, groupId=CID_RMQ_SYS_TRANS, requestOffset=0
2026-06-10 16:26:07 INFO TransactionalMessageCheckService - After check, MessageQueue [topic=RMQ_SYS_TRANS_HALF_TOPIC, brokerName=broker-a, queueId=0] opOffset=0 opOffsetDiff=0 msgOffset=0 msgOffsetDiff=0 msgTime=Wed Jun 10 08:26:07 UTC 2026 msgTimeDelayInMs=0 putInQueueCount=0
2026-06-10 16:26:07 INFO TransactionalMessageCheckService - End to check prepare message, consumed time:0
2026-06-10 16:26:37 INFO TransactionalMessageCheckService - Begin to check prepare message, begin time:1781079997461
2026-06-10 16:26:37 INFO TransactionalMessageCheckService - Before check, the queue=MessageQueue [topic=RMQ_SYS_TRANS_HALF_TOPIC, brokerName=broker-a, queueId=0] msgOffset=0 opOffset=0
2026-06-10 16:26:37 WARN TransactionalMessageCheckService - No new message. GetMessageStatus=NO_MESSAGE_IN_QUEUE, topic=RMQ_SYS_TRANS_OP_HALF_TOPIC, groupId=CID_RMQ_SYS_TRANS, requestOffset=0
2026-06-10 16:26:37 WARN TransactionalMessageCheckService - The miss op offset=0 in queue=MessageQueue [topic=RMQ_SYS_TRANS_OP_HALF_TOPIC, brokerName=broker-a, queueId=0] is NO_NEW_MSG, pullResult=PullResult [pullStatus=NO_NEW_MSG, nextBeginOffset=0, minOffset=0, maxOffset=0, msgFoundList=0]
2026-06-10 16:26:37 WARN TransactionalMessageCheckService - No new message. GetMessageStatus=NO_MESSAGE_IN_QUEUE, topic=RMQ_SYS_TRANS_HALF_TOPIC, groupId=CID_RMQ_SYS_TRANS, requestOffset=0
2026-06-10 16:26:37 WARN TransactionalMessageCheckService - No new message. GetMessageStatus=NO_MESSAGE_IN_QUEUE, topic=RMQ_SYS_TRANS_HALF_TOPIC, groupId=CID_RMQ_SYS_TRANS, requestOffset=0
2026-06-10 16:26:37 WARN TransactionalMessageCheckService - No new message. GetMessageStatus=NO_MESSAGE_IN_QUEUE, topic=RMQ_SYS_TRANS_OP_HALF_TOPIC, groupId=CID_RMQ_SYS_TRANS, requestOffset=0
2026-06-10 16:26:37 INFO TransactionalMessageCheckService - After check, MessageQueue [topic=RMQ_SYS_TRANS_HALF_TOPIC, brokerName=broker-a, queueId=0] opOffset=0 opOffsetDiff=0 msgOffset=0 msgOffsetDiff=0 msgTime=Wed Jun 10 08:26:37 UTC 2026 msgTimeDelayInMs=0 putInQueueCount=0
2026-06-10 16:26:37 INFO TransactionalMessageCheckService - End to check prepare message, consumed time:0
2026-06-10 16:27:07 INFO TransactionalMessageCheckService - Begin to check prepare message, begin time:1781080027461
2026-06-10 16:27:07 INFO TransactionalMessageCheckService - Before check, the queue=MessageQueue [topic=RMQ_SYS_TRANS_HALF_TOPIC, brokerName=broker-a, queueId=0] msgOffset=0 opOffset=0
2026-06-10 16:27:07 WARN TransactionalMessageCheckService - No new message. GetMessageStatus=NO_MESSAGE_IN_QUEUE, topic=RMQ_SYS_TRANS_OP_HALF_TOPIC, groupId=CID_RMQ_SYS_TRANS, requestOffset=0
2026-06-10 16:27:07 WARN TransactionalMessageCheckService - The miss op offset=0 in queue=MessageQueue [topic=RMQ_SYS_TRANS_OP_HALF_TOPIC, brokerName=broker-a, queueId=0] is NO_NEW_MSG, pullResult=PullResult [pullStatus=NO_NEW_MSG, nextBeginOffset=0, minOffset=0, maxOffset=0, msgFoundList=0]
2026-06-10 16:27:07 WARN TransactionalMessageCheckService - No new message. GetMessageStatus=NO_MESSAGE_IN_QUEUE, topic=RMQ_SYS_TRANS_HALF_TOPIC, groupId=CID_RMQ_SYS_TRANS, requestOffset=0
2026-06-10 16:27:07 WARN TransactionalMessageCheckService - No new message. GetMessageStatus=NO_MESSAGE_IN_QUEUE, topic=RMQ_SYS_TRANS_HALF_TOPIC, groupId=CID_RMQ_SYS_TRANS, requestOffset=0
2026-06-10 16:27:07 WARN TransactionalMessageCheckService - No new message. GetMessageStatus=NO_MESSAGE_IN_QUEUE, topic=RMQ_SYS_TRANS_OP_HALF_TOPIC, groupId=CID_RMQ_SYS_TRANS, requestOffset=0
2026-06-10 16:27:07 INFO TransactionalMessageCheckService - After check, MessageQueue [topic=RMQ_SYS_TRANS_HALF_TOPIC, brokerName=broker-a, queueId=0] opOffset=0 opOffsetDiff=0 msgOffset=0 msgOffsetDiff=0 msgTime=Wed Jun 10 08:27:07 UTC 2026 msgTimeDelayInMs=0 putInQueueCount=0
2026-06-10 16:27:07 INFO TransactionalMessageCheckService - End to check prepare message, consumed time:0
2026-06-10 16:27:37 INFO TransactionalMessageCheckService - Begin to check prepare message, begin time:1781080057461
2026-06-10 16:27:37 INFO TransactionalMessageCheckService - Before check, the queue=MessageQueue [topic=RMQ_SYS_TRANS_HALF_TOPIC, brokerName=broker-a, queueId=0] msgOffset=0 opOffset=0
2026-06-10 16:27:37 WARN TransactionalMessageCheckService - No new message. GetMessageStatus=NO_MESSAGE_IN_QUEUE, topic=RMQ_SYS_TRANS_OP_HALF_TOPIC, groupId=CID_RMQ_SYS_TRANS, requestOffset=0
2026-06-10 16:27:37 WARN TransactionalMessageCheckService - The miss op offset=0 in queue=MessageQueue [topic=RMQ_SYS_TRANS_OP_HALF_TOPIC, brokerName=broker-a, queueId=0] is NO_NEW_MSG, pullResult=PullResult [pullStatus=NO_NEW_MSG, nextBeginOffset=0, minOffset=0, maxOffset=0, msgFoundList=0]
2026-06-10 16:27:37 WARN TransactionalMessageCheckService - No new message. GetMessageStatus=NO_MESSAGE_IN_QUEUE, topic=RMQ_SYS_TRANS_HALF_TOPIC, groupId=CID_RMQ_SYS_TRANS, requestOffset=0
2026-06-10 16:27:37 WARN TransactionalMessageCheckService - No new message. GetMessageStatus=NO_MESSAGE_IN_QUEUE, topic=RMQ_SYS_TRANS_HALF_TOPIC, groupId=CID_RMQ_SYS_TRANS, requestOffset=0
2026-06-10 16:27:37 WARN TransactionalMessageCheckService - No new message. GetMessageStatus=NO_MESSAGE_IN_QUEUE, topic=RMQ_SYS_TRANS_OP_HALF_TOPIC, groupId=CID_RMQ_SYS_TRANS, requestOffset=0
2026-06-10 16:27:37 INFO TransactionalMessageCheckService - After check, MessageQueue [topic=RMQ_SYS_TRANS_HALF_TOPIC, brokerName=broker-a, queueId=0] opOffset=0 opOffsetDiff=0 msgOffset=0 msgOffsetDiff=0 msgTime=Wed Jun 10 08:27:37 UTC 2026 msgTimeDelayInMs=0 putInQueueCount=0
2026-06-10 16:27:37 INFO TransactionalMessageCheckService - End to check prepare message, consumed time:1
2026-06-10 16:28:07 INFO TransactionalMessageCheckService - Begin to check prepare message, begin time:1781080087462
2026-06-10 16:28:07 INFO TransactionalMessageCheckService - Before check, the queue=MessageQueue [topic=RMQ_SYS_TRANS_HALF_TOPIC, brokerName=broker-a, queueId=0] msgOffset=0 opOffset=0
2026-06-10 16:28:07 WARN TransactionalMessageCheckService - No new message. GetMessageStatus=NO_MESSAGE_IN_QUEUE, topic=RMQ_SYS_TRANS_OP_HALF_TOPIC, groupId=CID_RMQ_SYS_TRANS, requestOffset=0
2026-06-10 16:28:07 WARN TransactionalMessageCheckService - The miss op offset=0 in queue=MessageQueue [topic=RMQ_SYS_TRANS_OP_HALF_TOPIC, brokerName=broker-a, queueId=0] is NO_NEW_MSG, pullResult=PullResult [pullStatus=NO_NEW_MSG, nextBeginOffset=0, minOffset=0, maxOffset=0, msgFoundList=0]
2026-06-10 16:28:07 WARN TransactionalMessageCheckService - No new message. GetMessageStatus=NO_MESSAGE_IN_QUEUE, topic=RMQ_SYS_TRANS_HALF_TOPIC, groupId=CID_RMQ_SYS_TRANS, requestOffset=0
2026-06-10 16:28:07 WARN TransactionalMessageCheckService - No new message. GetMessageStatus=NO_MESSAGE_IN_QUEUE, topic=RMQ_SYS_TRANS_HALF_TOPIC, groupId=CID_RMQ_SYS_TRANS, requestOffset=0
2026-06-10 16:28:07 WARN TransactionalMessageCheckService - No new message. GetMessageStatus=NO_MESSAGE_IN_QUEUE, topic=RMQ_SYS_TRANS_OP_HALF_TOPIC, groupId=CID_RMQ_SYS_TRANS, requestOffset=0
2026-06-10 16:28:07 INFO TransactionalMessageCheckService - After check, MessageQueue [topic=RMQ_SYS_TRANS_HALF_TOPIC, brokerName=broker-a, queueId=0] opOffset=0 opOffsetDiff=0 msgOffset=0 msgOffsetDiff=0 msgTime=Wed Jun 10 08:28:07 UTC 2026 msgTimeDelayInMs=0 putInQueueCount=0
2026-06-10 16:28:07 INFO TransactionalMessageCheckService - End to check prepare message, consumed time:0
2026-06-10 16:28:37 INFO TransactionalMessageCheckService - Begin to check prepare message, begin time:1781080117462
2026-06-10 16:28:37 INFO TransactionalMessageCheckService - Before check, the queue=MessageQueue [topic=RMQ_SYS_TRANS_HALF_TOPIC, brokerName=broker-a, queueId=0] msgOffset=0 opOffset=0
2026-06-10 16:28:37 WARN TransactionalMessageCheckService - No new message. GetMessageStatus=NO_MESSAGE_IN_QUEUE, topic=RMQ_SYS_TRANS_OP_HALF_TOPIC, groupId=CID_RMQ_SYS_TRANS, requestOffset=0
2026-06-10 16:28:37 WARN TransactionalMessageCheckService - The miss op offset=0 in queue=MessageQueue [topic=RMQ_SYS_TRANS_OP_HALF_TOPIC, brokerName=broker-a, queueId=0] is NO_NEW_MSG, pullResult=PullResult [pullStatus=NO_NEW_MSG, nextBeginOffset=0, minOffset=0, maxOffset=0, msgFoundList=0]
2026-06-10 16:28:37 WARN TransactionalMessageCheckService - No new message. GetMessageStatus=NO_MESSAGE_IN_QUEUE, topic=RMQ_SYS_TRANS_HALF_TOPIC, groupId=CID_RMQ_SYS_TRANS, requestOffset=0
2026-06-10 16:28:37 WARN TransactionalMessageCheckService - No new message. GetMessageStatus=NO_MESSAGE_IN_QUEUE, topic=RMQ_SYS_TRANS_HALF_TOPIC, groupId=CID_RMQ_SYS_TRANS, requestOffset=0
2026-06-10 16:28:37 WARN TransactionalMessageCheckService - No new message. GetMessageStatus=NO_MESSAGE_IN_QUEUE, topic=RMQ_SYS_TRANS_OP_HALF_TOPIC, groupId=CID_RMQ_SYS_TRANS, requestOffset=0
2026-06-10 16:28:37 INFO TransactionalMessageCheckService - After check, MessageQueue [topic=RMQ_SYS_TRANS_HALF_TOPIC, brokerName=broker-a, queueId=0] opOffset=0 opOffsetDiff=0 msgOffset=0 msgOffsetDiff=0 msgTime=Wed Jun 10 08:28:37 UTC 2026 msgTimeDelayInMs=0 putInQueueCount=0
2026-06-10 16:28:37 INFO TransactionalMessageCheckService - End to check prepare message, consumed time:0
2026-06-10 16:29:07 INFO TransactionalMessageCheckService - Begin to check prepare message, begin time:1781080147462
2026-06-10 16:29:07 INFO TransactionalMessageCheckService - Before check, the queue=MessageQueue [topic=RMQ_SYS_TRANS_HALF_TOPIC, brokerName=broker-a, queueId=0] msgOffset=0 opOffset=0
2026-06-10 16:29:07 WARN TransactionalMessageCheckService - No new message. GetMessageStatus=NO_MESSAGE_IN_QUEUE, topic=RMQ_SYS_TRANS_OP_HALF_TOPIC, groupId=CID_RMQ_SYS_TRANS, requestOffset=0
2026-06-10 16:29:07 WARN TransactionalMessageCheckService - The miss op offset=0 in queue=MessageQueue [topic=RMQ_SYS_TRANS_OP_HALF_TOPIC, brokerName=broker-a, queueId=0] is NO_NEW_MSG, pullResult=PullResult [pullStatus=NO_NEW_MSG, nextBeginOffset=0, minOffset=0, maxOffset=0, msgFoundList=0]
2026-06-10 16:29:07 WARN TransactionalMessageCheckService - No new message. GetMessageStatus=NO_MESSAGE_IN_QUEUE, topic=RMQ_SYS_TRANS_HALF_TOPIC, groupId=CID_RMQ_SYS_TRANS, requestOffset=0
2026-06-10 16:29:07 WARN TransactionalMessageCheckService - No new message. GetMessageStatus=NO_MESSAGE_IN_QUEUE, topic=RMQ_SYS_TRANS_HALF_TOPIC, groupId=CID_RMQ_SYS_TRANS, requestOffset=0
2026-06-10 16:29:07 WARN TransactionalMessageCheckService - No new message. GetMessageStatus=NO_MESSAGE_IN_QUEUE, topic=RMQ_SYS_TRANS_OP_HALF_TOPIC, groupId=CID_RMQ_SYS_TRANS, requestOffset=0
2026-06-10 16:29:07 INFO TransactionalMessageCheckService - After check, MessageQueue [topic=RMQ_SYS_TRANS_HALF_TOPIC, brokerName=broker-a, queueId=0] opOffset=0 opOffsetDiff=0 msgOffset=0 msgOffsetDiff=0 msgTime=Wed Jun 10 08:29:07 UTC 2026 msgTimeDelayInMs=0 putInQueueCount=0
2026-06-10 16:29:07 INFO TransactionalMessageCheckService - End to check prepare message, consumed time:0
2026-06-10 16:29:37 INFO TransactionalMessageCheckService - Begin to check prepare message, begin time:1781080177462
2026-06-10 16:29:37 INFO TransactionalMessageCheckService - Before check, the queue=MessageQueue [topic=RMQ_SYS_TRANS_HALF_TOPIC, brokerName=broker-a, queueId=0] msgOffset=0 opOffset=0
2026-06-10 16:29:37 WARN TransactionalMessageCheckService - No new message. GetMessageStatus=NO_MESSAGE_IN_QUEUE, topic=RMQ_SYS_TRANS_OP_HALF_TOPIC, groupId=CID_RMQ_SYS_TRANS, requestOffset=0
2026-06-10 16:29:37 WARN TransactionalMessageCheckService - The miss op offset=0 in queue=MessageQueue [topic=RMQ_SYS_TRANS_OP_HALF_TOPIC, brokerName=broker-a, queueId=0] is NO_NEW_MSG, pullResult=PullResult [pullStatus=NO_NEW_MSG, nextBeginOffset=0, minOffset=0, maxOffset=0, msgFoundList=0]
2026-06-10 16:29:37 WARN TransactionalMessageCheckService - No new message. GetMessageStatus=NO_MESSAGE_IN_QUEUE, topic=RMQ_SYS_TRANS_HALF_TOPIC, groupId=CID_RMQ_SYS_TRANS, requestOffset=0
2026-06-10 16:29:37 WARN TransactionalMessageCheckService - No new message. GetMessageStatus=NO_MESSAGE_IN_QUEUE, topic=RMQ_SYS_TRANS_HALF_TOPIC, groupId=CID_RMQ_SYS_TRANS, requestOffset=0
2026-06-10 16:29:37 WARN TransactionalMessageCheckService - No new message. GetMessageStatus=NO_MESSAGE_IN_QUEUE, topic=RMQ_SYS_TRANS_OP_HALF_TOPIC, groupId=CID_RMQ_SYS_TRANS, requestOffset=0
2026-06-10 16:29:37 INFO TransactionalMessageCheckService - After check, MessageQueue [topic=RMQ_SYS_TRANS_HALF_TOPIC, brokerName=broker-a, queueId=0] opOffset=0 opOffsetDiff=0 msgOffset=0 msgOffsetDiff=0 msgTime=Wed Jun 10 08:29:37 UTC 2026 msgTimeDelayInMs=0 putInQueueCount=0
2026-06-10 16:29:37 INFO TransactionalMessageCheckService - End to check prepare message, consumed time:1
2026-06-10 16:30:07 INFO TransactionalMessageCheckService - Begin to check prepare message, begin time:1781080207463
2026-06-10 16:30:07 INFO TransactionalMessageCheckService - Before check, the queue=MessageQueue [topic=RMQ_SYS_TRANS_HALF_TOPIC, brokerName=broker-a, queueId=0] msgOffset=0 opOffset=0
2026-06-10 16:30:07 WARN TransactionalMessageCheckService - No new message. GetMessageStatus=NO_MESSAGE_IN_QUEUE, topic=RMQ_SYS_TRANS_OP_HALF_TOPIC, groupId=CID_RMQ_SYS_TRANS, requestOffset=0
2026-06-10 16:30:07 WARN TransactionalMessageCheckService - The miss op offset=0 in queue=MessageQueue [topic=RMQ_SYS_TRANS_OP_HALF_TOPIC, brokerName=broker-a, queueId=0] is NO_NEW_MSG, pullResult=PullResult [pullStatus=NO_NEW_MSG, nextBeginOffset=0, minOffset=0, maxOffset=0, msgFoundList=0]
2026-06-10 16:30:07 WARN TransactionalMessageCheckService - No new message. GetMessageStatus=NO_MESSAGE_IN_QUEUE, topic=RMQ_SYS_TRANS_HALF_TOPIC, groupId=CID_RMQ_SYS_TRANS, requestOffset=0
2026-06-10 16:30:07 WARN TransactionalMessageCheckService - No new message. GetMessageStatus=NO_MESSAGE_IN_QUEUE, topic=RMQ_SYS_TRANS_HALF_TOPIC, groupId=CID_RMQ_SYS_TRANS, requestOffset=0
2026-06-10 16:30:07 WARN TransactionalMessageCheckService - No new message. GetMessageStatus=NO_MESSAGE_IN_QUEUE, topic=RMQ_SYS_TRANS_OP_HALF_TOPIC, groupId=CID_RMQ_SYS_TRANS, requestOffset=0
2026-06-10 16:30:07 INFO TransactionalMessageCheckService - After check, MessageQueue [topic=RMQ_SYS_TRANS_HALF_TOPIC, brokerName=broker-a, queueId=0] opOffset=0 opOffsetDiff=0 msgOffset=0 msgOffsetDiff=0 msgTime=Wed Jun 10 08:30:07 UTC 2026 msgTimeDelayInMs=0 putInQueueCount=0
2026-06-10 16:30:07 INFO TransactionalMessageCheckService - End to check prepare message, consumed time:0
2026-06-10 16:30:37 INFO TransactionalMessageCheckService - Begin to check prepare message, begin time:1781080237463
2026-06-10 16:30:37 INFO TransactionalMessageCheckService - Before check, the queue=MessageQueue [topic=RMQ_SYS_TRANS_HALF_TOPIC, brokerName=broker-a, queueId=0] msgOffset=0 opOffset=0
2026-06-10 16:30:37 WARN TransactionalMessageCheckService - No new message. GetMessageStatus=NO_MESSAGE_IN_QUEUE, topic=RMQ_SYS_TRANS_OP_HALF_TOPIC, groupId=CID_RMQ_SYS_TRANS, requestOffset=0
2026-06-10 16:30:37 WARN TransactionalMessageCheckService - The miss op offset=0 in queue=MessageQueue [topic=RMQ_SYS_TRANS_OP_HALF_TOPIC, brokerName=broker-a, queueId=0] is NO_NEW_MSG, pullResult=PullResult [pullStatus=NO_NEW_MSG, nextBeginOffset=0, minOffset=0, maxOffset=0, msgFoundList=0]
2026-06-10 16:30:37 WARN TransactionalMessageCheckService - No new message. GetMessageStatus=NO_MESSAGE_IN_QUEUE, topic=RMQ_SYS_TRANS_HALF_TOPIC, groupId=CID_RMQ_SYS_TRANS, requestOffset=0
2026-06-10 16:30:37 WARN TransactionalMessageCheckService - No new message. GetMessageStatus=NO_MESSAGE_IN_QUEUE, topic=RMQ_SYS_TRANS_HALF_TOPIC, groupId=CID_RMQ_SYS_TRANS, requestOffset=0
2026-06-10 16:30:37 WARN TransactionalMessageCheckService - No new message. GetMessageStatus=NO_MESSAGE_IN_QUEUE, topic=RMQ_SYS_TRANS_OP_HALF_TOPIC, groupId=CID_RMQ_SYS_TRANS, requestOffset=0
2026-06-10 16:30:37 INFO TransactionalMessageCheckService - After check, MessageQueue [topic=RMQ_SYS_TRANS_HALF_TOPIC, brokerName=broker-a, queueId=0] opOffset=0 opOffsetDiff=0 msgOffset=0 msgOffsetDiff=0 msgTime=Wed Jun 10 08:30:37 UTC 2026 msgTimeDelayInMs=0 putInQueueCount=0
2026-06-10 16:30:37 INFO TransactionalMessageCheckService - End to check prepare message, consumed time:0
2026-06-10 16:31:07 INFO TransactionalMessageCheckService - Begin to check prepare message, begin time:1781080267463
2026-06-10 16:31:07 INFO TransactionalMessageCheckService - Before check, the queue=MessageQueue [topic=RMQ_SYS_TRANS_HALF_TOPIC, brokerName=broker-a, queueId=0] msgOffset=0 opOffset=0
2026-06-10 16:31:07 WARN TransactionalMessageCheckService - No new message. GetMessageStatus=NO_MESSAGE_IN_QUEUE, topic=RMQ_SYS_TRANS_OP_HALF_TOPIC, groupId=CID_RMQ_SYS_TRANS, requestOffset=0
2026-06-10 16:31:07 WARN TransactionalMessageCheckService - The miss op offset=0 in queue=MessageQueue [topic=RMQ_SYS_TRANS_OP_HALF_TOPIC, brokerName=broker-a, queueId=0] is NO_NEW_MSG, pullResult=PullResult [pullStatus=NO_NEW_MSG, nextBeginOffset=0, minOffset=0, maxOffset=0, msgFoundList=0]
2026-06-10 16:31:07 WARN TransactionalMessageCheckService - No new message. GetMessageStatus=NO_MESSAGE_IN_QUEUE, topic=RMQ_SYS_TRANS_HALF_TOPIC, groupId=CID_RMQ_SYS_TRANS, requestOffset=0
2026-06-10 16:31:07 WARN TransactionalMessageCheckService - No new message. GetMessageStatus=NO_MESSAGE_IN_QUEUE, topic=RMQ_SYS_TRANS_HALF_TOPIC, groupId=CID_RMQ_SYS_TRANS, requestOffset=0
2026-06-10 16:31:07 WARN TransactionalMessageCheckService - No new message. GetMessageStatus=NO_MESSAGE_IN_QUEUE, topic=RMQ_SYS_TRANS_OP_HALF_TOPIC, groupId=CID_RMQ_SYS_TRANS, requestOffset=0
2026-06-10 16:31:07 INFO TransactionalMessageCheckService - After check, MessageQueue [topic=RMQ_SYS_TRANS_HALF_TOPIC, brokerName=broker-a, queueId=0] opOffset=0 opOffsetDiff=0 msgOffset=0 msgOffsetDiff=0 msgTime=Wed Jun 10 08:31:07 UTC 2026 msgTimeDelayInMs=0 putInQueueCount=0
2026-06-10 16:31:07 INFO TransactionalMessageCheckService - End to check prepare message, consumed time:1
2026-06-10 16:31:37 INFO TransactionalMessageCheckService - Begin to check prepare message, begin time:1781080297464
2026-06-10 16:31:37 INFO TransactionalMessageCheckService - Before check, the queue=MessageQueue [topic=RMQ_SYS_TRANS_HALF_TOPIC, brokerName=broker-a, queueId=0] msgOffset=0 opOffset=0
2026-06-10 16:31:37 WARN TransactionalMessageCheckService - No new message. GetMessageStatus=NO_MESSAGE_IN_QUEUE, topic=RMQ_SYS_TRANS_OP_HALF_TOPIC, groupId=CID_RMQ_SYS_TRANS, requestOffset=0
2026-06-10 16:31:37 WARN TransactionalMessageCheckService - The miss op offset=0 in queue=MessageQueue [topic=RMQ_SYS_TRANS_OP_HALF_TOPIC, brokerName=broker-a, queueId=0] is NO_NEW_MSG, pullResult=PullResult [pullStatus=NO_NEW_MSG, nextBeginOffset=0, minOffset=0, maxOffset=0, msgFoundList=0]
2026-06-10 16:31:37 WARN TransactionalMessageCheckService - No new message. GetMessageStatus=NO_MESSAGE_IN_QUEUE, topic=RMQ_SYS_TRANS_HALF_TOPIC, groupId=CID_RMQ_SYS_TRANS, requestOffset=0
2026-06-10 16:31:37 WARN TransactionalMessageCheckService - No new message. GetMessageStatus=NO_MESSAGE_IN_QUEUE, topic=RMQ_SYS_TRANS_HALF_TOPIC, groupId=CID_RMQ_SYS_TRANS, requestOffset=0
2026-06-10 16:31:37 WARN TransactionalMessageCheckService - No new message. GetMessageStatus=NO_MESSAGE_IN_QUEUE, topic=RMQ_SYS_TRANS_OP_HALF_TOPIC, groupId=CID_RMQ_SYS_TRANS, requestOffset=0
2026-06-10 16:31:37 INFO TransactionalMessageCheckService - After check, MessageQueue [topic=RMQ_SYS_TRANS_HALF_TOPIC, brokerName=broker-a, queueId=0] opOffset=0 opOffsetDiff=0 msgOffset=0 msgOffsetDiff=0 msgTime=Wed Jun 10 08:31:37 UTC 2026 msgTimeDelayInMs=0 putInQueueCount=0
2026-06-10 16:31:37 INFO TransactionalMessageCheckService - End to check prepare message, consumed time:0
2026-06-10 16:32:07 INFO TransactionalMessageCheckService - Begin to check prepare message, begin time:1781080327464
2026-06-10 16:32:07 INFO TransactionalMessageCheckService - Before check, the queue=MessageQueue [topic=RMQ_SYS_TRANS_HALF_TOPIC, brokerName=broker-a, queueId=0] msgOffset=0 opOffset=0
2026-06-10 16:32:07 WARN TransactionalMessageCheckService - No new message. GetMessageStatus=NO_MESSAGE_IN_QUEUE, topic=RMQ_SYS_TRANS_OP_HALF_TOPIC, groupId=CID_RMQ_SYS_TRANS, requestOffset=0
2026-06-10 16:32:07 WARN TransactionalMessageCheckService - The miss op offset=0 in queue=MessageQueue [topic=RMQ_SYS_TRANS_OP_HALF_TOPIC, brokerName=broker-a, queueId=0] is NO_NEW_MSG, pullResult=PullResult [pullStatus=NO_NEW_MSG, nextBeginOffset=0, minOffset=0, maxOffset=0, msgFoundList=0]
2026-06-10 16:32:07 WARN TransactionalMessageCheckService - No new message. GetMessageStatus=NO_MESSAGE_IN_QUEUE, topic=RMQ_SYS_TRANS_HALF_TOPIC, groupId=CID_RMQ_SYS_TRANS, requestOffset=0
2026-06-10 16:32:07 WARN TransactionalMessageCheckService - No new message. GetMessageStatus=NO_MESSAGE_IN_QUEUE, topic=RMQ_SYS_TRANS_HALF_TOPIC, groupId=CID_RMQ_SYS_TRANS, requestOffset=0
2026-06-10 16:32:07 WARN TransactionalMessageCheckService - No new message. GetMessageStatus=NO_MESSAGE_IN_QUEUE, topic=RMQ_SYS_TRANS_OP_HALF_TOPIC, groupId=CID_RMQ_SYS_TRANS, requestOffset=0
2026-06-10 16:32:07 INFO TransactionalMessageCheckService - After check, MessageQueue [topic=RMQ_SYS_TRANS_HALF_TOPIC, brokerName=broker-a, queueId=0] opOffset=0 opOffsetDiff=0 msgOffset=0 msgOffsetDiff=0 msgTime=Wed Jun 10 08:32:07 UTC 2026 msgTimeDelayInMs=0 putInQueueCount=0
2026-06-10 16:32:07 INFO TransactionalMessageCheckService - End to check prepare message, consumed time:0
2026-06-10 16:32:37 INFO TransactionalMessageCheckService - Begin to check prepare message, begin time:1781080357464
2026-06-10 16:32:37 INFO TransactionalMessageCheckService - Before check, the queue=MessageQueue [topic=RMQ_SYS_TRANS_HALF_TOPIC, brokerName=broker-a, queueId=0] msgOffset=0 opOffset=0
2026-06-10 16:32:37 WARN TransactionalMessageCheckService - No new message. GetMessageStatus=NO_MESSAGE_IN_QUEUE, topic=RMQ_SYS_TRANS_OP_HALF_TOPIC, groupId=CID_RMQ_SYS_TRANS, requestOffset=0
2026-06-10 16:32:37 WARN TransactionalMessageCheckService - The miss op offset=0 in queue=MessageQueue [topic=RMQ_SYS_TRANS_OP_HALF_TOPIC, brokerName=broker-a, queueId=0] is NO_NEW_MSG, pullResult=PullResult [pullStatus=NO_NEW_MSG, nextBeginOffset=0, minOffset=0, maxOffset=0, msgFoundList=0]
2026-06-10 16:32:37 WARN TransactionalMessageCheckService - No new message. GetMessageStatus=NO_MESSAGE_IN_QUEUE, topic=RMQ_SYS_TRANS_HALF_TOPIC, groupId=CID_RMQ_SYS_TRANS, requestOffset=0
2026-06-10 16:32:37 WARN TransactionalMessageCheckService - No new message. GetMessageStatus=NO_MESSAGE_IN_QUEUE, topic=RMQ_SYS_TRANS_HALF_TOPIC, groupId=CID_RMQ_SYS_TRANS, requestOffset=0
2026-06-10 16:32:37 WARN TransactionalMessageCheckService - No new message. GetMessageStatus=NO_MESSAGE_IN_QUEUE, topic=RMQ_SYS_TRANS_OP_HALF_TOPIC, groupId=CID_RMQ_SYS_TRANS, requestOffset=0
2026-06-10 16:32:37 INFO TransactionalMessageCheckService - After check, MessageQueue [topic=RMQ_SYS_TRANS_HALF_TOPIC, brokerName=broker-a, queueId=0] opOffset=0 opOffsetDiff=0 msgOffset=0 msgOffsetDiff=0 msgTime=Wed Jun 10 08:32:37 UTC 2026 msgTimeDelayInMs=0 putInQueueCount=0
2026-06-10 16:32:37 INFO TransactionalMessageCheckService - End to check prepare message, consumed time:0
2026-06-10 16:33:07 INFO TransactionalMessageCheckService - Begin to check prepare message, begin time:1781080387464
2026-06-10 16:33:07 INFO TransactionalMessageCheckService - Before check, the queue=MessageQueue [topic=RMQ_SYS_TRANS_HALF_TOPIC, brokerName=broker-a, queueId=0] msgOffset=0 opOffset=0
2026-06-10 16:33:07 WARN TransactionalMessageCheckService - No new message. GetMessageStatus=NO_MESSAGE_IN_QUEUE, topic=RMQ_SYS_TRANS_OP_HALF_TOPIC, groupId=CID_RMQ_SYS_TRANS, requestOffset=0
2026-06-10 16:33:07 WARN TransactionalMessageCheckService - The miss op offset=0 in queue=MessageQueue [topic=RMQ_SYS_TRANS_OP_HALF_TOPIC, brokerName=broker-a, queueId=0] is NO_NEW_MSG, pullResult=PullResult [pullStatus=NO_NEW_MSG, nextBeginOffset=0, minOffset=0, maxOffset=0, msgFoundList=0]
2026-06-10 16:33:07 WARN TransactionalMessageCheckService - No new message. GetMessageStatus=NO_MESSAGE_IN_QUEUE, topic=RMQ_SYS_TRANS_HALF_TOPIC, groupId=CID_RMQ_SYS_TRANS, requestOffset=0
2026-06-10 16:33:07 WARN TransactionalMessageCheckService - No new message. GetMessageStatus=NO_MESSAGE_IN_QUEUE, topic=RMQ_SYS_TRANS_HALF_TOPIC, groupId=CID_RMQ_SYS_TRANS, requestOffset=0
2026-06-10 16:33:07 WARN TransactionalMessageCheckService - No new message. GetMessageStatus=NO_MESSAGE_IN_QUEUE, topic=RMQ_SYS_TRANS_OP_HALF_TOPIC, groupId=CID_RMQ_SYS_TRANS, requestOffset=0
2026-06-10 16:33:07 INFO TransactionalMessageCheckService - After check, MessageQueue [topic=RMQ_SYS_TRANS_HALF_TOPIC, brokerName=broker-a, queueId=0] opOffset=0 opOffsetDiff=0 msgOffset=0 msgOffsetDiff=0 msgTime=Wed Jun 10 08:33:07 UTC 2026 msgTimeDelayInMs=0 putInQueueCount=0
2026-06-10 16:33:07 INFO TransactionalMessageCheckService - End to check prepare message, consumed time:1
2026-06-10 16:33:37 INFO TransactionalMessageCheckService - Begin to check prepare message, begin time:1781080417465
2026-06-10 16:33:37 INFO TransactionalMessageCheckService - Before check, the queue=MessageQueue [topic=RMQ_SYS_TRANS_HALF_TOPIC, brokerName=broker-a, queueId=0] msgOffset=0 opOffset=0
2026-06-10 16:33:37 WARN TransactionalMessageCheckService - No new message. GetMessageStatus=NO_MESSAGE_IN_QUEUE, topic=RMQ_SYS_TRANS_OP_HALF_TOPIC, groupId=CID_RMQ_SYS_TRANS, requestOffset=0
2026-06-10 16:33:37 WARN TransactionalMessageCheckService - The miss op offset=0 in queue=MessageQueue [topic=RMQ_SYS_TRANS_OP_HALF_TOPIC, brokerName=broker-a, queueId=0] is NO_NEW_MSG, pullResult=PullResult [pullStatus=NO_NEW_MSG, nextBeginOffset=0, minOffset=0, maxOffset=0, msgFoundList=0]
2026-06-10 16:33:37 WARN TransactionalMessageCheckService - No new message. GetMessageStatus=NO_MESSAGE_IN_QUEUE, topic=RMQ_SYS_TRANS_HALF_TOPIC, groupId=CID_RMQ_SYS_TRANS, requestOffset=0
2026-06-10 16:33:37 WARN TransactionalMessageCheckService - No new message. GetMessageStatus=NO_MESSAGE_IN_QUEUE, topic=RMQ_SYS_TRANS_HALF_TOPIC, groupId=CID_RMQ_SYS_TRANS, requestOffset=0
2026-06-10 16:33:37 WARN TransactionalMessageCheckService - No new message. GetMessageStatus=NO_MESSAGE_IN_QUEUE, topic=RMQ_SYS_TRANS_OP_HALF_TOPIC, groupId=CID_RMQ_SYS_TRANS, requestOffset=0
2026-06-10 16:33:37 INFO TransactionalMessageCheckService - After check, MessageQueue [topic=RMQ_SYS_TRANS_HALF_TOPIC, brokerName=broker-a, queueId=0] opOffset=0 opOffsetDiff=0 msgOffset=0 msgOffsetDiff=0 msgTime=Wed Jun 10 08:33:37 UTC 2026 msgTimeDelayInMs=0 putInQueueCount=0
2026-06-10 16:33:37 INFO TransactionalMessageCheckService - End to check prepare message, consumed time:0
2026-06-10 16:34:07 INFO TransactionalMessageCheckService - Begin to check prepare message, begin time:1781080447465
2026-06-10 16:34:07 INFO TransactionalMessageCheckService - Before check, the queue=MessageQueue [topic=RMQ_SYS_TRANS_HALF_TOPIC, brokerName=broker-a, queueId=0] msgOffset=0 opOffset=0
2026-06-10 16:34:07 WARN TransactionalMessageCheckService - No new message. GetMessageStatus=NO_MESSAGE_IN_QUEUE, topic=RMQ_SYS_TRANS_OP_HALF_TOPIC, groupId=CID_RMQ_SYS_TRANS, requestOffset=0
2026-06-10 16:34:07 WARN TransactionalMessageCheckService - The miss op offset=0 in queue=MessageQueue [topic=RMQ_SYS_TRANS_OP_HALF_TOPIC, brokerName=broker-a, queueId=0] is NO_NEW_MSG, pullResult=PullResult [pullStatus=NO_NEW_MSG, nextBeginOffset=0, minOffset=0, maxOffset=0, msgFoundList=0]
2026-06-10 16:34:07 WARN TransactionalMessageCheckService - No new message. GetMessageStatus=NO_MESSAGE_IN_QUEUE, topic=RMQ_SYS_TRANS_HALF_TOPIC, groupId=CID_RMQ_SYS_TRANS, requestOffset=0
2026-06-10 16:34:07 WARN TransactionalMessageCheckService - No new message. GetMessageStatus=NO_MESSAGE_IN_QUEUE, topic=RMQ_SYS_TRANS_HALF_TOPIC, groupId=CID_RMQ_SYS_TRANS, requestOffset=0
2026-06-10 16:34:07 WARN TransactionalMessageCheckService - No new message. GetMessageStatus=NO_MESSAGE_IN_QUEUE, topic=RMQ_SYS_TRANS_OP_HALF_TOPIC, groupId=CID_RMQ_SYS_TRANS, requestOffset=0
2026-06-10 16:34:07 INFO TransactionalMessageCheckService - After check, MessageQueue [topic=RMQ_SYS_TRANS_HALF_TOPIC, brokerName=broker-a, queueId=0] opOffset=0 opOffsetDiff=0 msgOffset=0 msgOffsetDiff=0 msgTime=Wed Jun 10 08:34:07 UTC 2026 msgTimeDelayInMs=0 putInQueueCount=0
2026-06-10 16:34:07 INFO TransactionalMessageCheckService - End to check prepare message, consumed time:0
2026-06-10 16:34:37 INFO TransactionalMessageCheckService - Begin to check prepare message, begin time:1781080477465
2026-06-10 16:34:37 INFO TransactionalMessageCheckService - Before check, the queue=MessageQueue [topic=RMQ_SYS_TRANS_HALF_TOPIC, brokerName=broker-a, queueId=0] msgOffset=0 opOffset=0
2026-06-10 16:34:37 WARN TransactionalMessageCheckService - No new message. GetMessageStatus=NO_MESSAGE_IN_QUEUE, topic=RMQ_SYS_TRANS_OP_HALF_TOPIC, groupId=CID_RMQ_SYS_TRANS, requestOffset=0
2026-06-10 16:34:37 WARN TransactionalMessageCheckService - The miss op offset=0 in queue=MessageQueue [topic=RMQ_SYS_TRANS_OP_HALF_TOPIC, brokerName=broker-a, queueId=0] is NO_NEW_MSG, pullResult=PullResult [pullStatus=NO_NEW_MSG, nextBeginOffset=0, minOffset=0, maxOffset=0, msgFoundList=0]
2026-06-10 16:34:37 WARN TransactionalMessageCheckService - No new message. GetMessageStatus=NO_MESSAGE_IN_QUEUE, topic=RMQ_SYS_TRANS_HALF_TOPIC, groupId=CID_RMQ_SYS_TRANS, requestOffset=0
2026-06-10 16:34:37 WARN TransactionalMessageCheckService - No new message. GetMessageStatus=NO_MESSAGE_IN_QUEUE, topic=RMQ_SYS_TRANS_HALF_TOPIC, groupId=CID_RMQ_SYS_TRANS, requestOffset=0
2026-06-10 16:34:37 WARN TransactionalMessageCheckService - No new message. GetMessageStatus=NO_MESSAGE_IN_QUEUE, topic=RMQ_SYS_TRANS_OP_HALF_TOPIC, groupId=CID_RMQ_SYS_TRANS, requestOffset=0
2026-06-10 16:34:37 INFO TransactionalMessageCheckService - After check, MessageQueue [topic=RMQ_SYS_TRANS_HALF_TOPIC, brokerName=broker-a, queueId=0] opOffset=0 opOffsetDiff=0 msgOffset=0 msgOffsetDiff=0 msgTime=Wed Jun 10 08:34:37 UTC 2026 msgTimeDelayInMs=0 putInQueueCount=0
2026-06-10 16:34:37 INFO TransactionalMessageCheckService - End to check prepare message, consumed time:0
2026-06-10 16:35:07 INFO TransactionalMessageCheckService - Begin to check prepare message, begin time:1781080507465
2026-06-10 16:35:07 INFO TransactionalMessageCheckService - Before check, the queue=MessageQueue [topic=RMQ_SYS_TRANS_HALF_TOPIC, brokerName=broker-a, queueId=0] msgOffset=0 opOffset=0
2026-06-10 16:35:07 WARN TransactionalMessageCheckService - No new message. GetMessageStatus=NO_MESSAGE_IN_QUEUE, topic=RMQ_SYS_TRANS_OP_HALF_TOPIC, groupId=CID_RMQ_SYS_TRANS, requestOffset=0
2026-06-10 16:35:07 WARN TransactionalMessageCheckService - The miss op offset=0 in queue=MessageQueue [topic=RMQ_SYS_TRANS_OP_HALF_TOPIC, brokerName=broker-a, queueId=0] is NO_NEW_MSG, pullResult=PullResult [pullStatus=NO_NEW_MSG, nextBeginOffset=0, minOffset=0, maxOffset=0, msgFoundList=0]
2026-06-10 16:35:07 WARN TransactionalMessageCheckService - No new message. GetMessageStatus=NO_MESSAGE_IN_QUEUE, topic=RMQ_SYS_TRANS_HALF_TOPIC, groupId=CID_RMQ_SYS_TRANS, requestOffset=0
2026-06-10 16:35:07 WARN TransactionalMessageCheckService - No new message. GetMessageStatus=NO_MESSAGE_IN_QUEUE, topic=RMQ_SYS_TRANS_HALF_TOPIC, groupId=CID_RMQ_SYS_TRANS, requestOffset=0
2026-06-10 16:35:07 WARN TransactionalMessageCheckService - No new message. GetMessageStatus=NO_MESSAGE_IN_QUEUE, topic=RMQ_SYS_TRANS_OP_HALF_TOPIC, groupId=CID_RMQ_SYS_TRANS, requestOffset=0
2026-06-10 16:35:07 INFO TransactionalMessageCheckService - After check, MessageQueue [topic=RMQ_SYS_TRANS_HALF_TOPIC, brokerName=broker-a, queueId=0] opOffset=0 opOffsetDiff=0 msgOffset=0 msgOffsetDiff=0 msgTime=Wed Jun 10 08:35:07 UTC 2026 msgTimeDelayInMs=0 putInQueueCount=0
2026-06-10 16:35:07 INFO TransactionalMessageCheckService - End to check prepare message, consumed time:1
2026-06-10 16:35:37 INFO TransactionalMessageCheckService - Begin to check prepare message, begin time:1781080537466
2026-06-10 16:35:37 INFO TransactionalMessageCheckService - Before check, the queue=MessageQueue [topic=RMQ_SYS_TRANS_HALF_TOPIC, brokerName=broker-a, queueId=0] msgOffset=0 opOffset=0
2026-06-10 16:35:37 WARN TransactionalMessageCheckService - No new message. GetMessageStatus=NO_MESSAGE_IN_QUEUE, topic=RMQ_SYS_TRANS_OP_HALF_TOPIC, groupId=CID_RMQ_SYS_TRANS, requestOffset=0
2026-06-10 16:35:37 WARN TransactionalMessageCheckService - The miss op offset=0 in queue=MessageQueue [topic=RMQ_SYS_TRANS_OP_HALF_TOPIC, brokerName=broker-a, queueId=0] is NO_NEW_MSG, pullResult=PullResult [pullStatus=NO_NEW_MSG, nextBeginOffset=0, minOffset=0, maxOffset=0, msgFoundList=0]
2026-06-10 16:35:37 WARN TransactionalMessageCheckService - No new message. GetMessageStatus=NO_MESSAGE_IN_QUEUE, topic=RMQ_SYS_TRANS_HALF_TOPIC, groupId=CID_RMQ_SYS_TRANS, requestOffset=0
2026-06-10 16:35:37 WARN TransactionalMessageCheckService - No new message. GetMessageStatus=NO_MESSAGE_IN_QUEUE, topic=RMQ_SYS_TRANS_HALF_TOPIC, groupId=CID_RMQ_SYS_TRANS, requestOffset=0
2026-06-10 16:35:37 WARN TransactionalMessageCheckService - No new message. GetMessageStatus=NO_MESSAGE_IN_QUEUE, topic=RMQ_SYS_TRANS_OP_HALF_TOPIC, groupId=CID_RMQ_SYS_TRANS, requestOffset=0
2026-06-10 16:35:37 INFO TransactionalMessageCheckService - After check, MessageQueue [topic=RMQ_SYS_TRANS_HALF_TOPIC, brokerName=broker-a, queueId=0] opOffset=0 opOffsetDiff=0 msgOffset=0 msgOffsetDiff=0 msgTime=Wed Jun 10 08:35:37 UTC 2026 msgTimeDelayInMs=0 putInQueueCount=0
2026-06-10 16:35:37 INFO TransactionalMessageCheckService - End to check prepare message, consumed time:0
2026-06-10 16:36:07 INFO TransactionalMessageCheckService - Begin to check prepare message, begin time:1781080567466
2026-06-10 16:36:07 INFO TransactionalMessageCheckService - Before check, the queue=MessageQueue [topic=RMQ_SYS_TRANS_HALF_TOPIC, brokerName=broker-a, queueId=0] msgOffset=0 opOffset=0
2026-06-10 16:36:07 WARN TransactionalMessageCheckService - No new message. GetMessageStatus=NO_MESSAGE_IN_QUEUE, topic=RMQ_SYS_TRANS_OP_HALF_TOPIC, groupId=CID_RMQ_SYS_TRANS, requestOffset=0
2026-06-10 16:36:07 WARN TransactionalMessageCheckService - The miss op offset=0 in queue=MessageQueue [topic=RMQ_SYS_TRANS_OP_HALF_TOPIC, brokerName=broker-a, queueId=0] is NO_NEW_MSG, pullResult=PullResult [pullStatus=NO_NEW_MSG, nextBeginOffset=0, minOffset=0, maxOffset=0, msgFoundList=0]
2026-06-10 16:36:07 WARN TransactionalMessageCheckService - No new message. GetMessageStatus=NO_MESSAGE_IN_QUEUE, topic=RMQ_SYS_TRANS_HALF_TOPIC, groupId=CID_RMQ_SYS_TRANS, requestOffset=0
2026-06-10 16:36:07 WARN TransactionalMessageCheckService - No new message. GetMessageStatus=NO_MESSAGE_IN_QUEUE, topic=RMQ_SYS_TRANS_HALF_TOPIC, groupId=CID_RMQ_SYS_TRANS, requestOffset=0
2026-06-10 16:36:07 WARN TransactionalMessageCheckService - No new message. GetMessageStatus=NO_MESSAGE_IN_QUEUE, topic=RMQ_SYS_TRANS_OP_HALF_TOPIC, groupId=CID_RMQ_SYS_TRANS, requestOffset=0
2026-06-10 16:36:07 INFO TransactionalMessageCheckService - After check, MessageQueue [topic=RMQ_SYS_TRANS_HALF_TOPIC, brokerName=broker-a, queueId=0] opOffset=0 opOffsetDiff=0 msgOffset=0 msgOffsetDiff=0 msgTime=Wed Jun 10 08:36:07 UTC 2026 msgTimeDelayInMs=0 putInQueueCount=0
2026-06-10 16:36:07 INFO TransactionalMessageCheckService - End to check prepare message, consumed time:0
2026-06-10 16:36:37 INFO TransactionalMessageCheckService - Begin to check prepare message, begin time:1781080597466
2026-06-10 16:36:37 INFO TransactionalMessageCheckService - Before check, the queue=MessageQueue [topic=RMQ_SYS_TRANS_HALF_TOPIC, brokerName=broker-a, queueId=0] msgOffset=0 opOffset=0
2026-06-10 16:36:37 WARN TransactionalMessageCheckService - No new message. GetMessageStatus=NO_MESSAGE_IN_QUEUE, topic=RMQ_SYS_TRANS_OP_HALF_TOPIC, groupId=CID_RMQ_SYS_TRANS, requestOffset=0
2026-06-10 16:36:37 WARN TransactionalMessageCheckService - The miss op offset=0 in queue=MessageQueue [topic=RMQ_SYS_TRANS_OP_HALF_TOPIC, brokerName=broker-a, queueId=0] is NO_NEW_MSG, pullResult=PullResult [pullStatus=NO_NEW_MSG, nextBeginOffset=0, minOffset=0, maxOffset=0, msgFoundList=0]
2026-06-10 16:36:37 WARN TransactionalMessageCheckService - No new message. GetMessageStatus=NO_MESSAGE_IN_QUEUE, topic=RMQ_SYS_TRANS_HALF_TOPIC, groupId=CID_RMQ_SYS_TRANS, requestOffset=0
2026-06-10 16:36:37 WARN TransactionalMessageCheckService - No new message. GetMessageStatus=NO_MESSAGE_IN_QUEUE, topic=RMQ_SYS_TRANS_HALF_TOPIC, groupId=CID_RMQ_SYS_TRANS, requestOffset=0
2026-06-10 16:36:37 WARN TransactionalMessageCheckService - No new message. GetMessageStatus=NO_MESSAGE_IN_QUEUE, topic=RMQ_SYS_TRANS_OP_HALF_TOPIC, groupId=CID_RMQ_SYS_TRANS, requestOffset=0
2026-06-10 16:36:37 INFO TransactionalMessageCheckService - After check, MessageQueue [topic=RMQ_SYS_TRANS_HALF_TOPIC, brokerName=broker-a, queueId=0] opOffset=0 opOffsetDiff=0 msgOffset=0 msgOffsetDiff=0 msgTime=Wed Jun 10 08:36:37 UTC 2026 msgTimeDelayInMs=0 putInQueueCount=0
2026-06-10 16:36:37 INFO TransactionalMessageCheckService - End to check prepare message, consumed time:0
2026-06-10 16:37:07 INFO TransactionalMessageCheckService - Begin to check prepare message, begin time:1781080627467
2026-06-10 16:37:07 INFO TransactionalMessageCheckService - Before check, the queue=MessageQueue [topic=RMQ_SYS_TRANS_HALF_TOPIC, brokerName=broker-a, queueId=0] msgOffset=0 opOffset=0
2026-06-10 16:37:07 WARN TransactionalMessageCheckService - No new message. GetMessageStatus=NO_MESSAGE_IN_QUEUE, topic=RMQ_SYS_TRANS_OP_HALF_TOPIC, groupId=CID_RMQ_SYS_TRANS, requestOffset=0
2026-06-10 16:37:07 WARN TransactionalMessageCheckService - The miss op offset=0 in queue=MessageQueue [topic=RMQ_SYS_TRANS_OP_HALF_TOPIC, brokerName=broker-a, queueId=0] is NO_NEW_MSG, pullResult=PullResult [pullStatus=NO_NEW_MSG, nextBeginOffset=0, minOffset=0, maxOffset=0, msgFoundList=0]
2026-06-10 16:37:07 WARN TransactionalMessageCheckService - No new message. GetMessageStatus=NO_MESSAGE_IN_QUEUE, topic=RMQ_SYS_TRANS_HALF_TOPIC, groupId=CID_RMQ_SYS_TRANS, requestOffset=0
2026-06-10 16:37:07 WARN TransactionalMessageCheckService - No new message. GetMessageStatus=NO_MESSAGE_IN_QUEUE, topic=RMQ_SYS_TRANS_HALF_TOPIC, groupId=CID_RMQ_SYS_TRANS, requestOffset=0
2026-06-10 16:37:07 WARN TransactionalMessageCheckService - No new message. GetMessageStatus=NO_MESSAGE_IN_QUEUE, topic=RMQ_SYS_TRANS_OP_HALF_TOPIC, groupId=CID_RMQ_SYS_TRANS, requestOffset=0
2026-06-10 16:37:07 INFO TransactionalMessageCheckService - After check, MessageQueue [topic=RMQ_SYS_TRANS_HALF_TOPIC, brokerName=broker-a, queueId=0] opOffset=0 opOffsetDiff=0 msgOffset=0 msgOffsetDiff=0 msgTime=Wed Jun 10 08:37:07 UTC 2026 msgTimeDelayInMs=0 putInQueueCount=0
2026-06-10 16:37:07 INFO TransactionalMessageCheckService - End to check prepare message, consumed time:0
2026-06-10 16:37:37 INFO TransactionalMessageCheckService - Begin to check prepare message, begin time:1781080657467
2026-06-10 16:37:37 INFO TransactionalMessageCheckService - Before check, the queue=MessageQueue [topic=RMQ_SYS_TRANS_HALF_TOPIC, brokerName=broker-a, queueId=0] msgOffset=0 opOffset=0
2026-06-10 16:37:37 WARN TransactionalMessageCheckService - No new message. GetMessageStatus=NO_MESSAGE_IN_QUEUE, topic=RMQ_SYS_TRANS_OP_HALF_TOPIC, groupId=CID_RMQ_SYS_TRANS, requestOffset=0
2026-06-10 16:37:37 WARN TransactionalMessageCheckService - The miss op offset=0 in queue=MessageQueue [topic=RMQ_SYS_TRANS_OP_HALF_TOPIC, brokerName=broker-a, queueId=0] is NO_NEW_MSG, pullResult=PullResult [pullStatus=NO_NEW_MSG, nextBeginOffset=0, minOffset=0, maxOffset=0, msgFoundList=0]
2026-06-10 16:37:37 WARN TransactionalMessageCheckService - No new message. GetMessageStatus=NO_MESSAGE_IN_QUEUE, topic=RMQ_SYS_TRANS_HALF_TOPIC, groupId=CID_RMQ_SYS_TRANS, requestOffset=0
2026-06-10 16:37:37 WARN TransactionalMessageCheckService - No new message. GetMessageStatus=NO_MESSAGE_IN_QUEUE, topic=RMQ_SYS_TRANS_HALF_TOPIC, groupId=CID_RMQ_SYS_TRANS, requestOffset=0
2026-06-10 16:37:37 WARN TransactionalMessageCheckService - No new message. GetMessageStatus=NO_MESSAGE_IN_QUEUE, topic=RMQ_SYS_TRANS_OP_HALF_TOPIC, groupId=CID_RMQ_SYS_TRANS, requestOffset=0
2026-06-10 16:37:37 INFO TransactionalMessageCheckService - After check, MessageQueue [topic=RMQ_SYS_TRANS_HALF_TOPIC, brokerName=broker-a, queueId=0] opOffset=0 opOffsetDiff=0 msgOffset=0 msgOffsetDiff=0 msgTime=Wed Jun 10 08:37:37 UTC 2026 msgTimeDelayInMs=0 putInQueueCount=0
2026-06-10 16:37:37 INFO TransactionalMessageCheckService - End to check prepare message, consumed time:0
2026-06-10 16:38:07 INFO TransactionalMessageCheckService - Begin to check prepare message, begin time:1781080687467
2026-06-10 16:38:07 INFO TransactionalMessageCheckService - Before check, the queue=MessageQueue [topic=RMQ_SYS_TRANS_HALF_TOPIC, brokerName=broker-a, queueId=0] msgOffset=0 opOffset=0
2026-06-10 16:38:07 WARN TransactionalMessageCheckService - No new message. GetMessageStatus=NO_MESSAGE_IN_QUEUE, topic=RMQ_SYS_TRANS_OP_HALF_TOPIC, groupId=CID_RMQ_SYS_TRANS, requestOffset=0
2026-06-10 16:38:07 WARN TransactionalMessageCheckService - The miss op offset=0 in queue=MessageQueue [topic=RMQ_SYS_TRANS_OP_HALF_TOPIC, brokerName=broker-a, queueId=0] is NO_NEW_MSG, pullResult=PullResult [pullStatus=NO_NEW_MSG, nextBeginOffset=0, minOffset=0, maxOffset=0, msgFoundList=0]
2026-06-10 16:38:07 WARN TransactionalMessageCheckService - No new message. GetMessageStatus=NO_MESSAGE_IN_QUEUE, topic=RMQ_SYS_TRANS_HALF_TOPIC, groupId=CID_RMQ_SYS_TRANS, requestOffset=0
2026-06-10 16:38:07 WARN TransactionalMessageCheckService - No new message. GetMessageStatus=NO_MESSAGE_IN_QUEUE, topic=RMQ_SYS_TRANS_HALF_TOPIC, groupId=CID_RMQ_SYS_TRANS, requestOffset=0
2026-06-10 16:38:07 WARN TransactionalMessageCheckService - No new message. GetMessageStatus=NO_MESSAGE_IN_QUEUE, topic=RMQ_SYS_TRANS_OP_HALF_TOPIC, groupId=CID_RMQ_SYS_TRANS, requestOffset=0
2026-06-10 16:38:07 INFO TransactionalMessageCheckService - After check, MessageQueue [topic=RMQ_SYS_TRANS_HALF_TOPIC, brokerName=broker-a, queueId=0] opOffset=0 opOffsetDiff=0 msgOffset=0 msgOffsetDiff=0 msgTime=Wed Jun 10 08:38:07 UTC 2026 msgTimeDelayInMs=0 putInQueueCount=0
2026-06-10 16:38:07 INFO TransactionalMessageCheckService - End to check prepare message, consumed time:1
2026-06-10 16:38:37 INFO TransactionalMessageCheckService - Begin to check prepare message, begin time:1781080717468
2026-06-10 16:38:37 INFO TransactionalMessageCheckService - Before check, the queue=MessageQueue [topic=RMQ_SYS_TRANS_HALF_TOPIC, brokerName=broker-a, queueId=0] msgOffset=0 opOffset=0
2026-06-10 16:38:37 WARN TransactionalMessageCheckService - No new message. GetMessageStatus=NO_MESSAGE_IN_QUEUE, topic=RMQ_SYS_TRANS_OP_HALF_TOPIC, groupId=CID_RMQ_SYS_TRANS, requestOffset=0
2026-06-10 16:38:37 WARN TransactionalMessageCheckService - The miss op offset=0 in queue=MessageQueue [topic=RMQ_SYS_TRANS_OP_HALF_TOPIC, brokerName=broker-a, queueId=0] is NO_NEW_MSG, pullResult=PullResult [pullStatus=NO_NEW_MSG, nextBeginOffset=0, minOffset=0, maxOffset=0, msgFoundList=0]
2026-06-10 16:38:37 WARN TransactionalMessageCheckService - No new message. GetMessageStatus=NO_MESSAGE_IN_QUEUE, topic=RMQ_SYS_TRANS_HALF_TOPIC, groupId=CID_RMQ_SYS_TRANS, requestOffset=0
2026-06-10 16:38:37 WARN TransactionalMessageCheckService - No new message. GetMessageStatus=NO_MESSAGE_IN_QUEUE, topic=RMQ_SYS_TRANS_HALF_TOPIC, groupId=CID_RMQ_SYS_TRANS, requestOffset=0
2026-06-10 16:38:37 WARN TransactionalMessageCheckService - No new message. GetMessageStatus=NO_MESSAGE_IN_QUEUE, topic=RMQ_SYS_TRANS_OP_HALF_TOPIC, groupId=CID_RMQ_SYS_TRANS, requestOffset=0
2026-06-10 16:38:37 INFO TransactionalMessageCheckService - After check, MessageQueue [topic=RMQ_SYS_TRANS_HALF_TOPIC, brokerName=broker-a, queueId=0] opOffset=0 opOffsetDiff=0 msgOffset=0 msgOffsetDiff=0 msgTime=Wed Jun 10 08:38:37 UTC 2026 msgTimeDelayInMs=0 putInQueueCount=0
2026-06-10 16:38:37 INFO TransactionalMessageCheckService - End to check prepare message, consumed time:0
2026-06-10 16:39:07 INFO TransactionalMessageCheckService - Begin to check prepare message, begin time:1781080747468
2026-06-10 16:39:07 INFO TransactionalMessageCheckService - Before check, the queue=MessageQueue [topic=RMQ_SYS_TRANS_HALF_TOPIC, brokerName=broker-a, queueId=0] msgOffset=0 opOffset=0
2026-06-10 16:39:07 WARN TransactionalMessageCheckService - No new message. GetMessageStatus=NO_MESSAGE_IN_QUEUE, topic=RMQ_SYS_TRANS_OP_HALF_TOPIC, groupId=CID_RMQ_SYS_TRANS, requestOffset=0
2026-06-10 16:39:07 WARN TransactionalMessageCheckService - The miss op offset=0 in queue=MessageQueue [topic=RMQ_SYS_TRANS_OP_HALF_TOPIC, brokerName=broker-a, queueId=0] is NO_NEW_MSG, pullResult=PullResult [pullStatus=NO_NEW_MSG, nextBeginOffset=0, minOffset=0, maxOffset=0, msgFoundList=0]
2026-06-10 16:39:07 WARN TransactionalMessageCheckService - No new message. GetMessageStatus=NO_MESSAGE_IN_QUEUE, topic=RMQ_SYS_TRANS_HALF_TOPIC, groupId=CID_RMQ_SYS_TRANS, requestOffset=0
2026-06-10 16:39:07 WARN TransactionalMessageCheckService - No new message. GetMessageStatus=NO_MESSAGE_IN_QUEUE, topic=RMQ_SYS_TRANS_HALF_TOPIC, groupId=CID_RMQ_SYS_TRANS, requestOffset=0
2026-06-10 16:39:07 WARN TransactionalMessageCheckService - No new message. GetMessageStatus=NO_MESSAGE_IN_QUEUE, topic=RMQ_SYS_TRANS_OP_HALF_TOPIC, groupId=CID_RMQ_SYS_TRANS, requestOffset=0
2026-06-10 16:39:07 INFO TransactionalMessageCheckService - After check, MessageQueue [topic=RMQ_SYS_TRANS_HALF_TOPIC, brokerName=broker-a, queueId=0] opOffset=0 opOffsetDiff=0 msgOffset=0 msgOffsetDiff=0 msgTime=Wed Jun 10 08:39:07 UTC 2026 msgTimeDelayInMs=0 putInQueueCount=0
2026-06-10 16:39:07 INFO TransactionalMessageCheckService - End to check prepare message, consumed time:0
2026-06-10 16:39:37 INFO TransactionalMessageCheckService - Begin to check prepare message, begin time:1781080777468
2026-06-10 16:39:37 INFO TransactionalMessageCheckService - Before check, the queue=MessageQueue [topic=RMQ_SYS_TRANS_HALF_TOPIC, brokerName=broker-a, queueId=0] msgOffset=0 opOffset=0
2026-06-10 16:39:37 WARN TransactionalMessageCheckService - No new message. GetMessageStatus=NO_MESSAGE_IN_QUEUE, topic=RMQ_SYS_TRANS_OP_HALF_TOPIC, groupId=CID_RMQ_SYS_TRANS, requestOffset=0
2026-06-10 16:39:37 WARN TransactionalMessageCheckService - The miss op offset=0 in queue=MessageQueue [topic=RMQ_SYS_TRANS_OP_HALF_TOPIC, brokerName=broker-a, queueId=0] is NO_NEW_MSG, pullResult=PullResult [pullStatus=NO_NEW_MSG, nextBeginOffset=0, minOffset=0, maxOffset=0, msgFoundList=0]
2026-06-10 16:39:37 WARN TransactionalMessageCheckService - No new message. GetMessageStatus=NO_MESSAGE_IN_QUEUE, topic=RMQ_SYS_TRANS_HALF_TOPIC, groupId=CID_RMQ_SYS_TRANS, requestOffset=0
2026-06-10 16:39:37 WARN TransactionalMessageCheckService - No new message. GetMessageStatus=NO_MESSAGE_IN_QUEUE, topic=RMQ_SYS_TRANS_HALF_TOPIC, groupId=CID_RMQ_SYS_TRANS, requestOffset=0
2026-06-10 16:39:37 WARN TransactionalMessageCheckService - No new message. GetMessageStatus=NO_MESSAGE_IN_QUEUE, topic=RMQ_SYS_TRANS_OP_HALF_TOPIC, groupId=CID_RMQ_SYS_TRANS, requestOffset=0
2026-06-10 16:39:37 INFO TransactionalMessageCheckService - After check, MessageQueue [topic=RMQ_SYS_TRANS_HALF_TOPIC, brokerName=broker-a, queueId=0] opOffset=0 opOffsetDiff=0 msgOffset=0 msgOffsetDiff=0 msgTime=Wed Jun 10 08:39:37 UTC 2026 msgTimeDelayInMs=0 putInQueueCount=0
2026-06-10 16:39:37 INFO TransactionalMessageCheckService - End to check prepare message, consumed time:1
2026-06-10 16:40:07 INFO TransactionalMessageCheckService - Begin to check prepare message, begin time:1781080807469
2026-06-10 16:40:07 INFO TransactionalMessageCheckService - Before check, the queue=MessageQueue [topic=RMQ_SYS_TRANS_HALF_TOPIC, brokerName=broker-a, queueId=0] msgOffset=0 opOffset=0
2026-06-10 16:40:07 WARN TransactionalMessageCheckService - No new message. GetMessageStatus=NO_MESSAGE_IN_QUEUE, topic=RMQ_SYS_TRANS_OP_HALF_TOPIC, groupId=CID_RMQ_SYS_TRANS, requestOffset=0
2026-06-10 16:40:07 WARN TransactionalMessageCheckService - The miss op offset=0 in queue=MessageQueue [topic=RMQ_SYS_TRANS_OP_HALF_TOPIC, brokerName=broker-a, queueId=0] is NO_NEW_MSG, pullResult=PullResult [pullStatus=NO_NEW_MSG, nextBeginOffset=0, minOffset=0, maxOffset=0, msgFoundList=0]
2026-06-10 16:40:07 WARN TransactionalMessageCheckService - No new message. GetMessageStatus=NO_MESSAGE_IN_QUEUE, topic=RMQ_SYS_TRANS_HALF_TOPIC, groupId=CID_RMQ_SYS_TRANS, requestOffset=0
2026-06-10 16:40:07 WARN TransactionalMessageCheckService - No new message. GetMessageStatus=NO_MESSAGE_IN_QUEUE, topic=RMQ_SYS_TRANS_HALF_TOPIC, groupId=CID_RMQ_SYS_TRANS, requestOffset=0
2026-06-10 16:40:07 WARN TransactionalMessageCheckService - No new message. GetMessageStatus=NO_MESSAGE_IN_QUEUE, topic=RMQ_SYS_TRANS_OP_HALF_TOPIC, groupId=CID_RMQ_SYS_TRANS, requestOffset=0
2026-06-10 16:40:07 INFO TransactionalMessageCheckService - After check, MessageQueue [topic=RMQ_SYS_TRANS_HALF_TOPIC, brokerName=broker-a, queueId=0] opOffset=0 opOffsetDiff=0 msgOffset=0 msgOffsetDiff=0 msgTime=Wed Jun 10 08:40:07 UTC 2026 msgTimeDelayInMs=0 putInQueueCount=0
2026-06-10 16:40:07 INFO TransactionalMessageCheckService - End to check prepare message, consumed time:0
2026-06-10 16:40:37 INFO TransactionalMessageCheckService - Begin to check prepare message, begin time:1781080837469
2026-06-10 16:40:37 INFO TransactionalMessageCheckService - Before check, the queue=MessageQueue [topic=RMQ_SYS_TRANS_HALF_TOPIC, brokerName=broker-a, queueId=0] msgOffset=0 opOffset=0
2026-06-10 16:40:37 WARN TransactionalMessageCheckService - No new message. GetMessageStatus=NO_MESSAGE_IN_QUEUE, topic=RMQ_SYS_TRANS_OP_HALF_TOPIC, groupId=CID_RMQ_SYS_TRANS, requestOffset=0
2026-06-10 16:40:37 WARN TransactionalMessageCheckService - The miss op offset=0 in queue=MessageQueue [topic=RMQ_SYS_TRANS_OP_HALF_TOPIC, brokerName=broker-a, queueId=0] is NO_NEW_MSG, pullResult=PullResult [pullStatus=NO_NEW_MSG, nextBeginOffset=0, minOffset=0, maxOffset=0, msgFoundList=0]
2026-06-10 16:40:37 WARN TransactionalMessageCheckService - No new message. GetMessageStatus=NO_MESSAGE_IN_QUEUE, topic=RMQ_SYS_TRANS_HALF_TOPIC, groupId=CID_RMQ_SYS_TRANS, requestOffset=0
2026-06-10 16:40:37 WARN TransactionalMessageCheckService - No new message. GetMessageStatus=NO_MESSAGE_IN_QUEUE, topic=RMQ_SYS_TRANS_HALF_TOPIC, groupId=CID_RMQ_SYS_TRANS, requestOffset=0
2026-06-10 16:40:37 WARN TransactionalMessageCheckService - No new message. GetMessageStatus=NO_MESSAGE_IN_QUEUE, topic=RMQ_SYS_TRANS_OP_HALF_TOPIC, groupId=CID_RMQ_SYS_TRANS, requestOffset=0
2026-06-10 16:40:37 INFO TransactionalMessageCheckService - After check, MessageQueue [topic=RMQ_SYS_TRANS_HALF_TOPIC, brokerName=broker-a, queueId=0] opOffset=0 opOffsetDiff=0 msgOffset=0 msgOffsetDiff=0 msgTime=Wed Jun 10 08:40:37 UTC 2026 msgTimeDelayInMs=0 putInQueueCount=0
2026-06-10 16:40:37 INFO TransactionalMessageCheckService - End to check prepare message, consumed time:0
2026-06-10 16:41:07 INFO TransactionalMessageCheckService - Begin to check prepare message, begin time:1781080867469
2026-06-10 16:41:07 INFO TransactionalMessageCheckService - Before check, the queue=MessageQueue [topic=RMQ_SYS_TRANS_HALF_TOPIC, brokerName=broker-a, queueId=0] msgOffset=0 opOffset=0
2026-06-10 16:41:07 WARN TransactionalMessageCheckService - No new message. GetMessageStatus=NO_MESSAGE_IN_QUEUE, topic=RMQ_SYS_TRANS_OP_HALF_TOPIC, groupId=CID_RMQ_SYS_TRANS, requestOffset=0
2026-06-10 16:41:07 WARN TransactionalMessageCheckService - The miss op offset=0 in queue=MessageQueue [topic=RMQ_SYS_TRANS_OP_HALF_TOPIC, brokerName=broker-a, queueId=0] is NO_NEW_MSG, pullResult=PullResult [pullStatus=NO_NEW_MSG, nextBeginOffset=0, minOffset=0, maxOffset=0, msgFoundList=0]
2026-06-10 16:41:07 WARN TransactionalMessageCheckService - No new message. GetMessageStatus=NO_MESSAGE_IN_QUEUE, topic=RMQ_SYS_TRANS_HALF_TOPIC, groupId=CID_RMQ_SYS_TRANS, requestOffset=0
2026-06-10 16:41:07 WARN TransactionalMessageCheckService - No new message. GetMessageStatus=NO_MESSAGE_IN_QUEUE, topic=RMQ_SYS_TRANS_HALF_TOPIC, groupId=CID_RMQ_SYS_TRANS, requestOffset=0
2026-06-10 16:41:07 WARN TransactionalMessageCheckService - No new message. GetMessageStatus=NO_MESSAGE_IN_QUEUE, topic=RMQ_SYS_TRANS_OP_HALF_TOPIC, groupId=CID_RMQ_SYS_TRANS, requestOffset=0
2026-06-10 16:41:07 INFO TransactionalMessageCheckService - After check, MessageQueue [topic=RMQ_SYS_TRANS_HALF_TOPIC, brokerName=broker-a, queueId=0] opOffset=0 opOffsetDiff=0 msgOffset=0 msgOffsetDiff=0 msgTime=Wed Jun 10 08:41:07 UTC 2026 msgTimeDelayInMs=0 putInQueueCount=0
2026-06-10 16:41:07 INFO TransactionalMessageCheckService - End to check prepare message, consumed time:0
2026-06-10 16:41:37 INFO TransactionalMessageCheckService - Begin to check prepare message, begin time:1781080897470
2026-06-10 16:41:37 INFO TransactionalMessageCheckService - Before check, the queue=MessageQueue [topic=RMQ_SYS_TRANS_HALF_TOPIC, brokerName=broker-a, queueId=0] msgOffset=0 opOffset=0
2026-06-10 16:41:37 WARN TransactionalMessageCheckService - No new message. GetMessageStatus=NO_MESSAGE_IN_QUEUE, topic=RMQ_SYS_TRANS_OP_HALF_TOPIC, groupId=CID_RMQ_SYS_TRANS, requestOffset=0
2026-06-10 16:41:37 WARN TransactionalMessageCheckService - The miss op offset=0 in queue=MessageQueue [topic=RMQ_SYS_TRANS_OP_HALF_TOPIC, brokerName=broker-a, queueId=0] is NO_NEW_MSG, pullResult=PullResult [pullStatus=NO_NEW_MSG, nextBeginOffset=0, minOffset=0, maxOffset=0, msgFoundList=0]
2026-06-10 16:41:37 WARN TransactionalMessageCheckService - No new message. GetMessageStatus=NO_MESSAGE_IN_QUEUE, topic=RMQ_SYS_TRANS_HALF_TOPIC, groupId=CID_RMQ_SYS_TRANS, requestOffset=0
2026-06-10 16:41:37 WARN TransactionalMessageCheckService - No new message. GetMessageStatus=NO_MESSAGE_IN_QUEUE, topic=RMQ_SYS_TRANS_HALF_TOPIC, groupId=CID_RMQ_SYS_TRANS, requestOffset=0
2026-06-10 16:41:37 WARN TransactionalMessageCheckService - No new message. GetMessageStatus=NO_MESSAGE_IN_QUEUE, topic=RMQ_SYS_TRANS_OP_HALF_TOPIC, groupId=CID_RMQ_SYS_TRANS, requestOffset=0
2026-06-10 16:41:37 INFO TransactionalMessageCheckService - After check, MessageQueue [topic=RMQ_SYS_TRANS_HALF_TOPIC, brokerName=broker-a, queueId=0] opOffset=0 opOffsetDiff=0 msgOffset=0 msgOffsetDiff=0 msgTime=Wed Jun 10 08:41:37 UTC 2026 msgTimeDelayInMs=0 putInQueueCount=0
2026-06-10 16:41:37 INFO TransactionalMessageCheckService - End to check prepare message, consumed time:0
2026-06-10 16:42:07 INFO TransactionalMessageCheckService - Begin to check prepare message, begin time:1781080927470
2026-06-10 16:42:07 INFO TransactionalMessageCheckService - Before check, the queue=MessageQueue [topic=RMQ_SYS_TRANS_HALF_TOPIC, brokerName=broker-a, queueId=0] msgOffset=0 opOffset=0
2026-06-10 16:42:07 WARN TransactionalMessageCheckService - No new message. GetMessageStatus=NO_MESSAGE_IN_QUEUE, topic=RMQ_SYS_TRANS_OP_HALF_TOPIC, groupId=CID_RMQ_SYS_TRANS, requestOffset=0
2026-06-10 16:42:07 WARN TransactionalMessageCheckService - The miss op offset=0 in queue=MessageQueue [topic=RMQ_SYS_TRANS_OP_HALF_TOPIC, brokerName=broker-a, queueId=0] is NO_NEW_MSG, pullResult=PullResult [pullStatus=NO_NEW_MSG, nextBeginOffset=0, minOffset=0, maxOffset=0, msgFoundList=0]
2026-06-10 16:42:07 WARN TransactionalMessageCheckService - No new message. GetMessageStatus=NO_MESSAGE_IN_QUEUE, topic=RMQ_SYS_TRANS_HALF_TOPIC, groupId=CID_RMQ_SYS_TRANS, requestOffset=0
2026-06-10 16:42:07 WARN TransactionalMessageCheckService - No new message. GetMessageStatus=NO_MESSAGE_IN_QUEUE, topic=RMQ_SYS_TRANS_HALF_TOPIC, groupId=CID_RMQ_SYS_TRANS, requestOffset=0
2026-06-10 16:42:07 WARN TransactionalMessageCheckService - No new message. GetMessageStatus=NO_MESSAGE_IN_QUEUE, topic=RMQ_SYS_TRANS_OP_HALF_TOPIC, groupId=CID_RMQ_SYS_TRANS, requestOffset=0
2026-06-10 16:42:07 INFO TransactionalMessageCheckService - After check, MessageQueue [topic=RMQ_SYS_TRANS_HALF_TOPIC, brokerName=broker-a, queueId=0] opOffset=0 opOffsetDiff=0 msgOffset=0 msgOffsetDiff=0 msgTime=Wed Jun 10 08:42:07 UTC 2026 msgTimeDelayInMs=0 putInQueueCount=0
2026-06-10 16:42:07 INFO TransactionalMessageCheckService - End to check prepare message, consumed time:0
2026-06-10 16:42:37 INFO TransactionalMessageCheckService - Begin to check prepare message, begin time:1781080957470
2026-06-10 16:42:37 INFO TransactionalMessageCheckService - Before check, the queue=MessageQueue [topic=RMQ_SYS_TRANS_HALF_TOPIC, brokerName=broker-a, queueId=0] msgOffset=0 opOffset=0
2026-06-10 16:42:37 WARN TransactionalMessageCheckService - No new message. GetMessageStatus=NO_MESSAGE_IN_QUEUE, topic=RMQ_SYS_TRANS_OP_HALF_TOPIC, groupId=CID_RMQ_SYS_TRANS, requestOffset=0
2026-06-10 16:42:37 WARN TransactionalMessageCheckService - The miss op offset=0 in queue=MessageQueue [topic=RMQ_SYS_TRANS_OP_HALF_TOPIC, brokerName=broker-a, queueId=0] is NO_NEW_MSG, pullResult=PullResult [pullStatus=NO_NEW_MSG, nextBeginOffset=0, minOffset=0, maxOffset=0, msgFoundList=0]
2026-06-10 16:42:37 WARN TransactionalMessageCheckService - No new message. GetMessageStatus=NO_MESSAGE_IN_QUEUE, topic=RMQ_SYS_TRANS_HALF_TOPIC, groupId=CID_RMQ_SYS_TRANS, requestOffset=0
2026-06-10 16:42:37 WARN TransactionalMessageCheckService - No new message. GetMessageStatus=NO_MESSAGE_IN_QUEUE, topic=RMQ_SYS_TRANS_HALF_TOPIC, groupId=CID_RMQ_SYS_TRANS, requestOffset=0
2026-06-10 16:42:37 WARN TransactionalMessageCheckService - No new message. GetMessageStatus=NO_MESSAGE_IN_QUEUE, topic=RMQ_SYS_TRANS_OP_HALF_TOPIC, groupId=CID_RMQ_SYS_TRANS, requestOffset=0
2026-06-10 16:42:37 INFO TransactionalMessageCheckService - After check, MessageQueue [topic=RMQ_SYS_TRANS_HALF_TOPIC, brokerName=broker-a, queueId=0] opOffset=0 opOffsetDiff=0 msgOffset=0 msgOffsetDiff=0 msgTime=Wed Jun 10 08:42:37 UTC 2026 msgTimeDelayInMs=0 putInQueueCount=0
2026-06-10 16:42:37 INFO TransactionalMessageCheckService - End to check prepare message, consumed time:1
2026-06-10 16:43:07 INFO TransactionalMessageCheckService - Begin to check prepare message, begin time:1781080987471
2026-06-10 16:43:07 INFO TransactionalMessageCheckService - Before check, the queue=MessageQueue [topic=RMQ_SYS_TRANS_HALF_TOPIC, brokerName=broker-a, queueId=0] msgOffset=0 opOffset=0
2026-06-10 16:43:07 WARN TransactionalMessageCheckService - No new message. GetMessageStatus=NO_MESSAGE_IN_QUEUE, topic=RMQ_SYS_TRANS_OP_HALF_TOPIC, groupId=CID_RMQ_SYS_TRANS, requestOffset=0
2026-06-10 16:43:07 WARN TransactionalMessageCheckService - The miss op offset=0 in queue=MessageQueue [topic=RMQ_SYS_TRANS_OP_HALF_TOPIC, brokerName=broker-a, queueId=0] is NO_NEW_MSG, pullResult=PullResult [pullStatus=NO_NEW_MSG, nextBeginOffset=0, minOffset=0, maxOffset=0, msgFoundList=0]
2026-06-10 16:43:07 WARN TransactionalMessageCheckService - No new message. GetMessageStatus=NO_MESSAGE_IN_QUEUE, topic=RMQ_SYS_TRANS_HALF_TOPIC, groupId=CID_RMQ_SYS_TRANS, requestOffset=0
2026-06-10 16:43:07 WARN TransactionalMessageCheckService - No new message. GetMessageStatus=NO_MESSAGE_IN_QUEUE, topic=RMQ_SYS_TRANS_HALF_TOPIC, groupId=CID_RMQ_SYS_TRANS, requestOffset=0
2026-06-10 16:43:07 WARN TransactionalMessageCheckService - No new message. GetMessageStatus=NO_MESSAGE_IN_QUEUE, topic=RMQ_SYS_TRANS_OP_HALF_TOPIC, groupId=CID_RMQ_SYS_TRANS, requestOffset=0
2026-06-10 16:43:07 INFO TransactionalMessageCheckService - After check, MessageQueue [topic=RMQ_SYS_TRANS_HALF_TOPIC, brokerName=broker-a, queueId=0] opOffset=0 opOffsetDiff=0 msgOffset=0 msgOffsetDiff=0 msgTime=Wed Jun 10 08:43:07 UTC 2026 msgTimeDelayInMs=0 putInQueueCount=0
2026-06-10 16:43:07 INFO TransactionalMessageCheckService - End to check prepare message, consumed time:0
2026-06-10 16:43:37 INFO TransactionalMessageCheckService - Begin to check prepare message, begin time:1781081017471
2026-06-10 16:43:37 INFO TransactionalMessageCheckService - Before check, the queue=MessageQueue [topic=RMQ_SYS_TRANS_HALF_TOPIC, brokerName=broker-a, queueId=0] msgOffset=0 opOffset=0
2026-06-10 16:43:37 WARN TransactionalMessageCheckService - No new message. GetMessageStatus=NO_MESSAGE_IN_QUEUE, topic=RMQ_SYS_TRANS_OP_HALF_TOPIC, groupId=CID_RMQ_SYS_TRANS, requestOffset=0
2026-06-10 16:43:37 WARN TransactionalMessageCheckService - The miss op offset=0 in queue=MessageQueue [topic=RMQ_SYS_TRANS_OP_HALF_TOPIC, brokerName=broker-a, queueId=0] is NO_NEW_MSG, pullResult=PullResult [pullStatus=NO_NEW_MSG, nextBeginOffset=0, minOffset=0, maxOffset=0, msgFoundList=0]
2026-06-10 16:43:37 WARN TransactionalMessageCheckService - No new message. GetMessageStatus=NO_MESSAGE_IN_QUEUE, topic=RMQ_SYS_TRANS_HALF_TOPIC, groupId=CID_RMQ_SYS_TRANS, requestOffset=0
2026-06-10 16:43:37 WARN TransactionalMessageCheckService - No new message. GetMessageStatus=NO_MESSAGE_IN_QUEUE, topic=RMQ_SYS_TRANS_HALF_TOPIC, groupId=CID_RMQ_SYS_TRANS, requestOffset=0
2026-06-10 16:43:37 WARN TransactionalMessageCheckService - No new message. GetMessageStatus=NO_MESSAGE_IN_QUEUE, topic=RMQ_SYS_TRANS_OP_HALF_TOPIC, groupId=CID_RMQ_SYS_TRANS, requestOffset=0
2026-06-10 16:43:37 INFO TransactionalMessageCheckService - After check, MessageQueue [topic=RMQ_SYS_TRANS_HALF_TOPIC, brokerName=broker-a, queueId=0] opOffset=0 opOffsetDiff=0 msgOffset=0 msgOffsetDiff=0 msgTime=Wed Jun 10 08:43:37 UTC 2026 msgTimeDelayInMs=0 putInQueueCount=0
2026-06-10 16:43:37 INFO TransactionalMessageCheckService - End to check prepare message, consumed time:0
2026-06-10 16:44:07 INFO TransactionalMessageCheckService - Begin to check prepare message, begin time:1781081047472
2026-06-10 16:44:07 INFO TransactionalMessageCheckService - Before check, the queue=MessageQueue [topic=RMQ_SYS_TRANS_HALF_TOPIC, brokerName=broker-a, queueId=0] msgOffset=0 opOffset=0
2026-06-10 16:44:07 WARN TransactionalMessageCheckService - No new message. GetMessageStatus=NO_MESSAGE_IN_QUEUE, topic=RMQ_SYS_TRANS_OP_HALF_TOPIC, groupId=CID_RMQ_SYS_TRANS, requestOffset=0
2026-06-10 16:44:07 WARN TransactionalMessageCheckService - The miss op offset=0 in queue=MessageQueue [topic=RMQ_SYS_TRANS_OP_HALF_TOPIC, brokerName=broker-a, queueId=0] is NO_NEW_MSG, pullResult=PullResult [pullStatus=NO_NEW_MSG, nextBeginOffset=0, minOffset=0, maxOffset=0, msgFoundList=0]
2026-06-10 16:44:07 WARN TransactionalMessageCheckService - No new message. GetMessageStatus=NO_MESSAGE_IN_QUEUE, topic=RMQ_SYS_TRANS_HALF_TOPIC, groupId=CID_RMQ_SYS_TRANS, requestOffset=0
2026-06-10 16:44:07 WARN TransactionalMessageCheckService - No new message. GetMessageStatus=NO_MESSAGE_IN_QUEUE, topic=RMQ_SYS_TRANS_HALF_TOPIC, groupId=CID_RMQ_SYS_TRANS, requestOffset=0
2026-06-10 16:44:07 WARN TransactionalMessageCheckService - No new message. GetMessageStatus=NO_MESSAGE_IN_QUEUE, topic=RMQ_SYS_TRANS_OP_HALF_TOPIC, groupId=CID_RMQ_SYS_TRANS, requestOffset=0
2026-06-10 16:44:07 INFO TransactionalMessageCheckService - After check, MessageQueue [topic=RMQ_SYS_TRANS_HALF_TOPIC, brokerName=broker-a, queueId=0] opOffset=0 opOffsetDiff=0 msgOffset=0 msgOffsetDiff=0 msgTime=Wed Jun 10 08:44:07 UTC 2026 msgTimeDelayInMs=0 putInQueueCount=0
2026-06-10 16:44:07 INFO TransactionalMessageCheckService - End to check prepare message, consumed time:0
2026-06-10 16:44:37 INFO TransactionalMessageCheckService - Begin to check prepare message, begin time:1781081077472
2026-06-10 16:44:37 INFO TransactionalMessageCheckService - Before check, the queue=MessageQueue [topic=RMQ_SYS_TRANS_HALF_TOPIC, brokerName=broker-a, queueId=0] msgOffset=0 opOffset=0
2026-06-10 16:44:37 WARN TransactionalMessageCheckService - No new message. GetMessageStatus=NO_MESSAGE_IN_QUEUE, topic=RMQ_SYS_TRANS_OP_HALF_TOPIC, groupId=CID_RMQ_SYS_TRANS, requestOffset=0
2026-06-10 16:44:37 WARN TransactionalMessageCheckService - The miss op offset=0 in queue=MessageQueue [topic=RMQ_SYS_TRANS_OP_HALF_TOPIC, brokerName=broker-a, queueId=0] is NO_NEW_MSG, pullResult=PullResult [pullStatus=NO_NEW_MSG, nextBeginOffset=0, minOffset=0, maxOffset=0, msgFoundList=0]
2026-06-10 16:44:37 WARN TransactionalMessageCheckService - No new message. GetMessageStatus=NO_MESSAGE_IN_QUEUE, topic=RMQ_SYS_TRANS_HALF_TOPIC, groupId=CID_RMQ_SYS_TRANS, requestOffset=0
2026-06-10 16:44:37 WARN TransactionalMessageCheckService - No new message. GetMessageStatus=NO_MESSAGE_IN_QUEUE, topic=RMQ_SYS_TRANS_HALF_TOPIC, groupId=CID_RMQ_SYS_TRANS, requestOffset=0
2026-06-10 16:44:37 WARN TransactionalMessageCheckService - No new message. GetMessageStatus=NO_MESSAGE_IN_QUEUE, topic=RMQ_SYS_TRANS_OP_HALF_TOPIC, groupId=CID_RMQ_SYS_TRANS, requestOffset=0
2026-06-10 16:44:37 INFO TransactionalMessageCheckService - After check, MessageQueue [topic=RMQ_SYS_TRANS_HALF_TOPIC, brokerName=broker-a, queueId=0] opOffset=0 opOffsetDiff=0 msgOffset=0 msgOffsetDiff=0 msgTime=Wed Jun 10 08:44:37 UTC 2026 msgTimeDelayInMs=0 putInQueueCount=0
2026-06-10 16:44:37 INFO TransactionalMessageCheckService - End to check prepare message, consumed time:1
2026-06-10 16:45:07 INFO TransactionalMessageCheckService - Begin to check prepare message, begin time:1781081107473
2026-06-10 16:45:07 INFO TransactionalMessageCheckService - Before check, the queue=MessageQueue [topic=RMQ_SYS_TRANS_HALF_TOPIC, brokerName=broker-a, queueId=0] msgOffset=0 opOffset=0
2026-06-10 16:45:07 WARN TransactionalMessageCheckService - No new message. GetMessageStatus=NO_MESSAGE_IN_QUEUE, topic=RMQ_SYS_TRANS_OP_HALF_TOPIC, groupId=CID_RMQ_SYS_TRANS, requestOffset=0
2026-06-10 16:45:07 WARN TransactionalMessageCheckService - The miss op offset=0 in queue=MessageQueue [topic=RMQ_SYS_TRANS_OP_HALF_TOPIC, brokerName=broker-a, queueId=0] is NO_NEW_MSG, pullResult=PullResult [pullStatus=NO_NEW_MSG, nextBeginOffset=0, minOffset=0, maxOffset=0, msgFoundList=0]
2026-06-10 16:45:07 WARN TransactionalMessageCheckService - No new message. GetMessageStatus=NO_MESSAGE_IN_QUEUE, topic=RMQ_SYS_TRANS_HALF_TOPIC, groupId=CID_RMQ_SYS_TRANS, requestOffset=0
2026-06-10 16:45:07 WARN TransactionalMessageCheckService - No new message. GetMessageStatus=NO_MESSAGE_IN_QUEUE, topic=RMQ_SYS_TRANS_HALF_TOPIC, groupId=CID_RMQ_SYS_TRANS, requestOffset=0
2026-06-10 16:45:07 WARN TransactionalMessageCheckService - No new message. GetMessageStatus=NO_MESSAGE_IN_QUEUE, topic=RMQ_SYS_TRANS_OP_HALF_TOPIC, groupId=CID_RMQ_SYS_TRANS, requestOffset=0
2026-06-10 16:45:07 INFO TransactionalMessageCheckService - After check, MessageQueue [topic=RMQ_SYS_TRANS_HALF_TOPIC, brokerName=broker-a, queueId=0] opOffset=0 opOffsetDiff=0 msgOffset=0 msgOffsetDiff=0 msgTime=Wed Jun 10 08:45:07 UTC 2026 msgTimeDelayInMs=0 putInQueueCount=0
2026-06-10 16:45:07 INFO TransactionalMessageCheckService - End to check prepare message, consumed time:0
2026-06-10 16:45:37 INFO TransactionalMessageCheckService - Begin to check prepare message, begin time:1781081137473
2026-06-10 16:45:37 INFO TransactionalMessageCheckService - Before check, the queue=MessageQueue [topic=RMQ_SYS_TRANS_HALF_TOPIC, brokerName=broker-a, queueId=0] msgOffset=0 opOffset=0
2026-06-10 16:45:37 WARN TransactionalMessageCheckService - No new message. GetMessageStatus=NO_MESSAGE_IN_QUEUE, topic=RMQ_SYS_TRANS_OP_HALF_TOPIC, groupId=CID_RMQ_SYS_TRANS, requestOffset=0
2026-06-10 16:45:37 WARN TransactionalMessageCheckService - The miss op offset=0 in queue=MessageQueue [topic=RMQ_SYS_TRANS_OP_HALF_TOPIC, brokerName=broker-a, queueId=0] is NO_NEW_MSG, pullResult=PullResult [pullStatus=NO_NEW_MSG, nextBeginOffset=0, minOffset=0, maxOffset=0, msgFoundList=0]
2026-06-10 16:45:37 WARN TransactionalMessageCheckService - No new message. GetMessageStatus=NO_MESSAGE_IN_QUEUE, topic=RMQ_SYS_TRANS_HALF_TOPIC, groupId=CID_RMQ_SYS_TRANS, requestOffset=0
2026-06-10 16:45:37 WARN TransactionalMessageCheckService - No new message. GetMessageStatus=NO_MESSAGE_IN_QUEUE, topic=RMQ_SYS_TRANS_HALF_TOPIC, groupId=CID_RMQ_SYS_TRANS, requestOffset=0
2026-06-10 16:45:37 WARN TransactionalMessageCheckService - No new message. GetMessageStatus=NO_MESSAGE_IN_QUEUE, topic=RMQ_SYS_TRANS_OP_HALF_TOPIC, groupId=CID_RMQ_SYS_TRANS, requestOffset=0
2026-06-10 16:45:37 INFO TransactionalMessageCheckService - After check, MessageQueue [topic=RMQ_SYS_TRANS_HALF_TOPIC, brokerName=broker-a, queueId=0] opOffset=0 opOffsetDiff=0 msgOffset=0 msgOffsetDiff=0 msgTime=Wed Jun 10 08:45:37 UTC 2026 msgTimeDelayInMs=0 putInQueueCount=0
2026-06-10 16:45:37 INFO TransactionalMessageCheckService - End to check prepare message, consumed time:0
2026-06-10 16:46:07 INFO TransactionalMessageCheckService - Begin to check prepare message, begin time:1781081167473
2026-06-10 16:46:07 INFO TransactionalMessageCheckService - Before check, the queue=MessageQueue [topic=RMQ_SYS_TRANS_HALF_TOPIC, brokerName=broker-a, queueId=0] msgOffset=0 opOffset=0
2026-06-10 16:46:07 WARN TransactionalMessageCheckService - No new message. GetMessageStatus=NO_MESSAGE_IN_QUEUE, topic=RMQ_SYS_TRANS_OP_HALF_TOPIC, groupId=CID_RMQ_SYS_TRANS, requestOffset=0
2026-06-10 16:46:07 WARN TransactionalMessageCheckService - The miss op offset=0 in queue=MessageQueue [topic=RMQ_SYS_TRANS_OP_HALF_TOPIC, brokerName=broker-a, queueId=0] is NO_NEW_MSG, pullResult=PullResult [pullStatus=NO_NEW_MSG, nextBeginOffset=0, minOffset=0, maxOffset=0, msgFoundList=0]
2026-06-10 16:46:07 WARN TransactionalMessageCheckService - No new message. GetMessageStatus=NO_MESSAGE_IN_QUEUE, topic=RMQ_SYS_TRANS_HALF_TOPIC, groupId=CID_RMQ_SYS_TRANS, requestOffset=0
2026-06-10 16:46:07 WARN TransactionalMessageCheckService - No new message. GetMessageStatus=NO_MESSAGE_IN_QUEUE, topic=RMQ_SYS_TRANS_HALF_TOPIC, groupId=CID_RMQ_SYS_TRANS, requestOffset=0
2026-06-10 16:46:07 WARN TransactionalMessageCheckService - No new message. GetMessageStatus=NO_MESSAGE_IN_QUEUE, topic=RMQ_SYS_TRANS_OP_HALF_TOPIC, groupId=CID_RMQ_SYS_TRANS, requestOffset=0
2026-06-10 16:46:07 INFO TransactionalMessageCheckService - After check, MessageQueue [topic=RMQ_SYS_TRANS_HALF_TOPIC, brokerName=broker-a, queueId=0] opOffset=0 opOffsetDiff=0 msgOffset=0 msgOffsetDiff=0 msgTime=Wed Jun 10 08:46:07 UTC 2026 msgTimeDelayInMs=0 putInQueueCount=0
2026-06-10 16:46:07 INFO TransactionalMessageCheckService - End to check prepare message, consumed time:1
2026-06-10 16:46:37 INFO TransactionalMessageCheckService - Begin to check prepare message, begin time:1781081197474
2026-06-10 16:46:37 INFO TransactionalMessageCheckService - Before check, the queue=MessageQueue [topic=RMQ_SYS_TRANS_HALF_TOPIC, brokerName=broker-a, queueId=0] msgOffset=0 opOffset=0
2026-06-10 16:46:37 WARN TransactionalMessageCheckService - No new message. GetMessageStatus=NO_MESSAGE_IN_QUEUE, topic=RMQ_SYS_TRANS_OP_HALF_TOPIC, groupId=CID_RMQ_SYS_TRANS, requestOffset=0
2026-06-10 16:46:37 WARN TransactionalMessageCheckService - The miss op offset=0 in queue=MessageQueue [topic=RMQ_SYS_TRANS_OP_HALF_TOPIC, brokerName=broker-a, queueId=0] is NO_NEW_MSG, pullResult=PullResult [pullStatus=NO_NEW_MSG, nextBeginOffset=0, minOffset=0, maxOffset=0, msgFoundList=0]
2026-06-10 16:46:37 WARN TransactionalMessageCheckService - No new message. GetMessageStatus=NO_MESSAGE_IN_QUEUE, topic=RMQ_SYS_TRANS_HALF_TOPIC, groupId=CID_RMQ_SYS_TRANS, requestOffset=0
2026-06-10 16:46:37 WARN TransactionalMessageCheckService - No new message. GetMessageStatus=NO_MESSAGE_IN_QUEUE, topic=RMQ_SYS_TRANS_HALF_TOPIC, groupId=CID_RMQ_SYS_TRANS, requestOffset=0
2026-06-10 16:46:37 WARN TransactionalMessageCheckService - No new message. GetMessageStatus=NO_MESSAGE_IN_QUEUE, topic=RMQ_SYS_TRANS_OP_HALF_TOPIC, groupId=CID_RMQ_SYS_TRANS, requestOffset=0
2026-06-10 16:46:37 INFO TransactionalMessageCheckService - After check, MessageQueue [topic=RMQ_SYS_TRANS_HALF_TOPIC, brokerName=broker-a, queueId=0] opOffset=0 opOffsetDiff=0 msgOffset=0 msgOffsetDiff=0 msgTime=Wed Jun 10 08:46:37 UTC 2026 msgTimeDelayInMs=0 putInQueueCount=0
2026-06-10 16:46:37 INFO TransactionalMessageCheckService - End to check prepare message, consumed time:0
2026-06-10 16:47:07 INFO TransactionalMessageCheckService - Begin to check prepare message, begin time:1781081227474
2026-06-10 16:47:07 INFO TransactionalMessageCheckService - Before check, the queue=MessageQueue [topic=RMQ_SYS_TRANS_HALF_TOPIC, brokerName=broker-a, queueId=0] msgOffset=0 opOffset=0
2026-06-10 16:47:07 WARN TransactionalMessageCheckService - No new message. GetMessageStatus=NO_MESSAGE_IN_QUEUE, topic=RMQ_SYS_TRANS_OP_HALF_TOPIC, groupId=CID_RMQ_SYS_TRANS, requestOffset=0
2026-06-10 16:47:07 WARN TransactionalMessageCheckService - The miss op offset=0 in queue=MessageQueue [topic=RMQ_SYS_TRANS_OP_HALF_TOPIC, brokerName=broker-a, queueId=0] is NO_NEW_MSG, pullResult=PullResult [pullStatus=NO_NEW_MSG, nextBeginOffset=0, minOffset=0, maxOffset=0, msgFoundList=0]
2026-06-10 16:47:07 WARN TransactionalMessageCheckService - No new message. GetMessageStatus=NO_MESSAGE_IN_QUEUE, topic=RMQ_SYS_TRANS_HALF_TOPIC, groupId=CID_RMQ_SYS_TRANS, requestOffset=0
2026-06-10 16:47:07 WARN TransactionalMessageCheckService - No new message. GetMessageStatus=NO_MESSAGE_IN_QUEUE, topic=RMQ_SYS_TRANS_HALF_TOPIC, groupId=CID_RMQ_SYS_TRANS, requestOffset=0
2026-06-10 16:47:07 WARN TransactionalMessageCheckService - No new message. GetMessageStatus=NO_MESSAGE_IN_QUEUE, topic=RMQ_SYS_TRANS_OP_HALF_TOPIC, groupId=CID_RMQ_SYS_TRANS, requestOffset=0
2026-06-10 16:47:07 INFO TransactionalMessageCheckService - After check, MessageQueue [topic=RMQ_SYS_TRANS_HALF_TOPIC, brokerName=broker-a, queueId=0] opOffset=0 opOffsetDiff=0 msgOffset=0 msgOffsetDiff=0 msgTime=Wed Jun 10 08:47:07 UTC 2026 msgTimeDelayInMs=0 putInQueueCount=0
2026-06-10 16:47:07 INFO TransactionalMessageCheckService - End to check prepare message, consumed time:0
2026-06-10 16:47:37 INFO TransactionalMessageCheckService - Begin to check prepare message, begin time:1781081257474
2026-06-10 16:47:37 INFO TransactionalMessageCheckService - Before check, the queue=MessageQueue [topic=RMQ_SYS_TRANS_HALF_TOPIC, brokerName=broker-a, queueId=0] msgOffset=0 opOffset=0
2026-06-10 16:47:37 WARN TransactionalMessageCheckService - No new message. GetMessageStatus=NO_MESSAGE_IN_QUEUE, topic=RMQ_SYS_TRANS_OP_HALF_TOPIC, groupId=CID_RMQ_SYS_TRANS, requestOffset=0
2026-06-10 16:47:37 WARN TransactionalMessageCheckService - The miss op offset=0 in queue=MessageQueue [topic=RMQ_SYS_TRANS_OP_HALF_TOPIC, brokerName=broker-a, queueId=0] is NO_NEW_MSG, pullResult=PullResult [pullStatus=NO_NEW_MSG, nextBeginOffset=0, minOffset=0, maxOffset=0, msgFoundList=0]
2026-06-10 16:47:37 WARN TransactionalMessageCheckService - No new message. GetMessageStatus=NO_MESSAGE_IN_QUEUE, topic=RMQ_SYS_TRANS_HALF_TOPIC, groupId=CID_RMQ_SYS_TRANS, requestOffset=0
2026-06-10 16:47:37 WARN TransactionalMessageCheckService - No new message. GetMessageStatus=NO_MESSAGE_IN_QUEUE, topic=RMQ_SYS_TRANS_HALF_TOPIC, groupId=CID_RMQ_SYS_TRANS, requestOffset=0
2026-06-10 16:47:37 WARN TransactionalMessageCheckService - No new message. GetMessageStatus=NO_MESSAGE_IN_QUEUE, topic=RMQ_SYS_TRANS_OP_HALF_TOPIC, groupId=CID_RMQ_SYS_TRANS, requestOffset=0
2026-06-10 16:47:37 INFO TransactionalMessageCheckService - After check, MessageQueue [topic=RMQ_SYS_TRANS_HALF_TOPIC, brokerName=broker-a, queueId=0] opOffset=0 opOffsetDiff=0 msgOffset=0 msgOffsetDiff=0 msgTime=Wed Jun 10 08:47:37 UTC 2026 msgTimeDelayInMs=0 putInQueueCount=0
2026-06-10 16:47:37 INFO TransactionalMessageCheckService - End to check prepare message, consumed time:1
2026-06-10 16:48:07 INFO TransactionalMessageCheckService - Begin to check prepare message, begin time:1781081287475
2026-06-10 16:48:07 INFO TransactionalMessageCheckService - Before check, the queue=MessageQueue [topic=RMQ_SYS_TRANS_HALF_TOPIC, brokerName=broker-a, queueId=0] msgOffset=0 opOffset=0
2026-06-10 16:48:07 WARN TransactionalMessageCheckService - No new message. GetMessageStatus=NO_MESSAGE_IN_QUEUE, topic=RMQ_SYS_TRANS_OP_HALF_TOPIC, groupId=CID_RMQ_SYS_TRANS, requestOffset=0
2026-06-10 16:48:07 WARN TransactionalMessageCheckService - The miss op offset=0 in queue=MessageQueue [topic=RMQ_SYS_TRANS_OP_HALF_TOPIC, brokerName=broker-a, queueId=0] is NO_NEW_MSG, pullResult=PullResult [pullStatus=NO_NEW_MSG, nextBeginOffset=0, minOffset=0, maxOffset=0, msgFoundList=0]
2026-06-10 16:48:07 WARN TransactionalMessageCheckService - No new message. GetMessageStatus=NO_MESSAGE_IN_QUEUE, topic=RMQ_SYS_TRANS_HALF_TOPIC, groupId=CID_RMQ_SYS_TRANS, requestOffset=0
2026-06-10 16:48:07 WARN TransactionalMessageCheckService - No new message. GetMessageStatus=NO_MESSAGE_IN_QUEUE, topic=RMQ_SYS_TRANS_HALF_TOPIC, groupId=CID_RMQ_SYS_TRANS, requestOffset=0
2026-06-10 16:48:07 WARN TransactionalMessageCheckService - No new message. GetMessageStatus=NO_MESSAGE_IN_QUEUE, topic=RMQ_SYS_TRANS_OP_HALF_TOPIC, groupId=CID_RMQ_SYS_TRANS, requestOffset=0
2026-06-10 16:48:07 INFO TransactionalMessageCheckService - After check, MessageQueue [topic=RMQ_SYS_TRANS_HALF_TOPIC, brokerName=broker-a, queueId=0] opOffset=0 opOffsetDiff=0 msgOffset=0 msgOffsetDiff=0 msgTime=Wed Jun 10 08:48:07 UTC 2026 msgTimeDelayInMs=0 putInQueueCount=0
2026-06-10 16:48:07 INFO TransactionalMessageCheckService - End to check prepare message, consumed time:0
2026-06-10 16:48:37 INFO TransactionalMessageCheckService - Begin to check prepare message, begin time:1781081317475
2026-06-10 16:48:37 INFO TransactionalMessageCheckService - Before check, the queue=MessageQueue [topic=RMQ_SYS_TRANS_HALF_TOPIC, brokerName=broker-a, queueId=0] msgOffset=0 opOffset=0
2026-06-10 16:48:37 WARN TransactionalMessageCheckService - No new message. GetMessageStatus=NO_MESSAGE_IN_QUEUE, topic=RMQ_SYS_TRANS_OP_HALF_TOPIC, groupId=CID_RMQ_SYS_TRANS, requestOffset=0
2026-06-10 16:48:37 WARN TransactionalMessageCheckService - The miss op offset=0 in queue=MessageQueue [topic=RMQ_SYS_TRANS_OP_HALF_TOPIC, brokerName=broker-a, queueId=0] is NO_NEW_MSG, pullResult=PullResult [pullStatus=NO_NEW_MSG, nextBeginOffset=0, minOffset=0, maxOffset=0, msgFoundList=0]
2026-06-10 16:48:37 WARN TransactionalMessageCheckService - No new message. GetMessageStatus=NO_MESSAGE_IN_QUEUE, topic=RMQ_SYS_TRANS_HALF_TOPIC, groupId=CID_RMQ_SYS_TRANS, requestOffset=0
2026-06-10 16:48:37 WARN TransactionalMessageCheckService - No new message. GetMessageStatus=NO_MESSAGE_IN_QUEUE, topic=RMQ_SYS_TRANS_HALF_TOPIC, groupId=CID_RMQ_SYS_TRANS, requestOffset=0
2026-06-10 16:48:37 WARN TransactionalMessageCheckService - No new message. GetMessageStatus=NO_MESSAGE_IN_QUEUE, topic=RMQ_SYS_TRANS_OP_HALF_TOPIC, groupId=CID_RMQ_SYS_TRANS, requestOffset=0
2026-06-10 16:48:37 INFO TransactionalMessageCheckService - After check, MessageQueue [topic=RMQ_SYS_TRANS_HALF_TOPIC, brokerName=broker-a, queueId=0] opOffset=0 opOffsetDiff=0 msgOffset=0 msgOffsetDiff=0 msgTime=Wed Jun 10 08:48:37 UTC 2026 msgTimeDelayInMs=0 putInQueueCount=0
2026-06-10 16:48:37 INFO TransactionalMessageCheckService - End to check prepare message, consumed time:0
2026-06-10 16:49:07 INFO TransactionalMessageCheckService - Begin to check prepare message, begin time:1781081347475
2026-06-10 16:49:07 INFO TransactionalMessageCheckService - Before check, the queue=MessageQueue [topic=RMQ_SYS_TRANS_HALF_TOPIC, brokerName=broker-a, queueId=0] msgOffset=0 opOffset=0
2026-06-10 16:49:07 WARN TransactionalMessageCheckService - No new message. GetMessageStatus=NO_MESSAGE_IN_QUEUE, topic=RMQ_SYS_TRANS_OP_HALF_TOPIC, groupId=CID_RMQ_SYS_TRANS, requestOffset=0
2026-06-10 16:49:07 WARN TransactionalMessageCheckService - The miss op offset=0 in queue=MessageQueue [topic=RMQ_SYS_TRANS_OP_HALF_TOPIC, brokerName=broker-a, queueId=0] is NO_NEW_MSG, pullResult=PullResult [pullStatus=NO_NEW_MSG, nextBeginOffset=0, minOffset=0, maxOffset=0, msgFoundList=0]
2026-06-10 16:49:07 WARN TransactionalMessageCheckService - No new message. GetMessageStatus=NO_MESSAGE_IN_QUEUE, topic=RMQ_SYS_TRANS_HALF_TOPIC, groupId=CID_RMQ_SYS_TRANS, requestOffset=0
2026-06-10 16:49:07 WARN TransactionalMessageCheckService - No new message. GetMessageStatus=NO_MESSAGE_IN_QUEUE, topic=RMQ_SYS_TRANS_HALF_TOPIC, groupId=CID_RMQ_SYS_TRANS, requestOffset=0
2026-06-10 16:49:07 WARN TransactionalMessageCheckService - No new message. GetMessageStatus=NO_MESSAGE_IN_QUEUE, topic=RMQ_SYS_TRANS_OP_HALF_TOPIC, groupId=CID_RMQ_SYS_TRANS, requestOffset=0
2026-06-10 16:49:07 INFO TransactionalMessageCheckService - After check, MessageQueue [topic=RMQ_SYS_TRANS_HALF_TOPIC, brokerName=broker-a, queueId=0] opOffset=0 opOffsetDiff=0 msgOffset=0 msgOffsetDiff=0 msgTime=Wed Jun 10 08:49:07 UTC 2026 msgTimeDelayInMs=0 putInQueueCount=0
2026-06-10 16:49:07 INFO TransactionalMessageCheckService - End to check prepare message, consumed time:1
2026-06-10 16:49:37 INFO TransactionalMessageCheckService - Begin to check prepare message, begin time:1781081377476
2026-06-10 16:49:37 INFO TransactionalMessageCheckService - Before check, the queue=MessageQueue [topic=RMQ_SYS_TRANS_HALF_TOPIC, brokerName=broker-a, queueId=0] msgOffset=0 opOffset=0
2026-06-10 16:49:37 WARN TransactionalMessageCheckService - No new message. GetMessageStatus=NO_MESSAGE_IN_QUEUE, topic=RMQ_SYS_TRANS_OP_HALF_TOPIC, groupId=CID_RMQ_SYS_TRANS, requestOffset=0
2026-06-10 16:49:37 WARN TransactionalMessageCheckService - The miss op offset=0 in queue=MessageQueue [topic=RMQ_SYS_TRANS_OP_HALF_TOPIC, brokerName=broker-a, queueId=0] is NO_NEW_MSG, pullResult=PullResult [pullStatus=NO_NEW_MSG, nextBeginOffset=0, minOffset=0, maxOffset=0, msgFoundList=0]
2026-06-10 16:49:37 WARN TransactionalMessageCheckService - No new message. GetMessageStatus=NO_MESSAGE_IN_QUEUE, topic=RMQ_SYS_TRANS_HALF_TOPIC, groupId=CID_RMQ_SYS_TRANS, requestOffset=0
2026-06-10 16:49:37 WARN TransactionalMessageCheckService - No new message. GetMessageStatus=NO_MESSAGE_IN_QUEUE, topic=RMQ_SYS_TRANS_HALF_TOPIC, groupId=CID_RMQ_SYS_TRANS, requestOffset=0
2026-06-10 16:49:37 WARN TransactionalMessageCheckService - No new message. GetMessageStatus=NO_MESSAGE_IN_QUEUE, topic=RMQ_SYS_TRANS_OP_HALF_TOPIC, groupId=CID_RMQ_SYS_TRANS, requestOffset=0
2026-06-10 16:49:37 INFO TransactionalMessageCheckService - After check, MessageQueue [topic=RMQ_SYS_TRANS_HALF_TOPIC, brokerName=broker-a, queueId=0] opOffset=0 opOffsetDiff=0 msgOffset=0 msgOffsetDiff=0 msgTime=Wed Jun 10 08:49:37 UTC 2026 msgTimeDelayInMs=0 putInQueueCount=0
2026-06-10 16:49:37 INFO TransactionalMessageCheckService - End to check prepare message, consumed time:0
2026-06-10 16:50:07 INFO TransactionalMessageCheckService - Begin to check prepare message, begin time:1781081407476
2026-06-10 16:50:07 INFO TransactionalMessageCheckService - Before check, the queue=MessageQueue [topic=RMQ_SYS_TRANS_HALF_TOPIC, brokerName=broker-a, queueId=0] msgOffset=0 opOffset=0
2026-06-10 16:50:07 WARN TransactionalMessageCheckService - No new message. GetMessageStatus=NO_MESSAGE_IN_QUEUE, topic=RMQ_SYS_TRANS_OP_HALF_TOPIC, groupId=CID_RMQ_SYS_TRANS, requestOffset=0
2026-06-10 16:50:07 WARN TransactionalMessageCheckService - The miss op offset=0 in queue=MessageQueue [topic=RMQ_SYS_TRANS_OP_HALF_TOPIC, brokerName=broker-a, queueId=0] is NO_NEW_MSG, pullResult=PullResult [pullStatus=NO_NEW_MSG, nextBeginOffset=0, minOffset=0, maxOffset=0, msgFoundList=0]
2026-06-10 16:50:07 WARN TransactionalMessageCheckService - No new message. GetMessageStatus=NO_MESSAGE_IN_QUEUE, topic=RMQ_SYS_TRANS_HALF_TOPIC, groupId=CID_RMQ_SYS_TRANS, requestOffset=0
2026-06-10 16:50:07 WARN TransactionalMessageCheckService - No new message. GetMessageStatus=NO_MESSAGE_IN_QUEUE, topic=RMQ_SYS_TRANS_HALF_TOPIC, groupId=CID_RMQ_SYS_TRANS, requestOffset=0
2026-06-10 16:50:07 WARN TransactionalMessageCheckService - No new message. GetMessageStatus=NO_MESSAGE_IN_QUEUE, topic=RMQ_SYS_TRANS_OP_HALF_TOPIC, groupId=CID_RMQ_SYS_TRANS, requestOffset=0
2026-06-10 16:50:07 INFO TransactionalMessageCheckService - After check, MessageQueue [topic=RMQ_SYS_TRANS_HALF_TOPIC, brokerName=broker-a, queueId=0] opOffset=0 opOffsetDiff=0 msgOffset=0 msgOffsetDiff=0 msgTime=Wed Jun 10 08:50:07 UTC 2026 msgTimeDelayInMs=0 putInQueueCount=0
2026-06-10 16:50:07 INFO TransactionalMessageCheckService - End to check prepare message, consumed time:0
2026-06-10 16:50:37 INFO TransactionalMessageCheckService - Begin to check prepare message, begin time:1781081437476
2026-06-10 16:50:37 INFO TransactionalMessageCheckService - Before check, the queue=MessageQueue [topic=RMQ_SYS_TRANS_HALF_TOPIC, brokerName=broker-a, queueId=0] msgOffset=0 opOffset=0
2026-06-10 16:50:37 WARN TransactionalMessageCheckService - No new message. GetMessageStatus=NO_MESSAGE_IN_QUEUE, topic=RMQ_SYS_TRANS_OP_HALF_TOPIC, groupId=CID_RMQ_SYS_TRANS, requestOffset=0
2026-06-10 16:50:37 WARN TransactionalMessageCheckService - The miss op offset=0 in queue=MessageQueue [topic=RMQ_SYS_TRANS_OP_HALF_TOPIC, brokerName=broker-a, queueId=0] is NO_NEW_MSG, pullResult=PullResult [pullStatus=NO_NEW_MSG, nextBeginOffset=0, minOffset=0, maxOffset=0, msgFoundList=0]
2026-06-10 16:50:37 WARN TransactionalMessageCheckService - No new message. GetMessageStatus=NO_MESSAGE_IN_QUEUE, topic=RMQ_SYS_TRANS_HALF_TOPIC, groupId=CID_RMQ_SYS_TRANS, requestOffset=0
2026-06-10 16:50:37 WARN TransactionalMessageCheckService - No new message. GetMessageStatus=NO_MESSAGE_IN_QUEUE, topic=RMQ_SYS_TRANS_HALF_TOPIC, groupId=CID_RMQ_SYS_TRANS, requestOffset=0
2026-06-10 16:50:37 WARN TransactionalMessageCheckService - No new message. GetMessageStatus=NO_MESSAGE_IN_QUEUE, topic=RMQ_SYS_TRANS_OP_HALF_TOPIC, groupId=CID_RMQ_SYS_TRANS, requestOffset=0
2026-06-10 16:50:37 INFO TransactionalMessageCheckService - After check, MessageQueue [topic=RMQ_SYS_TRANS_HALF_TOPIC, brokerName=broker-a, queueId=0] opOffset=0 opOffsetDiff=0 msgOffset=0 msgOffsetDiff=0 msgTime=Wed Jun 10 08:50:37 UTC 2026 msgTimeDelayInMs=0 putInQueueCount=0
2026-06-10 16:50:37 INFO TransactionalMessageCheckService - End to check prepare message, consumed time:1
2026-06-10 16:51:07 INFO TransactionalMessageCheckService - Begin to check prepare message, begin time:1781081467477
2026-06-10 16:51:07 INFO TransactionalMessageCheckService - Before check, the queue=MessageQueue [topic=RMQ_SYS_TRANS_HALF_TOPIC, brokerName=broker-a, queueId=0] msgOffset=0 opOffset=0
2026-06-10 16:51:07 WARN TransactionalMessageCheckService - No new message. GetMessageStatus=NO_MESSAGE_IN_QUEUE, topic=RMQ_SYS_TRANS_OP_HALF_TOPIC, groupId=CID_RMQ_SYS_TRANS, requestOffset=0
2026-06-10 16:51:07 WARN TransactionalMessageCheckService - The miss op offset=0 in queue=MessageQueue [topic=RMQ_SYS_TRANS_OP_HALF_TOPIC, brokerName=broker-a, queueId=0] is NO_NEW_MSG, pullResult=PullResult [pullStatus=NO_NEW_MSG, nextBeginOffset=0, minOffset=0, maxOffset=0, msgFoundList=0]
2026-06-10 16:51:07 WARN TransactionalMessageCheckService - No new message. GetMessageStatus=NO_MESSAGE_IN_QUEUE, topic=RMQ_SYS_TRANS_HALF_TOPIC, groupId=CID_RMQ_SYS_TRANS, requestOffset=0
2026-06-10 16:51:07 WARN TransactionalMessageCheckService - No new message. GetMessageStatus=NO_MESSAGE_IN_QUEUE, topic=RMQ_SYS_TRANS_HALF_TOPIC, groupId=CID_RMQ_SYS_TRANS, requestOffset=0
2026-06-10 16:51:07 WARN TransactionalMessageCheckService - No new message. GetMessageStatus=NO_MESSAGE_IN_QUEUE, topic=RMQ_SYS_TRANS_OP_HALF_TOPIC, groupId=CID_RMQ_SYS_TRANS, requestOffset=0
2026-06-10 16:51:07 INFO TransactionalMessageCheckService - After check, MessageQueue [topic=RMQ_SYS_TRANS_HALF_TOPIC, brokerName=broker-a, queueId=0] opOffset=0 opOffsetDiff=0 msgOffset=0 msgOffsetDiff=0 msgTime=Wed Jun 10 08:51:07 UTC 2026 msgTimeDelayInMs=0 putInQueueCount=0
2026-06-10 16:51:07 INFO TransactionalMessageCheckService - End to check prepare message, consumed time:0
2026-06-10 16:51:37 INFO TransactionalMessageCheckService - Begin to check prepare message, begin time:1781081497477
2026-06-10 16:51:37 INFO TransactionalMessageCheckService - Before check, the queue=MessageQueue [topic=RMQ_SYS_TRANS_HALF_TOPIC, brokerName=broker-a, queueId=0] msgOffset=0 opOffset=0
2026-06-10 16:51:37 WARN TransactionalMessageCheckService - No new message. GetMessageStatus=NO_MESSAGE_IN_QUEUE, topic=RMQ_SYS_TRANS_OP_HALF_TOPIC, groupId=CID_RMQ_SYS_TRANS, requestOffset=0
2026-06-10 16:51:37 WARN TransactionalMessageCheckService - The miss op offset=0 in queue=MessageQueue [topic=RMQ_SYS_TRANS_OP_HALF_TOPIC, brokerName=broker-a, queueId=0] is NO_NEW_MSG, pullResult=PullResult [pullStatus=NO_NEW_MSG, nextBeginOffset=0, minOffset=0, maxOffset=0, msgFoundList=0]
2026-06-10 16:51:37 WARN TransactionalMessageCheckService - No new message. GetMessageStatus=NO_MESSAGE_IN_QUEUE, topic=RMQ_SYS_TRANS_HALF_TOPIC, groupId=CID_RMQ_SYS_TRANS, requestOffset=0
2026-06-10 16:51:37 WARN TransactionalMessageCheckService - No new message. GetMessageStatus=NO_MESSAGE_IN_QUEUE, topic=RMQ_SYS_TRANS_HALF_TOPIC, groupId=CID_RMQ_SYS_TRANS, requestOffset=0
2026-06-10 16:51:37 WARN TransactionalMessageCheckService - No new message. GetMessageStatus=NO_MESSAGE_IN_QUEUE, topic=RMQ_SYS_TRANS_OP_HALF_TOPIC, groupId=CID_RMQ_SYS_TRANS, requestOffset=0
2026-06-10 16:51:37 INFO TransactionalMessageCheckService - After check, MessageQueue [topic=RMQ_SYS_TRANS_HALF_TOPIC, brokerName=broker-a, queueId=0] opOffset=0 opOffsetDiff=0 msgOffset=0 msgOffsetDiff=0 msgTime=Wed Jun 10 08:51:37 UTC 2026 msgTimeDelayInMs=0 putInQueueCount=0
2026-06-10 16:51:37 INFO TransactionalMessageCheckService - End to check prepare message, consumed time:0
2026-06-10 16:52:07 INFO TransactionalMessageCheckService - Begin to check prepare message, begin time:1781081527477
2026-06-10 16:52:07 INFO TransactionalMessageCheckService - Before check, the queue=MessageQueue [topic=RMQ_SYS_TRANS_HALF_TOPIC, brokerName=broker-a, queueId=0] msgOffset=0 opOffset=0
2026-06-10 16:52:07 WARN TransactionalMessageCheckService - No new message. GetMessageStatus=NO_MESSAGE_IN_QUEUE, topic=RMQ_SYS_TRANS_OP_HALF_TOPIC, groupId=CID_RMQ_SYS_TRANS, requestOffset=0
2026-06-10 16:52:07 WARN TransactionalMessageCheckService - The miss op offset=0 in queue=MessageQueue [topic=RMQ_SYS_TRANS_OP_HALF_TOPIC, brokerName=broker-a, queueId=0] is NO_NEW_MSG, pullResult=PullResult [pullStatus=NO_NEW_MSG, nextBeginOffset=0, minOffset=0, maxOffset=0, msgFoundList=0]
2026-06-10 16:52:07 WARN TransactionalMessageCheckService - No new message. GetMessageStatus=NO_MESSAGE_IN_QUEUE, topic=RMQ_SYS_TRANS_HALF_TOPIC, groupId=CID_RMQ_SYS_TRANS, requestOffset=0
2026-06-10 16:52:07 WARN TransactionalMessageCheckService - No new message. GetMessageStatus=NO_MESSAGE_IN_QUEUE, topic=RMQ_SYS_TRANS_HALF_TOPIC, groupId=CID_RMQ_SYS_TRANS, requestOffset=0
2026-06-10 16:52:07 WARN TransactionalMessageCheckService - No new message. GetMessageStatus=NO_MESSAGE_IN_QUEUE, topic=RMQ_SYS_TRANS_OP_HALF_TOPIC, groupId=CID_RMQ_SYS_TRANS, requestOffset=0
2026-06-10 16:52:07 INFO TransactionalMessageCheckService - After check, MessageQueue [topic=RMQ_SYS_TRANS_HALF_TOPIC, brokerName=broker-a, queueId=0] opOffset=0 opOffsetDiff=0 msgOffset=0 msgOffsetDiff=0 msgTime=Wed Jun 10 08:52:07 UTC 2026 msgTimeDelayInMs=0 putInQueueCount=0
2026-06-10 16:52:07 INFO TransactionalMessageCheckService - End to check prepare message, consumed time:1
2026-06-10 16:52:37 INFO TransactionalMessageCheckService - Begin to check prepare message, begin time:1781081557478
2026-06-10 16:52:37 INFO TransactionalMessageCheckService - Before check, the queue=MessageQueue [topic=RMQ_SYS_TRANS_HALF_TOPIC, brokerName=broker-a, queueId=0] msgOffset=0 opOffset=0
2026-06-10 16:52:37 WARN TransactionalMessageCheckService - No new message. GetMessageStatus=NO_MESSAGE_IN_QUEUE, topic=RMQ_SYS_TRANS_OP_HALF_TOPIC, groupId=CID_RMQ_SYS_TRANS, requestOffset=0
2026-06-10 16:52:37 WARN TransactionalMessageCheckService - The miss op offset=0 in queue=MessageQueue [topic=RMQ_SYS_TRANS_OP_HALF_TOPIC, brokerName=broker-a, queueId=0] is NO_NEW_MSG, pullResult=PullResult [pullStatus=NO_NEW_MSG, nextBeginOffset=0, minOffset=0, maxOffset=0, msgFoundList=0]
2026-06-10 16:52:37 WARN TransactionalMessageCheckService - No new message. GetMessageStatus=NO_MESSAGE_IN_QUEUE, topic=RMQ_SYS_TRANS_HALF_TOPIC, groupId=CID_RMQ_SYS_TRANS, requestOffset=0
2026-06-10 16:52:37 WARN TransactionalMessageCheckService - No new message. GetMessageStatus=NO_MESSAGE_IN_QUEUE, topic=RMQ_SYS_TRANS_HALF_TOPIC, groupId=CID_RMQ_SYS_TRANS, requestOffset=0
2026-06-10 16:52:37 WARN TransactionalMessageCheckService - No new message. GetMessageStatus=NO_MESSAGE_IN_QUEUE, topic=RMQ_SYS_TRANS_OP_HALF_TOPIC, groupId=CID_RMQ_SYS_TRANS, requestOffset=0
2026-06-10 16:52:37 INFO TransactionalMessageCheckService - After check, MessageQueue [topic=RMQ_SYS_TRANS_HALF_TOPIC, brokerName=broker-a, queueId=0] opOffset=0 opOffsetDiff=0 msgOffset=0 msgOffsetDiff=0 msgTime=Wed Jun 10 08:52:37 UTC 2026 msgTimeDelayInMs=0 putInQueueCount=0
2026-06-10 16:52:37 INFO TransactionalMessageCheckService - End to check prepare message, consumed time:0
2026-06-10 16:53:07 INFO TransactionalMessageCheckService - Begin to check prepare message, begin time:1781081587478
2026-06-10 16:53:07 INFO TransactionalMessageCheckService - Before check, the queue=MessageQueue [topic=RMQ_SYS_TRANS_HALF_TOPIC, brokerName=broker-a, queueId=0] msgOffset=0 opOffset=0
2026-06-10 16:53:07 WARN TransactionalMessageCheckService - No new message. GetMessageStatus=NO_MESSAGE_IN_QUEUE, topic=RMQ_SYS_TRANS_OP_HALF_TOPIC, groupId=CID_RMQ_SYS_TRANS, requestOffset=0
2026-06-10 16:53:07 WARN TransactionalMessageCheckService - The miss op offset=0 in queue=MessageQueue [topic=RMQ_SYS_TRANS_OP_HALF_TOPIC, brokerName=broker-a, queueId=0] is NO_NEW_MSG, pullResult=PullResult [pullStatus=NO_NEW_MSG, nextBeginOffset=0, minOffset=0, maxOffset=0, msgFoundList=0]
2026-06-10 16:53:07 WARN TransactionalMessageCheckService - No new message. GetMessageStatus=NO_MESSAGE_IN_QUEUE, topic=RMQ_SYS_TRANS_HALF_TOPIC, groupId=CID_RMQ_SYS_TRANS, requestOffset=0
2026-06-10 16:53:07 WARN TransactionalMessageCheckService - No new message. GetMessageStatus=NO_MESSAGE_IN_QUEUE, topic=RMQ_SYS_TRANS_HALF_TOPIC, groupId=CID_RMQ_SYS_TRANS, requestOffset=0
2026-06-10 16:53:07 WARN TransactionalMessageCheckService - No new message. GetMessageStatus=NO_MESSAGE_IN_QUEUE, topic=RMQ_SYS_TRANS_OP_HALF_TOPIC, groupId=CID_RMQ_SYS_TRANS, requestOffset=0
2026-06-10 16:53:07 INFO TransactionalMessageCheckService - After check, MessageQueue [topic=RMQ_SYS_TRANS_HALF_TOPIC, brokerName=broker-a, queueId=0] opOffset=0 opOffsetDiff=0 msgOffset=0 msgOffsetDiff=0 msgTime=Wed Jun 10 08:53:07 UTC 2026 msgTimeDelayInMs=0 putInQueueCount=0
2026-06-10 16:53:07 INFO TransactionalMessageCheckService - End to check prepare message, consumed time:0
2026-06-10 16:53:37 INFO TransactionalMessageCheckService - Begin to check prepare message, begin time:1781081617478
2026-06-10 16:53:37 INFO TransactionalMessageCheckService - Before check, the queue=MessageQueue [topic=RMQ_SYS_TRANS_HALF_TOPIC, brokerName=broker-a, queueId=0] msgOffset=0 opOffset=0
2026-06-10 16:53:37 WARN TransactionalMessageCheckService - No new message. GetMessageStatus=NO_MESSAGE_IN_QUEUE, topic=RMQ_SYS_TRANS_OP_HALF_TOPIC, groupId=CID_RMQ_SYS_TRANS, requestOffset=0
2026-06-10 16:53:37 WARN TransactionalMessageCheckService - The miss op offset=0 in queue=MessageQueue [topic=RMQ_SYS_TRANS_OP_HALF_TOPIC, brokerName=broker-a, queueId=0] is NO_NEW_MSG, pullResult=PullResult [pullStatus=NO_NEW_MSG, nextBeginOffset=0, minOffset=0, maxOffset=0, msgFoundList=0]
2026-06-10 16:53:37 WARN TransactionalMessageCheckService - No new message. GetMessageStatus=NO_MESSAGE_IN_QUEUE, topic=RMQ_SYS_TRANS_HALF_TOPIC, groupId=CID_RMQ_SYS_TRANS, requestOffset=0
2026-06-10 16:53:37 WARN TransactionalMessageCheckService - No new message. GetMessageStatus=NO_MESSAGE_IN_QUEUE, topic=RMQ_SYS_TRANS_HALF_TOPIC, groupId=CID_RMQ_SYS_TRANS, requestOffset=0
2026-06-10 16:53:37 WARN TransactionalMessageCheckService - No new message. GetMessageStatus=NO_MESSAGE_IN_QUEUE, topic=RMQ_SYS_TRANS_OP_HALF_TOPIC, groupId=CID_RMQ_SYS_TRANS, requestOffset=0
2026-06-10 16:53:37 INFO TransactionalMessageCheckService - After check, MessageQueue [topic=RMQ_SYS_TRANS_HALF_TOPIC, brokerName=broker-a, queueId=0] opOffset=0 opOffsetDiff=0 msgOffset=0 msgOffsetDiff=0 msgTime=Wed Jun 10 08:53:37 UTC 2026 msgTimeDelayInMs=0 putInQueueCount=0
2026-06-10 16:53:37 INFO TransactionalMessageCheckService - End to check prepare message, consumed time:1
2026-06-10 16:54:07 INFO TransactionalMessageCheckService - Begin to check prepare message, begin time:1781081647479
2026-06-10 16:54:07 INFO TransactionalMessageCheckService - Before check, the queue=MessageQueue [topic=RMQ_SYS_TRANS_HALF_TOPIC, brokerName=broker-a, queueId=0] msgOffset=0 opOffset=0
2026-06-10 16:54:07 WARN TransactionalMessageCheckService - No new message. GetMessageStatus=NO_MESSAGE_IN_QUEUE, topic=RMQ_SYS_TRANS_OP_HALF_TOPIC, groupId=CID_RMQ_SYS_TRANS, requestOffset=0
2026-06-10 16:54:07 WARN TransactionalMessageCheckService - The miss op offset=0 in queue=MessageQueue [topic=RMQ_SYS_TRANS_OP_HALF_TOPIC, brokerName=broker-a, queueId=0] is NO_NEW_MSG, pullResult=PullResult [pullStatus=NO_NEW_MSG, nextBeginOffset=0, minOffset=0, maxOffset=0, msgFoundList=0]
2026-06-10 16:54:07 WARN TransactionalMessageCheckService - No new message. GetMessageStatus=NO_MESSAGE_IN_QUEUE, topic=RMQ_SYS_TRANS_HALF_TOPIC, groupId=CID_RMQ_SYS_TRANS, requestOffset=0
2026-06-10 16:54:07 WARN TransactionalMessageCheckService - No new message. GetMessageStatus=NO_MESSAGE_IN_QUEUE, topic=RMQ_SYS_TRANS_HALF_TOPIC, groupId=CID_RMQ_SYS_TRANS, requestOffset=0
2026-06-10 16:54:07 WARN TransactionalMessageCheckService - No new message. GetMessageStatus=NO_MESSAGE_IN_QUEUE, topic=RMQ_SYS_TRANS_OP_HALF_TOPIC, groupId=CID_RMQ_SYS_TRANS, requestOffset=0
2026-06-10 16:54:07 INFO TransactionalMessageCheckService - After check, MessageQueue [topic=RMQ_SYS_TRANS_HALF_TOPIC, brokerName=broker-a, queueId=0] opOffset=0 opOffsetDiff=0 msgOffset=0 msgOffsetDiff=0 msgTime=Wed Jun 10 08:54:07 UTC 2026 msgTimeDelayInMs=0 putInQueueCount=0
2026-06-10 16:54:07 INFO TransactionalMessageCheckService - End to check prepare message, consumed time:0
2026-06-10 16:54:37 INFO TransactionalMessageCheckService - Begin to check prepare message, begin time:1781081677479
2026-06-10 16:54:37 INFO TransactionalMessageCheckService - Before check, the queue=MessageQueue [topic=RMQ_SYS_TRANS_HALF_TOPIC, brokerName=broker-a, queueId=0] msgOffset=0 opOffset=0
2026-06-10 16:54:37 WARN TransactionalMessageCheckService - No new message. GetMessageStatus=NO_MESSAGE_IN_QUEUE, topic=RMQ_SYS_TRANS_OP_HALF_TOPIC, groupId=CID_RMQ_SYS_TRANS, requestOffset=0
2026-06-10 16:54:37 WARN TransactionalMessageCheckService - The miss op offset=0 in queue=MessageQueue [topic=RMQ_SYS_TRANS_OP_HALF_TOPIC, brokerName=broker-a, queueId=0] is NO_NEW_MSG, pullResult=PullResult [pullStatus=NO_NEW_MSG, nextBeginOffset=0, minOffset=0, maxOffset=0, msgFoundList=0]
2026-06-10 16:54:37 WARN TransactionalMessageCheckService - No new message. GetMessageStatus=NO_MESSAGE_IN_QUEUE, topic=RMQ_SYS_TRANS_HALF_TOPIC, groupId=CID_RMQ_SYS_TRANS, requestOffset=0
2026-06-10 16:54:37 WARN TransactionalMessageCheckService - No new message. GetMessageStatus=NO_MESSAGE_IN_QUEUE, topic=RMQ_SYS_TRANS_HALF_TOPIC, groupId=CID_RMQ_SYS_TRANS, requestOffset=0
2026-06-10 16:54:37 WARN TransactionalMessageCheckService - No new message. GetMessageStatus=NO_MESSAGE_IN_QUEUE, topic=RMQ_SYS_TRANS_OP_HALF_TOPIC, groupId=CID_RMQ_SYS_TRANS, requestOffset=0
2026-06-10 16:54:37 INFO TransactionalMessageCheckService - After check, MessageQueue [topic=RMQ_SYS_TRANS_HALF_TOPIC, brokerName=broker-a, queueId=0] opOffset=0 opOffsetDiff=0 msgOffset=0 msgOffsetDiff=0 msgTime=Wed Jun 10 08:54:37 UTC 2026 msgTimeDelayInMs=0 putInQueueCount=0
2026-06-10 16:54:37 INFO TransactionalMessageCheckService - End to check prepare message, consumed time:0
2026-06-10 16:55:07 INFO TransactionalMessageCheckService - Begin to check prepare message, begin time:1781081707479
2026-06-10 16:55:07 INFO TransactionalMessageCheckService - Before check, the queue=MessageQueue [topic=RMQ_SYS_TRANS_HALF_TOPIC, brokerName=broker-a, queueId=0] msgOffset=0 opOffset=0
2026-06-10 16:55:07 WARN TransactionalMessageCheckService - No new message. GetMessageStatus=NO_MESSAGE_IN_QUEUE, topic=RMQ_SYS_TRANS_OP_HALF_TOPIC, groupId=CID_RMQ_SYS_TRANS, requestOffset=0
2026-06-10 16:55:07 WARN TransactionalMessageCheckService - The miss op offset=0 in queue=MessageQueue [topic=RMQ_SYS_TRANS_OP_HALF_TOPIC, brokerName=broker-a, queueId=0] is NO_NEW_MSG, pullResult=PullResult [pullStatus=NO_NEW_MSG, nextBeginOffset=0, minOffset=0, maxOffset=0, msgFoundList=0]
2026-06-10 16:55:07 WARN TransactionalMessageCheckService - No new message. GetMessageStatus=NO_MESSAGE_IN_QUEUE, topic=RMQ_SYS_TRANS_HALF_TOPIC, groupId=CID_RMQ_SYS_TRANS, requestOffset=0
2026-06-10 16:55:07 WARN TransactionalMessageCheckService - No new message. GetMessageStatus=NO_MESSAGE_IN_QUEUE, topic=RMQ_SYS_TRANS_HALF_TOPIC, groupId=CID_RMQ_SYS_TRANS, requestOffset=0
2026-06-10 16:55:07 WARN TransactionalMessageCheckService - No new message. GetMessageStatus=NO_MESSAGE_IN_QUEUE, topic=RMQ_SYS_TRANS_OP_HALF_TOPIC, groupId=CID_RMQ_SYS_TRANS, requestOffset=0
2026-06-10 16:55:07 INFO TransactionalMessageCheckService - After check, MessageQueue [topic=RMQ_SYS_TRANS_HALF_TOPIC, brokerName=broker-a, queueId=0] opOffset=0 opOffsetDiff=0 msgOffset=0 msgOffsetDiff=0 msgTime=Wed Jun 10 08:55:07 UTC 2026 msgTimeDelayInMs=0 putInQueueCount=0
2026-06-10 16:55:07 INFO TransactionalMessageCheckService - End to check prepare message, consumed time:0
2026-06-10 16:55:37 INFO TransactionalMessageCheckService - Begin to check prepare message, begin time:1781081737480
2026-06-10 16:55:37 INFO TransactionalMessageCheckService - Before check, the queue=MessageQueue [topic=RMQ_SYS_TRANS_HALF_TOPIC, brokerName=broker-a, queueId=0] msgOffset=0 opOffset=0
2026-06-10 16:55:37 WARN TransactionalMessageCheckService - No new message. GetMessageStatus=NO_MESSAGE_IN_QUEUE, topic=RMQ_SYS_TRANS_OP_HALF_TOPIC, groupId=CID_RMQ_SYS_TRANS, requestOffset=0
2026-06-10 16:55:37 WARN TransactionalMessageCheckService - The miss op offset=0 in queue=MessageQueue [topic=RMQ_SYS_TRANS_OP_HALF_TOPIC, brokerName=broker-a, queueId=0] is NO_NEW_MSG, pullResult=PullResult [pullStatus=NO_NEW_MSG, nextBeginOffset=0, minOffset=0, maxOffset=0, msgFoundList=0]
2026-06-10 16:55:37 WARN TransactionalMessageCheckService - No new message. GetMessageStatus=NO_MESSAGE_IN_QUEUE, topic=RMQ_SYS_TRANS_HALF_TOPIC, groupId=CID_RMQ_SYS_TRANS, requestOffset=0
2026-06-10 16:55:37 WARN TransactionalMessageCheckService - No new message. GetMessageStatus=NO_MESSAGE_IN_QUEUE, topic=RMQ_SYS_TRANS_HALF_TOPIC, groupId=CID_RMQ_SYS_TRANS, requestOffset=0
2026-06-10 16:55:37 WARN TransactionalMessageCheckService - No new message. GetMessageStatus=NO_MESSAGE_IN_QUEUE, topic=RMQ_SYS_TRANS_OP_HALF_TOPIC, groupId=CID_RMQ_SYS_TRANS, requestOffset=0
2026-06-10 16:55:37 INFO TransactionalMessageCheckService - After check, MessageQueue [topic=RMQ_SYS_TRANS_HALF_TOPIC, brokerName=broker-a, queueId=0] opOffset=0 opOffsetDiff=0 msgOffset=0 msgOffsetDiff=0 msgTime=Wed Jun 10 08:55:37 UTC 2026 msgTimeDelayInMs=0 putInQueueCount=0
2026-06-10 16:55:37 INFO TransactionalMessageCheckService - End to check prepare message, consumed time:0
2026-06-10 16:56:07 INFO TransactionalMessageCheckService - Begin to check prepare message, begin time:1781081767480
2026-06-10 16:56:07 INFO TransactionalMessageCheckService - Before check, the queue=MessageQueue [topic=RMQ_SYS_TRANS_HALF_TOPIC, brokerName=broker-a, queueId=0] msgOffset=0 opOffset=0
2026-06-10 16:56:07 WARN TransactionalMessageCheckService - No new message. GetMessageStatus=NO_MESSAGE_IN_QUEUE, topic=RMQ_SYS_TRANS_OP_HALF_TOPIC, groupId=CID_RMQ_SYS_TRANS, requestOffset=0
2026-06-10 16:56:07 WARN TransactionalMessageCheckService - The miss op offset=0 in queue=MessageQueue [topic=RMQ_SYS_TRANS_OP_HALF_TOPIC, brokerName=broker-a, queueId=0] is NO_NEW_MSG, pullResult=PullResult [pullStatus=NO_NEW_MSG, nextBeginOffset=0, minOffset=0, maxOffset=0, msgFoundList=0]
2026-06-10 16:56:07 WARN TransactionalMessageCheckService - No new message. GetMessageStatus=NO_MESSAGE_IN_QUEUE, topic=RMQ_SYS_TRANS_HALF_TOPIC, groupId=CID_RMQ_SYS_TRANS, requestOffset=0
2026-06-10 16:56:07 WARN TransactionalMessageCheckService - No new message. GetMessageStatus=NO_MESSAGE_IN_QUEUE, topic=RMQ_SYS_TRANS_HALF_TOPIC, groupId=CID_RMQ_SYS_TRANS, requestOffset=0
2026-06-10 16:56:07 WARN TransactionalMessageCheckService - No new message. GetMessageStatus=NO_MESSAGE_IN_QUEUE, topic=RMQ_SYS_TRANS_OP_HALF_TOPIC, groupId=CID_RMQ_SYS_TRANS, requestOffset=0
2026-06-10 16:56:07 INFO TransactionalMessageCheckService - After check, MessageQueue [topic=RMQ_SYS_TRANS_HALF_TOPIC, brokerName=broker-a, queueId=0] opOffset=0 opOffsetDiff=0 msgOffset=0 msgOffsetDiff=0 msgTime=Wed Jun 10 08:56:07 UTC 2026 msgTimeDelayInMs=0 putInQueueCount=0
2026-06-10 16:56:07 INFO TransactionalMessageCheckService - End to check prepare message, consumed time:0
2026-06-10 16:56:37 INFO TransactionalMessageCheckService - Begin to check prepare message, begin time:1781081797480
2026-06-10 16:56:37 INFO TransactionalMessageCheckService - Before check, the queue=MessageQueue [topic=RMQ_SYS_TRANS_HALF_TOPIC, brokerName=broker-a, queueId=0] msgOffset=0 opOffset=0
2026-06-10 16:56:37 WARN TransactionalMessageCheckService - No new message. GetMessageStatus=NO_MESSAGE_IN_QUEUE, topic=RMQ_SYS_TRANS_OP_HALF_TOPIC, groupId=CID_RMQ_SYS_TRANS, requestOffset=0
2026-06-10 16:56:37 WARN TransactionalMessageCheckService - The miss op offset=0 in queue=MessageQueue [topic=RMQ_SYS_TRANS_OP_HALF_TOPIC, brokerName=broker-a, queueId=0] is NO_NEW_MSG, pullResult=PullResult [pullStatus=NO_NEW_MSG, nextBeginOffset=0, minOffset=0, maxOffset=0, msgFoundList=0]
2026-06-10 16:56:37 WARN TransactionalMessageCheckService - No new message. GetMessageStatus=NO_MESSAGE_IN_QUEUE, topic=RMQ_SYS_TRANS_HALF_TOPIC, groupId=CID_RMQ_SYS_TRANS, requestOffset=0
2026-06-10 16:56:37 WARN TransactionalMessageCheckService - No new message. GetMessageStatus=NO_MESSAGE_IN_QUEUE, topic=RMQ_SYS_TRANS_HALF_TOPIC, groupId=CID_RMQ_SYS_TRANS, requestOffset=0
2026-06-10 16:56:37 WARN TransactionalMessageCheckService - No new message. GetMessageStatus=NO_MESSAGE_IN_QUEUE, topic=RMQ_SYS_TRANS_OP_HALF_TOPIC, groupId=CID_RMQ_SYS_TRANS, requestOffset=0
2026-06-10 16:56:37 INFO TransactionalMessageCheckService - After check, MessageQueue [topic=RMQ_SYS_TRANS_HALF_TOPIC, brokerName=broker-a, queueId=0] opOffset=0 opOffsetDiff=0 msgOffset=0 msgOffsetDiff=0 msgTime=Wed Jun 10 08:56:37 UTC 2026 msgTimeDelayInMs=0 putInQueueCount=0
2026-06-10 16:56:37 INFO TransactionalMessageCheckService - End to check prepare message, consumed time:0
2026-06-10 16:57:07 INFO TransactionalMessageCheckService - Begin to check prepare message, begin time:1781081827481
2026-06-10 16:57:07 INFO TransactionalMessageCheckService - Before check, the queue=MessageQueue [topic=RMQ_SYS_TRANS_HALF_TOPIC, brokerName=broker-a, queueId=0] msgOffset=0 opOffset=0
2026-06-10 16:57:07 WARN TransactionalMessageCheckService - No new message. GetMessageStatus=NO_MESSAGE_IN_QUEUE, topic=RMQ_SYS_TRANS_OP_HALF_TOPIC, groupId=CID_RMQ_SYS_TRANS, requestOffset=0
2026-06-10 16:57:07 WARN TransactionalMessageCheckService - The miss op offset=0 in queue=MessageQueue [topic=RMQ_SYS_TRANS_OP_HALF_TOPIC, brokerName=broker-a, queueId=0] is NO_NEW_MSG, pullResult=PullResult [pullStatus=NO_NEW_MSG, nextBeginOffset=0, minOffset=0, maxOffset=0, msgFoundList=0]
2026-06-10 16:57:07 WARN TransactionalMessageCheckService - No new message. GetMessageStatus=NO_MESSAGE_IN_QUEUE, topic=RMQ_SYS_TRANS_HALF_TOPIC, groupId=CID_RMQ_SYS_TRANS, requestOffset=0
2026-06-10 16:57:07 WARN TransactionalMessageCheckService - No new message. GetMessageStatus=NO_MESSAGE_IN_QUEUE, topic=RMQ_SYS_TRANS_HALF_TOPIC, groupId=CID_RMQ_SYS_TRANS, requestOffset=0
2026-06-10 16:57:07 WARN TransactionalMessageCheckService - No new message. GetMessageStatus=NO_MESSAGE_IN_QUEUE, topic=RMQ_SYS_TRANS_OP_HALF_TOPIC, groupId=CID_RMQ_SYS_TRANS, requestOffset=0
2026-06-10 16:57:07 INFO TransactionalMessageCheckService - After check, MessageQueue [topic=RMQ_SYS_TRANS_HALF_TOPIC, brokerName=broker-a, queueId=0] opOffset=0 opOffsetDiff=0 msgOffset=0 msgOffsetDiff=0 msgTime=Wed Jun 10 08:57:07 UTC 2026 msgTimeDelayInMs=0 putInQueueCount=0
2026-06-10 16:57:07 INFO TransactionalMessageCheckService - End to check prepare message, consumed time:0
2026-06-10 16:57:37 INFO TransactionalMessageCheckService - Begin to check prepare message, begin time:1781081857481
2026-06-10 16:57:37 INFO TransactionalMessageCheckService - Before check, the queue=MessageQueue [topic=RMQ_SYS_TRANS_HALF_TOPIC, brokerName=broker-a, queueId=0] msgOffset=0 opOffset=0
2026-06-10 16:57:37 WARN TransactionalMessageCheckService - No new message. GetMessageStatus=NO_MESSAGE_IN_QUEUE, topic=RMQ_SYS_TRANS_OP_HALF_TOPIC, groupId=CID_RMQ_SYS_TRANS, requestOffset=0
2026-06-10 16:57:37 WARN TransactionalMessageCheckService - The miss op offset=0 in queue=MessageQueue [topic=RMQ_SYS_TRANS_OP_HALF_TOPIC, brokerName=broker-a, queueId=0] is NO_NEW_MSG, pullResult=PullResult [pullStatus=NO_NEW_MSG, nextBeginOffset=0, minOffset=0, maxOffset=0, msgFoundList=0]
2026-06-10 16:57:37 WARN TransactionalMessageCheckService - No new message. GetMessageStatus=NO_MESSAGE_IN_QUEUE, topic=RMQ_SYS_TRANS_HALF_TOPIC, groupId=CID_RMQ_SYS_TRANS, requestOffset=0
2026-06-10 16:57:37 WARN TransactionalMessageCheckService - No new message. GetMessageStatus=NO_MESSAGE_IN_QUEUE, topic=RMQ_SYS_TRANS_HALF_TOPIC, groupId=CID_RMQ_SYS_TRANS, requestOffset=0
2026-06-10 16:57:37 WARN TransactionalMessageCheckService - No new message. GetMessageStatus=NO_MESSAGE_IN_QUEUE, topic=RMQ_SYS_TRANS_OP_HALF_TOPIC, groupId=CID_RMQ_SYS_TRANS, requestOffset=0
2026-06-10 16:57:37 INFO TransactionalMessageCheckService - After check, MessageQueue [topic=RMQ_SYS_TRANS_HALF_TOPIC, brokerName=broker-a, queueId=0] opOffset=0 opOffsetDiff=0 msgOffset=0 msgOffsetDiff=0 msgTime=Wed Jun 10 08:57:37 UTC 2026 msgTimeDelayInMs=0 putInQueueCount=0
2026-06-10 16:57:37 INFO TransactionalMessageCheckService - End to check prepare message, consumed time:0
2026-06-10 16:58:07 INFO TransactionalMessageCheckService - Begin to check prepare message, begin time:1781081887481
2026-06-10 16:58:07 INFO TransactionalMessageCheckService - Before check, the queue=MessageQueue [topic=RMQ_SYS_TRANS_HALF_TOPIC, brokerName=broker-a, queueId=0] msgOffset=0 opOffset=0
2026-06-10 16:58:07 WARN TransactionalMessageCheckService - No new message. GetMessageStatus=NO_MESSAGE_IN_QUEUE, topic=RMQ_SYS_TRANS_OP_HALF_TOPIC, groupId=CID_RMQ_SYS_TRANS, requestOffset=0
2026-06-10 16:58:07 WARN TransactionalMessageCheckService - The miss op offset=0 in queue=MessageQueue [topic=RMQ_SYS_TRANS_OP_HALF_TOPIC, brokerName=broker-a, queueId=0] is NO_NEW_MSG, pullResult=PullResult [pullStatus=NO_NEW_MSG, nextBeginOffset=0, minOffset=0, maxOffset=0, msgFoundList=0]
2026-06-10 16:58:07 WARN TransactionalMessageCheckService - No new message. GetMessageStatus=NO_MESSAGE_IN_QUEUE, topic=RMQ_SYS_TRANS_HALF_TOPIC, groupId=CID_RMQ_SYS_TRANS, requestOffset=0
2026-06-10 16:58:07 WARN TransactionalMessageCheckService - No new message. GetMessageStatus=NO_MESSAGE_IN_QUEUE, topic=RMQ_SYS_TRANS_HALF_TOPIC, groupId=CID_RMQ_SYS_TRANS, requestOffset=0
2026-06-10 16:58:07 WARN TransactionalMessageCheckService - No new message. GetMessageStatus=NO_MESSAGE_IN_QUEUE, topic=RMQ_SYS_TRANS_OP_HALF_TOPIC, groupId=CID_RMQ_SYS_TRANS, requestOffset=0
2026-06-10 16:58:07 INFO TransactionalMessageCheckService - After check, MessageQueue [topic=RMQ_SYS_TRANS_HALF_TOPIC, brokerName=broker-a, queueId=0] opOffset=0 opOffsetDiff=0 msgOffset=0 msgOffsetDiff=0 msgTime=Wed Jun 10 08:58:07 UTC 2026 msgTimeDelayInMs=0 putInQueueCount=0
2026-06-10 16:58:07 INFO TransactionalMessageCheckService - End to check prepare message, consumed time:1
2026-06-10 16:58:37 INFO TransactionalMessageCheckService - Begin to check prepare message, begin time:1781081917482
2026-06-10 16:58:37 INFO TransactionalMessageCheckService - Before check, the queue=MessageQueue [topic=RMQ_SYS_TRANS_HALF_TOPIC, brokerName=broker-a, queueId=0] msgOffset=0 opOffset=0
2026-06-10 16:58:37 WARN TransactionalMessageCheckService - No new message. GetMessageStatus=NO_MESSAGE_IN_QUEUE, topic=RMQ_SYS_TRANS_OP_HALF_TOPIC, groupId=CID_RMQ_SYS_TRANS, requestOffset=0
2026-06-10 16:58:37 WARN TransactionalMessageCheckService - The miss op offset=0 in queue=MessageQueue [topic=RMQ_SYS_TRANS_OP_HALF_TOPIC, brokerName=broker-a, queueId=0] is NO_NEW_MSG, pullResult=PullResult [pullStatus=NO_NEW_MSG, nextBeginOffset=0, minOffset=0, maxOffset=0, msgFoundList=0]
2026-06-10 16:58:37 WARN TransactionalMessageCheckService - No new message. GetMessageStatus=NO_MESSAGE_IN_QUEUE, topic=RMQ_SYS_TRANS_HALF_TOPIC, groupId=CID_RMQ_SYS_TRANS, requestOffset=0
2026-06-10 16:58:37 WARN TransactionalMessageCheckService - No new message. GetMessageStatus=NO_MESSAGE_IN_QUEUE, topic=RMQ_SYS_TRANS_HALF_TOPIC, groupId=CID_RMQ_SYS_TRANS, requestOffset=0
2026-06-10 16:58:37 WARN TransactionalMessageCheckService - No new message. GetMessageStatus=NO_MESSAGE_IN_QUEUE, topic=RMQ_SYS_TRANS_OP_HALF_TOPIC, groupId=CID_RMQ_SYS_TRANS, requestOffset=0
2026-06-10 16:58:37 INFO TransactionalMessageCheckService - After check, MessageQueue [topic=RMQ_SYS_TRANS_HALF_TOPIC, brokerName=broker-a, queueId=0] opOffset=0 opOffsetDiff=0 msgOffset=0 msgOffsetDiff=0 msgTime=Wed Jun 10 08:58:37 UTC 2026 msgTimeDelayInMs=0 putInQueueCount=0
2026-06-10 16:58:37 INFO TransactionalMessageCheckService - End to check prepare message, consumed time:0
2026-06-10 16:59:07 INFO TransactionalMessageCheckService - Begin to check prepare message, begin time:1781081947482
2026-06-10 16:59:07 INFO TransactionalMessageCheckService - Before check, the queue=MessageQueue [topic=RMQ_SYS_TRANS_HALF_TOPIC, brokerName=broker-a, queueId=0] msgOffset=0 opOffset=0
2026-06-10 16:59:07 WARN TransactionalMessageCheckService - No new message. GetMessageStatus=NO_MESSAGE_IN_QUEUE, topic=RMQ_SYS_TRANS_OP_HALF_TOPIC, groupId=CID_RMQ_SYS_TRANS, requestOffset=0
2026-06-10 16:59:07 WARN TransactionalMessageCheckService - The miss op offset=0 in queue=MessageQueue [topic=RMQ_SYS_TRANS_OP_HALF_TOPIC, brokerName=broker-a, queueId=0] is NO_NEW_MSG, pullResult=PullResult [pullStatus=NO_NEW_MSG, nextBeginOffset=0, minOffset=0, maxOffset=0, msgFoundList=0]
2026-06-10 16:59:07 WARN TransactionalMessageCheckService - No new message. GetMessageStatus=NO_MESSAGE_IN_QUEUE, topic=RMQ_SYS_TRANS_HALF_TOPIC, groupId=CID_RMQ_SYS_TRANS, requestOffset=0
2026-06-10 16:59:07 WARN TransactionalMessageCheckService - No new message. GetMessageStatus=NO_MESSAGE_IN_QUEUE, topic=RMQ_SYS_TRANS_HALF_TOPIC, groupId=CID_RMQ_SYS_TRANS, requestOffset=0
2026-06-10 16:59:07 WARN TransactionalMessageCheckService - No new message. GetMessageStatus=NO_MESSAGE_IN_QUEUE, topic=RMQ_SYS_TRANS_OP_HALF_TOPIC, groupId=CID_RMQ_SYS_TRANS, requestOffset=0
2026-06-10 16:59:07 INFO TransactionalMessageCheckService - After check, MessageQueue [topic=RMQ_SYS_TRANS_HALF_TOPIC, brokerName=broker-a, queueId=0] opOffset=0 opOffsetDiff=0 msgOffset=0 msgOffsetDiff=0 msgTime=Wed Jun 10 08:59:07 UTC 2026 msgTimeDelayInMs=0 putInQueueCount=0
2026-06-10 16:59:07 INFO TransactionalMessageCheckService - End to check prepare message, consumed time:0
2026-06-10 16:59:37 INFO TransactionalMessageCheckService - Begin to check prepare message, begin time:1781081977482
2026-06-10 16:59:37 INFO TransactionalMessageCheckService - Before check, the queue=MessageQueue [topic=RMQ_SYS_TRANS_HALF_TOPIC, brokerName=broker-a, queueId=0] msgOffset=0 opOffset=0
2026-06-10 16:59:37 WARN TransactionalMessageCheckService - No new message. GetMessageStatus=NO_MESSAGE_IN_QUEUE, topic=RMQ_SYS_TRANS_OP_HALF_TOPIC, groupId=CID_RMQ_SYS_TRANS, requestOffset=0
2026-06-10 16:59:37 WARN TransactionalMessageCheckService - The miss op offset=0 in queue=MessageQueue [topic=RMQ_SYS_TRANS_OP_HALF_TOPIC, brokerName=broker-a, queueId=0] is NO_NEW_MSG, pullResult=PullResult [pullStatus=NO_NEW_MSG, nextBeginOffset=0, minOffset=0, maxOffset=0, msgFoundList=0]
2026-06-10 16:59:37 WARN TransactionalMessageCheckService - No new message. GetMessageStatus=NO_MESSAGE_IN_QUEUE, topic=RMQ_SYS_TRANS_HALF_TOPIC, groupId=CID_RMQ_SYS_TRANS, requestOffset=0
2026-06-10 16:59:37 WARN TransactionalMessageCheckService - No new message. GetMessageStatus=NO_MESSAGE_IN_QUEUE, topic=RMQ_SYS_TRANS_HALF_TOPIC, groupId=CID_RMQ_SYS_TRANS, requestOffset=0
2026-06-10 16:59:37 WARN TransactionalMessageCheckService - No new message. GetMessageStatus=NO_MESSAGE_IN_QUEUE, topic=RMQ_SYS_TRANS_OP_HALF_TOPIC, groupId=CID_RMQ_SYS_TRANS, requestOffset=0
2026-06-10 16:59:37 INFO TransactionalMessageCheckService - After check, MessageQueue [topic=RMQ_SYS_TRANS_HALF_TOPIC, brokerName=broker-a, queueId=0] opOffset=0 opOffsetDiff=0 msgOffset=0 msgOffsetDiff=0 msgTime=Wed Jun 10 08:59:37 UTC 2026 msgTimeDelayInMs=0 putInQueueCount=0
2026-06-10 16:59:37 INFO TransactionalMessageCheckService - End to check prepare message, consumed time:0
2026-06-10 17:00:07 INFO TransactionalMessageCheckService - Begin to check prepare message, begin time:1781082007482
2026-06-10 17:00:07 INFO TransactionalMessageCheckService - Before check, the queue=MessageQueue [topic=RMQ_SYS_TRANS_HALF_TOPIC, brokerName=broker-a, queueId=0] msgOffset=0 opOffset=0
2026-06-10 17:00:07 WARN TransactionalMessageCheckService - No new message. GetMessageStatus=NO_MESSAGE_IN_QUEUE, topic=RMQ_SYS_TRANS_OP_HALF_TOPIC, groupId=CID_RMQ_SYS_TRANS, requestOffset=0
2026-06-10 17:00:07 WARN TransactionalMessageCheckService - The miss op offset=0 in queue=MessageQueue [topic=RMQ_SYS_TRANS_OP_HALF_TOPIC, brokerName=broker-a, queueId=0] is NO_NEW_MSG, pullResult=PullResult [pullStatus=NO_NEW_MSG, nextBeginOffset=0, minOffset=0, maxOffset=0, msgFoundList=0]
2026-06-10 17:00:07 WARN TransactionalMessageCheckService - No new message. GetMessageStatus=NO_MESSAGE_IN_QUEUE, topic=RMQ_SYS_TRANS_HALF_TOPIC, groupId=CID_RMQ_SYS_TRANS, requestOffset=0
2026-06-10 17:00:07 WARN TransactionalMessageCheckService - No new message. GetMessageStatus=NO_MESSAGE_IN_QUEUE, topic=RMQ_SYS_TRANS_HALF_TOPIC, groupId=CID_RMQ_SYS_TRANS, requestOffset=0
2026-06-10 17:00:07 WARN TransactionalMessageCheckService - No new message. GetMessageStatus=NO_MESSAGE_IN_QUEUE, topic=RMQ_SYS_TRANS_OP_HALF_TOPIC, groupId=CID_RMQ_SYS_TRANS, requestOffset=0
2026-06-10 17:00:07 INFO TransactionalMessageCheckService - After check, MessageQueue [topic=RMQ_SYS_TRANS_HALF_TOPIC, brokerName=broker-a, queueId=0] opOffset=0 opOffsetDiff=0 msgOffset=0 msgOffsetDiff=0 msgTime=Wed Jun 10 09:00:07 UTC 2026 msgTimeDelayInMs=0 putInQueueCount=0
2026-06-10 17:00:07 INFO TransactionalMessageCheckService - End to check prepare message, consumed time:1
2026-06-10 17:00:37 INFO TransactionalMessageCheckService - Begin to check prepare message, begin time:1781082037483
2026-06-10 17:00:37 INFO TransactionalMessageCheckService - Before check, the queue=MessageQueue [topic=RMQ_SYS_TRANS_HALF_TOPIC, brokerName=broker-a, queueId=0] msgOffset=0 opOffset=0
2026-06-10 17:00:37 WARN TransactionalMessageCheckService - No new message. GetMessageStatus=NO_MESSAGE_IN_QUEUE, topic=RMQ_SYS_TRANS_OP_HALF_TOPIC, groupId=CID_RMQ_SYS_TRANS, requestOffset=0
2026-06-10 17:00:37 WARN TransactionalMessageCheckService - The miss op offset=0 in queue=MessageQueue [topic=RMQ_SYS_TRANS_OP_HALF_TOPIC, brokerName=broker-a, queueId=0] is NO_NEW_MSG, pullResult=PullResult [pullStatus=NO_NEW_MSG, nextBeginOffset=0, minOffset=0, maxOffset=0, msgFoundList=0]
2026-06-10 17:00:37 WARN TransactionalMessageCheckService - No new message. GetMessageStatus=NO_MESSAGE_IN_QUEUE, topic=RMQ_SYS_TRANS_HALF_TOPIC, groupId=CID_RMQ_SYS_TRANS, requestOffset=0
2026-06-10 17:00:37 WARN TransactionalMessageCheckService - No new message. GetMessageStatus=NO_MESSAGE_IN_QUEUE, topic=RMQ_SYS_TRANS_HALF_TOPIC, groupId=CID_RMQ_SYS_TRANS, requestOffset=0
2026-06-10 17:00:37 WARN TransactionalMessageCheckService - No new message. GetMessageStatus=NO_MESSAGE_IN_QUEUE, topic=RMQ_SYS_TRANS_OP_HALF_TOPIC, groupId=CID_RMQ_SYS_TRANS, requestOffset=0
2026-06-10 17:00:37 INFO TransactionalMessageCheckService - After check, MessageQueue [topic=RMQ_SYS_TRANS_HALF_TOPIC, brokerName=broker-a, queueId=0] opOffset=0 opOffsetDiff=0 msgOffset=0 msgOffsetDiff=0 msgTime=Wed Jun 10 09:00:37 UTC 2026 msgTimeDelayInMs=0 putInQueueCount=0
2026-06-10 17:00:37 INFO TransactionalMessageCheckService - End to check prepare message, consumed time:0
2026-06-10 17:01:07 INFO TransactionalMessageCheckService - Begin to check prepare message, begin time:1781082067483
2026-06-10 17:01:07 INFO TransactionalMessageCheckService - Before check, the queue=MessageQueue [topic=RMQ_SYS_TRANS_HALF_TOPIC, brokerName=broker-a, queueId=0] msgOffset=0 opOffset=0
2026-06-10 17:01:07 WARN TransactionalMessageCheckService - No new message. GetMessageStatus=NO_MESSAGE_IN_QUEUE, topic=RMQ_SYS_TRANS_OP_HALF_TOPIC, groupId=CID_RMQ_SYS_TRANS, requestOffset=0
2026-06-10 17:01:07 WARN TransactionalMessageCheckService - The miss op offset=0 in queue=MessageQueue [topic=RMQ_SYS_TRANS_OP_HALF_TOPIC, brokerName=broker-a, queueId=0] is NO_NEW_MSG, pullResult=PullResult [pullStatus=NO_NEW_MSG, nextBeginOffset=0, minOffset=0, maxOffset=0, msgFoundList=0]
2026-06-10 17:01:07 WARN TransactionalMessageCheckService - No new message. GetMessageStatus=NO_MESSAGE_IN_QUEUE, topic=RMQ_SYS_TRANS_HALF_TOPIC, groupId=CID_RMQ_SYS_TRANS, requestOffset=0
2026-06-10 17:01:07 WARN TransactionalMessageCheckService - No new message. GetMessageStatus=NO_MESSAGE_IN_QUEUE, topic=RMQ_SYS_TRANS_HALF_TOPIC, groupId=CID_RMQ_SYS_TRANS, requestOffset=0
2026-06-10 17:01:07 WARN TransactionalMessageCheckService - No new message. GetMessageStatus=NO_MESSAGE_IN_QUEUE, topic=RMQ_SYS_TRANS_OP_HALF_TOPIC, groupId=CID_RMQ_SYS_TRANS, requestOffset=0
2026-06-10 17:01:07 INFO TransactionalMessageCheckService - After check, MessageQueue [topic=RMQ_SYS_TRANS_HALF_TOPIC, brokerName=broker-a, queueId=0] opOffset=0 opOffsetDiff=0 msgOffset=0 msgOffsetDiff=0 msgTime=Wed Jun 10 09:01:07 UTC 2026 msgTimeDelayInMs=0 putInQueueCount=0
2026-06-10 17:01:07 INFO TransactionalMessageCheckService - End to check prepare message, consumed time:0
2026-06-10 17:01:37 INFO TransactionalMessageCheckService - Begin to check prepare message, begin time:1781082097483
2026-06-10 17:01:37 INFO TransactionalMessageCheckService - Before check, the queue=MessageQueue [topic=RMQ_SYS_TRANS_HALF_TOPIC, brokerName=broker-a, queueId=0] msgOffset=0 opOffset=0
2026-06-10 17:01:37 WARN TransactionalMessageCheckService - No new message. GetMessageStatus=NO_MESSAGE_IN_QUEUE, topic=RMQ_SYS_TRANS_OP_HALF_TOPIC, groupId=CID_RMQ_SYS_TRANS, requestOffset=0
2026-06-10 17:01:37 WARN TransactionalMessageCheckService - The miss op offset=0 in queue=MessageQueue [topic=RMQ_SYS_TRANS_OP_HALF_TOPIC, brokerName=broker-a, queueId=0] is NO_NEW_MSG, pullResult=PullResult [pullStatus=NO_NEW_MSG, nextBeginOffset=0, minOffset=0, maxOffset=0, msgFoundList=0]
2026-06-10 17:01:37 WARN TransactionalMessageCheckService - No new message. GetMessageStatus=NO_MESSAGE_IN_QUEUE, topic=RMQ_SYS_TRANS_HALF_TOPIC, groupId=CID_RMQ_SYS_TRANS, requestOffset=0
2026-06-10 17:01:37 WARN TransactionalMessageCheckService - No new message. GetMessageStatus=NO_MESSAGE_IN_QUEUE, topic=RMQ_SYS_TRANS_HALF_TOPIC, groupId=CID_RMQ_SYS_TRANS, requestOffset=0
2026-06-10 17:01:37 WARN TransactionalMessageCheckService - No new message. GetMessageStatus=NO_MESSAGE_IN_QUEUE, topic=RMQ_SYS_TRANS_OP_HALF_TOPIC, groupId=CID_RMQ_SYS_TRANS, requestOffset=0
2026-06-10 17:01:37 INFO TransactionalMessageCheckService - After check, MessageQueue [topic=RMQ_SYS_TRANS_HALF_TOPIC, brokerName=broker-a, queueId=0] opOffset=0 opOffsetDiff=0 msgOffset=0 msgOffsetDiff=0 msgTime=Wed Jun 10 09:01:37 UTC 2026 msgTimeDelayInMs=0 putInQueueCount=0
2026-06-10 17:01:37 INFO TransactionalMessageCheckService - End to check prepare message, consumed time:1
2026-06-10 17:02:07 INFO TransactionalMessageCheckService - Begin to check prepare message, begin time:1781082127484
2026-06-10 17:02:07 INFO TransactionalMessageCheckService - Before check, the queue=MessageQueue [topic=RMQ_SYS_TRANS_HALF_TOPIC, brokerName=broker-a, queueId=0] msgOffset=0 opOffset=0
2026-06-10 17:02:07 WARN TransactionalMessageCheckService - No new message. GetMessageStatus=NO_MESSAGE_IN_QUEUE, topic=RMQ_SYS_TRANS_OP_HALF_TOPIC, groupId=CID_RMQ_SYS_TRANS, requestOffset=0
2026-06-10 17:02:07 WARN TransactionalMessageCheckService - The miss op offset=0 in queue=MessageQueue [topic=RMQ_SYS_TRANS_OP_HALF_TOPIC, brokerName=broker-a, queueId=0] is NO_NEW_MSG, pullResult=PullResult [pullStatus=NO_NEW_MSG, nextBeginOffset=0, minOffset=0, maxOffset=0, msgFoundList=0]
2026-06-10 17:02:07 WARN TransactionalMessageCheckService - No new message. GetMessageStatus=NO_MESSAGE_IN_QUEUE, topic=RMQ_SYS_TRANS_HALF_TOPIC, groupId=CID_RMQ_SYS_TRANS, requestOffset=0
2026-06-10 17:02:07 WARN TransactionalMessageCheckService - No new message. GetMessageStatus=NO_MESSAGE_IN_QUEUE, topic=RMQ_SYS_TRANS_HALF_TOPIC, groupId=CID_RMQ_SYS_TRANS, requestOffset=0
2026-06-10 17:02:07 WARN TransactionalMessageCheckService - No new message. GetMessageStatus=NO_MESSAGE_IN_QUEUE, topic=RMQ_SYS_TRANS_OP_HALF_TOPIC, groupId=CID_RMQ_SYS_TRANS, requestOffset=0
2026-06-10 17:02:07 INFO TransactionalMessageCheckService - After check, MessageQueue [topic=RMQ_SYS_TRANS_HALF_TOPIC, brokerName=broker-a, queueId=0] opOffset=0 opOffsetDiff=0 msgOffset=0 msgOffsetDiff=0 msgTime=Wed Jun 10 09:02:07 UTC 2026 msgTimeDelayInMs=0 putInQueueCount=0
2026-06-10 17:02:07 INFO TransactionalMessageCheckService - End to check prepare message, consumed time:0
2026-06-10 17:02:37 INFO TransactionalMessageCheckService - Begin to check prepare message, begin time:1781082157484
2026-06-10 17:02:37 INFO TransactionalMessageCheckService - Before check, the queue=MessageQueue [topic=RMQ_SYS_TRANS_HALF_TOPIC, brokerName=broker-a, queueId=0] msgOffset=0 opOffset=0
2026-06-10 17:02:37 WARN TransactionalMessageCheckService - No new message. GetMessageStatus=NO_MESSAGE_IN_QUEUE, topic=RMQ_SYS_TRANS_OP_HALF_TOPIC, groupId=CID_RMQ_SYS_TRANS, requestOffset=0
2026-06-10 17:02:37 WARN TransactionalMessageCheckService - The miss op offset=0 in queue=MessageQueue [topic=RMQ_SYS_TRANS_OP_HALF_TOPIC, brokerName=broker-a, queueId=0] is NO_NEW_MSG, pullResult=PullResult [pullStatus=NO_NEW_MSG, nextBeginOffset=0, minOffset=0, maxOffset=0, msgFoundList=0]
2026-06-10 17:02:37 WARN TransactionalMessageCheckService - No new message. GetMessageStatus=NO_MESSAGE_IN_QUEUE, topic=RMQ_SYS_TRANS_HALF_TOPIC, groupId=CID_RMQ_SYS_TRANS, requestOffset=0
2026-06-10 17:02:37 WARN TransactionalMessageCheckService - No new message. GetMessageStatus=NO_MESSAGE_IN_QUEUE, topic=RMQ_SYS_TRANS_HALF_TOPIC, groupId=CID_RMQ_SYS_TRANS, requestOffset=0
2026-06-10 17:02:37 WARN TransactionalMessageCheckService - No new message. GetMessageStatus=NO_MESSAGE_IN_QUEUE, topic=RMQ_SYS_TRANS_OP_HALF_TOPIC, groupId=CID_RMQ_SYS_TRANS, requestOffset=0
2026-06-10 17:02:37 INFO TransactionalMessageCheckService - After check, MessageQueue [topic=RMQ_SYS_TRANS_HALF_TOPIC, brokerName=broker-a, queueId=0] opOffset=0 opOffsetDiff=0 msgOffset=0 msgOffsetDiff=0 msgTime=Wed Jun 10 09:02:37 UTC 2026 msgTimeDelayInMs=0 putInQueueCount=0
2026-06-10 17:02:37 INFO TransactionalMessageCheckService - End to check prepare message, consumed time:0
2026-06-10 17:03:07 INFO TransactionalMessageCheckService - Begin to check prepare message, begin time:1781082187485
2026-06-10 17:03:07 INFO TransactionalMessageCheckService - Before check, the queue=MessageQueue [topic=RMQ_SYS_TRANS_HALF_TOPIC, brokerName=broker-a, queueId=0] msgOffset=0 opOffset=0
2026-06-10 17:03:07 WARN TransactionalMessageCheckService - No new message. GetMessageStatus=NO_MESSAGE_IN_QUEUE, topic=RMQ_SYS_TRANS_OP_HALF_TOPIC, groupId=CID_RMQ_SYS_TRANS, requestOffset=0
2026-06-10 17:03:07 WARN TransactionalMessageCheckService - The miss op offset=0 in queue=MessageQueue [topic=RMQ_SYS_TRANS_OP_HALF_TOPIC, brokerName=broker-a, queueId=0] is NO_NEW_MSG, pullResult=PullResult [pullStatus=NO_NEW_MSG, nextBeginOffset=0, minOffset=0, maxOffset=0, msgFoundList=0]
2026-06-10 17:03:07 WARN TransactionalMessageCheckService - No new message. GetMessageStatus=NO_MESSAGE_IN_QUEUE, topic=RMQ_SYS_TRANS_HALF_TOPIC, groupId=CID_RMQ_SYS_TRANS, requestOffset=0
2026-06-10 17:03:07 WARN TransactionalMessageCheckService - No new message. GetMessageStatus=NO_MESSAGE_IN_QUEUE, topic=RMQ_SYS_TRANS_HALF_TOPIC, groupId=CID_RMQ_SYS_TRANS, requestOffset=0
2026-06-10 17:03:07 WARN TransactionalMessageCheckService - No new message. GetMessageStatus=NO_MESSAGE_IN_QUEUE, topic=RMQ_SYS_TRANS_OP_HALF_TOPIC, groupId=CID_RMQ_SYS_TRANS, requestOffset=0
2026-06-10 17:03:07 INFO TransactionalMessageCheckService - After check, MessageQueue [topic=RMQ_SYS_TRANS_HALF_TOPIC, brokerName=broker-a, queueId=0] opOffset=0 opOffsetDiff=0 msgOffset=0 msgOffsetDiff=0 msgTime=Wed Jun 10 09:03:07 UTC 2026 msgTimeDelayInMs=0 putInQueueCount=0
2026-06-10 17:03:07 INFO TransactionalMessageCheckService - End to check prepare message, consumed time:0
2026-06-10 17:03:37 INFO TransactionalMessageCheckService - Begin to check prepare message, begin time:1781082217485
2026-06-10 17:03:37 INFO TransactionalMessageCheckService - Before check, the queue=MessageQueue [topic=RMQ_SYS_TRANS_HALF_TOPIC, brokerName=broker-a, queueId=0] msgOffset=0 opOffset=0
2026-06-10 17:03:37 WARN TransactionalMessageCheckService - No new message. GetMessageStatus=NO_MESSAGE_IN_QUEUE, topic=RMQ_SYS_TRANS_OP_HALF_TOPIC, groupId=CID_RMQ_SYS_TRANS, requestOffset=0
2026-06-10 17:03:37 WARN TransactionalMessageCheckService - The miss op offset=0 in queue=MessageQueue [topic=RMQ_SYS_TRANS_OP_HALF_TOPIC, brokerName=broker-a, queueId=0] is NO_NEW_MSG, pullResult=PullResult [pullStatus=NO_NEW_MSG, nextBeginOffset=0, minOffset=0, maxOffset=0, msgFoundList=0]
2026-06-10 17:03:37 WARN TransactionalMessageCheckService - No new message. GetMessageStatus=NO_MESSAGE_IN_QUEUE, topic=RMQ_SYS_TRANS_HALF_TOPIC, groupId=CID_RMQ_SYS_TRANS, requestOffset=0
2026-06-10 17:03:37 WARN TransactionalMessageCheckService - No new message. GetMessageStatus=NO_MESSAGE_IN_QUEUE, topic=RMQ_SYS_TRANS_HALF_TOPIC, groupId=CID_RMQ_SYS_TRANS, requestOffset=0
2026-06-10 17:03:37 WARN TransactionalMessageCheckService - No new message. GetMessageStatus=NO_MESSAGE_IN_QUEUE, topic=RMQ_SYS_TRANS_OP_HALF_TOPIC, groupId=CID_RMQ_SYS_TRANS, requestOffset=0
2026-06-10 17:03:37 INFO TransactionalMessageCheckService - After check, MessageQueue [topic=RMQ_SYS_TRANS_HALF_TOPIC, brokerName=broker-a, queueId=0] opOffset=0 opOffsetDiff=0 msgOffset=0 msgOffsetDiff=0 msgTime=Wed Jun 10 09:03:37 UTC 2026 msgTimeDelayInMs=0 putInQueueCount=0
2026-06-10 17:03:37 INFO TransactionalMessageCheckService - End to check prepare message, consumed time:0
2026-06-10 17:04:07 INFO TransactionalMessageCheckService - Begin to check prepare message, begin time:1781082247485
2026-06-10 17:04:07 INFO TransactionalMessageCheckService - Before check, the queue=MessageQueue [topic=RMQ_SYS_TRANS_HALF_TOPIC, brokerName=broker-a, queueId=0] msgOffset=0 opOffset=0
2026-06-10 17:04:07 WARN TransactionalMessageCheckService - No new message. GetMessageStatus=NO_MESSAGE_IN_QUEUE, topic=RMQ_SYS_TRANS_OP_HALF_TOPIC, groupId=CID_RMQ_SYS_TRANS, requestOffset=0
2026-06-10 17:04:07 WARN TransactionalMessageCheckService - The miss op offset=0 in queue=MessageQueue [topic=RMQ_SYS_TRANS_OP_HALF_TOPIC, brokerName=broker-a, queueId=0] is NO_NEW_MSG, pullResult=PullResult [pullStatus=NO_NEW_MSG, nextBeginOffset=0, minOffset=0, maxOffset=0, msgFoundList=0]
2026-06-10 17:04:07 WARN TransactionalMessageCheckService - No new message. GetMessageStatus=NO_MESSAGE_IN_QUEUE, topic=RMQ_SYS_TRANS_HALF_TOPIC, groupId=CID_RMQ_SYS_TRANS, requestOffset=0
2026-06-10 17:04:07 WARN TransactionalMessageCheckService - No new message. GetMessageStatus=NO_MESSAGE_IN_QUEUE, topic=RMQ_SYS_TRANS_HALF_TOPIC, groupId=CID_RMQ_SYS_TRANS, requestOffset=0
2026-06-10 17:04:07 WARN TransactionalMessageCheckService - No new message. GetMessageStatus=NO_MESSAGE_IN_QUEUE, topic=RMQ_SYS_TRANS_OP_HALF_TOPIC, groupId=CID_RMQ_SYS_TRANS, requestOffset=0
2026-06-10 17:04:07 INFO TransactionalMessageCheckService - After check, MessageQueue [topic=RMQ_SYS_TRANS_HALF_TOPIC, brokerName=broker-a, queueId=0] opOffset=0 opOffsetDiff=0 msgOffset=0 msgOffsetDiff=0 msgTime=Wed Jun 10 09:04:07 UTC 2026 msgTimeDelayInMs=0 putInQueueCount=0
2026-06-10 17:04:07 INFO TransactionalMessageCheckService - End to check prepare message, consumed time:1
2026-06-10 17:04:37 INFO TransactionalMessageCheckService - Begin to check prepare message, begin time:1781082277486
2026-06-10 17:04:37 INFO TransactionalMessageCheckService - Before check, the queue=MessageQueue [topic=RMQ_SYS_TRANS_HALF_TOPIC, brokerName=broker-a, queueId=0] msgOffset=0 opOffset=0
2026-06-10 17:04:37 WARN TransactionalMessageCheckService - No new message. GetMessageStatus=NO_MESSAGE_IN_QUEUE, topic=RMQ_SYS_TRANS_OP_HALF_TOPIC, groupId=CID_RMQ_SYS_TRANS, requestOffset=0
2026-06-10 17:04:37 WARN TransactionalMessageCheckService - The miss op offset=0 in queue=MessageQueue [topic=RMQ_SYS_TRANS_OP_HALF_TOPIC, brokerName=broker-a, queueId=0] is NO_NEW_MSG, pullResult=PullResult [pullStatus=NO_NEW_MSG, nextBeginOffset=0, minOffset=0, maxOffset=0, msgFoundList=0]
2026-06-10 17:04:37 WARN TransactionalMessageCheckService - No new message. GetMessageStatus=NO_MESSAGE_IN_QUEUE, topic=RMQ_SYS_TRANS_HALF_TOPIC, groupId=CID_RMQ_SYS_TRANS, requestOffset=0
2026-06-10 17:04:37 WARN TransactionalMessageCheckService - No new message. GetMessageStatus=NO_MESSAGE_IN_QUEUE, topic=RMQ_SYS_TRANS_HALF_TOPIC, groupId=CID_RMQ_SYS_TRANS, requestOffset=0
2026-06-10 17:04:37 WARN TransactionalMessageCheckService - No new message. GetMessageStatus=NO_MESSAGE_IN_QUEUE, topic=RMQ_SYS_TRANS_OP_HALF_TOPIC, groupId=CID_RMQ_SYS_TRANS, requestOffset=0
2026-06-10 17:04:37 INFO TransactionalMessageCheckService - After check, MessageQueue [topic=RMQ_SYS_TRANS_HALF_TOPIC, brokerName=broker-a, queueId=0] opOffset=0 opOffsetDiff=0 msgOffset=0 msgOffsetDiff=0 msgTime=Wed Jun 10 09:04:37 UTC 2026 msgTimeDelayInMs=0 putInQueueCount=0
2026-06-10 17:04:37 INFO TransactionalMessageCheckService - End to check prepare message, consumed time:0
2026-06-10 17:05:07 INFO TransactionalMessageCheckService - Begin to check prepare message, begin time:1781082307486
2026-06-10 17:05:07 INFO TransactionalMessageCheckService - Before check, the queue=MessageQueue [topic=RMQ_SYS_TRANS_HALF_TOPIC, brokerName=broker-a, queueId=0] msgOffset=0 opOffset=0
2026-06-10 17:05:07 WARN TransactionalMessageCheckService - No new message. GetMessageStatus=NO_MESSAGE_IN_QUEUE, topic=RMQ_SYS_TRANS_OP_HALF_TOPIC, groupId=CID_RMQ_SYS_TRANS, requestOffset=0
2026-06-10 17:05:07 WARN TransactionalMessageCheckService - The miss op offset=0 in queue=MessageQueue [topic=RMQ_SYS_TRANS_OP_HALF_TOPIC, brokerName=broker-a, queueId=0] is NO_NEW_MSG, pullResult=PullResult [pullStatus=NO_NEW_MSG, nextBeginOffset=0, minOffset=0, maxOffset=0, msgFoundList=0]
2026-06-10 17:05:07 WARN TransactionalMessageCheckService - No new message. GetMessageStatus=NO_MESSAGE_IN_QUEUE, topic=RMQ_SYS_TRANS_HALF_TOPIC, groupId=CID_RMQ_SYS_TRANS, requestOffset=0
2026-06-10 17:05:07 WARN TransactionalMessageCheckService - No new message. GetMessageStatus=NO_MESSAGE_IN_QUEUE, topic=RMQ_SYS_TRANS_HALF_TOPIC, groupId=CID_RMQ_SYS_TRANS, requestOffset=0
2026-06-10 17:05:07 WARN TransactionalMessageCheckService - No new message. GetMessageStatus=NO_MESSAGE_IN_QUEUE, topic=RMQ_SYS_TRANS_OP_HALF_TOPIC, groupId=CID_RMQ_SYS_TRANS, requestOffset=0
2026-06-10 17:05:07 INFO TransactionalMessageCheckService - After check, MessageQueue [topic=RMQ_SYS_TRANS_HALF_TOPIC, brokerName=broker-a, queueId=0] opOffset=0 opOffsetDiff=0 msgOffset=0 msgOffsetDiff=0 msgTime=Wed Jun 10 09:05:07 UTC 2026 msgTimeDelayInMs=0 putInQueueCount=0
2026-06-10 17:05:07 INFO TransactionalMessageCheckService - End to check prepare message, consumed time:0
2026-06-10 17:05:37 INFO TransactionalMessageCheckService - Begin to check prepare message, begin time:1781082337487
2026-06-10 17:05:37 INFO TransactionalMessageCheckService - Before check, the queue=MessageQueue [topic=RMQ_SYS_TRANS_HALF_TOPIC, brokerName=broker-a, queueId=0] msgOffset=0 opOffset=0
2026-06-10 17:05:37 WARN TransactionalMessageCheckService - No new message. GetMessageStatus=NO_MESSAGE_IN_QUEUE, topic=RMQ_SYS_TRANS_OP_HALF_TOPIC, groupId=CID_RMQ_SYS_TRANS, requestOffset=0
2026-06-10 17:05:37 WARN TransactionalMessageCheckService - The miss op offset=0 in queue=MessageQueue [topic=RMQ_SYS_TRANS_OP_HALF_TOPIC, brokerName=broker-a, queueId=0] is NO_NEW_MSG, pullResult=PullResult [pullStatus=NO_NEW_MSG, nextBeginOffset=0, minOffset=0, maxOffset=0, msgFoundList=0]
2026-06-10 17:05:37 WARN TransactionalMessageCheckService - No new message. GetMessageStatus=NO_MESSAGE_IN_QUEUE, topic=RMQ_SYS_TRANS_HALF_TOPIC, groupId=CID_RMQ_SYS_TRANS, requestOffset=0
2026-06-10 17:05:37 WARN TransactionalMessageCheckService - No new message. GetMessageStatus=NO_MESSAGE_IN_QUEUE, topic=RMQ_SYS_TRANS_HALF_TOPIC, groupId=CID_RMQ_SYS_TRANS, requestOffset=0
2026-06-10 17:05:37 WARN TransactionalMessageCheckService - No new message. GetMessageStatus=NO_MESSAGE_IN_QUEUE, topic=RMQ_SYS_TRANS_OP_HALF_TOPIC, groupId=CID_RMQ_SYS_TRANS, requestOffset=0
2026-06-10 17:05:37 INFO TransactionalMessageCheckService - After check, MessageQueue [topic=RMQ_SYS_TRANS_HALF_TOPIC, brokerName=broker-a, queueId=0] opOffset=0 opOffsetDiff=0 msgOffset=0 msgOffsetDiff=0 msgTime=Wed Jun 10 09:05:37 UTC 2026 msgTimeDelayInMs=0 putInQueueCount=0
2026-06-10 17:05:37 INFO TransactionalMessageCheckService - End to check prepare message, consumed time:0
2026-06-10 17:06:07 INFO TransactionalMessageCheckService - Begin to check prepare message, begin time:1781082367487
2026-06-10 17:06:07 INFO TransactionalMessageCheckService - Before check, the queue=MessageQueue [topic=RMQ_SYS_TRANS_HALF_TOPIC, brokerName=broker-a, queueId=0] msgOffset=0 opOffset=0
2026-06-10 17:06:07 WARN TransactionalMessageCheckService - No new message. GetMessageStatus=NO_MESSAGE_IN_QUEUE, topic=RMQ_SYS_TRANS_OP_HALF_TOPIC, groupId=CID_RMQ_SYS_TRANS, requestOffset=0
2026-06-10 17:06:07 WARN TransactionalMessageCheckService - The miss op offset=0 in queue=MessageQueue [topic=RMQ_SYS_TRANS_OP_HALF_TOPIC, brokerName=broker-a, queueId=0] is NO_NEW_MSG, pullResult=PullResult [pullStatus=NO_NEW_MSG, nextBeginOffset=0, minOffset=0, maxOffset=0, msgFoundList=0]
2026-06-10 17:06:07 WARN TransactionalMessageCheckService - No new message. GetMessageStatus=NO_MESSAGE_IN_QUEUE, topic=RMQ_SYS_TRANS_HALF_TOPIC, groupId=CID_RMQ_SYS_TRANS, requestOffset=0
2026-06-10 17:06:07 WARN TransactionalMessageCheckService - No new message. GetMessageStatus=NO_MESSAGE_IN_QUEUE, topic=RMQ_SYS_TRANS_HALF_TOPIC, groupId=CID_RMQ_SYS_TRANS, requestOffset=0
2026-06-10 17:06:07 WARN TransactionalMessageCheckService - No new message. GetMessageStatus=NO_MESSAGE_IN_QUEUE, topic=RMQ_SYS_TRANS_OP_HALF_TOPIC, groupId=CID_RMQ_SYS_TRANS, requestOffset=0
2026-06-10 17:06:07 INFO TransactionalMessageCheckService - After check, MessageQueue [topic=RMQ_SYS_TRANS_HALF_TOPIC, brokerName=broker-a, queueId=0] opOffset=0 opOffsetDiff=0 msgOffset=0 msgOffsetDiff=0 msgTime=Wed Jun 10 09:06:07 UTC 2026 msgTimeDelayInMs=0 putInQueueCount=0
2026-06-10 17:06:07 INFO TransactionalMessageCheckService - End to check prepare message, consumed time:0
2026-06-10 17:06:37 INFO TransactionalMessageCheckService - Begin to check prepare message, begin time:1781082397487
2026-06-10 17:06:37 INFO TransactionalMessageCheckService - Before check, the queue=MessageQueue [topic=RMQ_SYS_TRANS_HALF_TOPIC, brokerName=broker-a, queueId=0] msgOffset=0 opOffset=0
2026-06-10 17:06:37 WARN TransactionalMessageCheckService - No new message. GetMessageStatus=NO_MESSAGE_IN_QUEUE, topic=RMQ_SYS_TRANS_OP_HALF_TOPIC, groupId=CID_RMQ_SYS_TRANS, requestOffset=0
2026-06-10 17:06:37 WARN TransactionalMessageCheckService - The miss op offset=0 in queue=MessageQueue [topic=RMQ_SYS_TRANS_OP_HALF_TOPIC, brokerName=broker-a, queueId=0] is NO_NEW_MSG, pullResult=PullResult [pullStatus=NO_NEW_MSG, nextBeginOffset=0, minOffset=0, maxOffset=0, msgFoundList=0]
2026-06-10 17:06:37 WARN TransactionalMessageCheckService - No new message. GetMessageStatus=NO_MESSAGE_IN_QUEUE, topic=RMQ_SYS_TRANS_HALF_TOPIC, groupId=CID_RMQ_SYS_TRANS, requestOffset=0
2026-06-10 17:06:37 WARN TransactionalMessageCheckService - No new message. GetMessageStatus=NO_MESSAGE_IN_QUEUE, topic=RMQ_SYS_TRANS_HALF_TOPIC, groupId=CID_RMQ_SYS_TRANS, requestOffset=0
2026-06-10 17:06:37 WARN TransactionalMessageCheckService - No new message. GetMessageStatus=NO_MESSAGE_IN_QUEUE, topic=RMQ_SYS_TRANS_OP_HALF_TOPIC, groupId=CID_RMQ_SYS_TRANS, requestOffset=0
2026-06-10 17:06:37 INFO TransactionalMessageCheckService - After check, MessageQueue [topic=RMQ_SYS_TRANS_HALF_TOPIC, brokerName=broker-a, queueId=0] opOffset=0 opOffsetDiff=0 msgOffset=0 msgOffsetDiff=0 msgTime=Wed Jun 10 09:06:37 UTC 2026 msgTimeDelayInMs=0 putInQueueCount=0
2026-06-10 17:06:37 INFO TransactionalMessageCheckService - End to check prepare message, consumed time:0
2026-06-10 17:07:07 INFO TransactionalMessageCheckService - Begin to check prepare message, begin time:1781082427488
2026-06-10 17:07:07 INFO TransactionalMessageCheckService - Before check, the queue=MessageQueue [topic=RMQ_SYS_TRANS_HALF_TOPIC, brokerName=broker-a, queueId=0] msgOffset=0 opOffset=0
2026-06-10 17:07:07 WARN TransactionalMessageCheckService - No new message. GetMessageStatus=NO_MESSAGE_IN_QUEUE, topic=RMQ_SYS_TRANS_OP_HALF_TOPIC, groupId=CID_RMQ_SYS_TRANS, requestOffset=0
2026-06-10 17:07:07 WARN TransactionalMessageCheckService - The miss op offset=0 in queue=MessageQueue [topic=RMQ_SYS_TRANS_OP_HALF_TOPIC, brokerName=broker-a, queueId=0] is NO_NEW_MSG, pullResult=PullResult [pullStatus=NO_NEW_MSG, nextBeginOffset=0, minOffset=0, maxOffset=0, msgFoundList=0]
2026-06-10 17:07:07 WARN TransactionalMessageCheckService - No new message. GetMessageStatus=NO_MESSAGE_IN_QUEUE, topic=RMQ_SYS_TRANS_HALF_TOPIC, groupId=CID_RMQ_SYS_TRANS, requestOffset=0
2026-06-10 17:07:07 WARN TransactionalMessageCheckService - No new message. GetMessageStatus=NO_MESSAGE_IN_QUEUE, topic=RMQ_SYS_TRANS_HALF_TOPIC, groupId=CID_RMQ_SYS_TRANS, requestOffset=0
2026-06-10 17:07:07 WARN TransactionalMessageCheckService - No new message. GetMessageStatus=NO_MESSAGE_IN_QUEUE, topic=RMQ_SYS_TRANS_OP_HALF_TOPIC, groupId=CID_RMQ_SYS_TRANS, requestOffset=0
2026-06-10 17:07:07 INFO TransactionalMessageCheckService - After check, MessageQueue [topic=RMQ_SYS_TRANS_HALF_TOPIC, brokerName=broker-a, queueId=0] opOffset=0 opOffsetDiff=0 msgOffset=0 msgOffsetDiff=0 msgTime=Wed Jun 10 09:07:07 UTC 2026 msgTimeDelayInMs=0 putInQueueCount=0
2026-06-10 17:07:07 INFO TransactionalMessageCheckService - End to check prepare message, consumed time:0
2026-06-10 17:07:37 INFO TransactionalMessageCheckService - Begin to check prepare message, begin time:1781082457488
2026-06-10 17:07:37 INFO TransactionalMessageCheckService - Before check, the queue=MessageQueue [topic=RMQ_SYS_TRANS_HALF_TOPIC, brokerName=broker-a, queueId=0] msgOffset=0 opOffset=0
2026-06-10 17:07:37 WARN TransactionalMessageCheckService - No new message. GetMessageStatus=NO_MESSAGE_IN_QUEUE, topic=RMQ_SYS_TRANS_OP_HALF_TOPIC, groupId=CID_RMQ_SYS_TRANS, requestOffset=0
2026-06-10 17:07:37 WARN TransactionalMessageCheckService - The miss op offset=0 in queue=MessageQueue [topic=RMQ_SYS_TRANS_OP_HALF_TOPIC, brokerName=broker-a, queueId=0] is NO_NEW_MSG, pullResult=PullResult [pullStatus=NO_NEW_MSG, nextBeginOffset=0, minOffset=0, maxOffset=0, msgFoundList=0]
2026-06-10 17:07:37 WARN TransactionalMessageCheckService - No new message. GetMessageStatus=NO_MESSAGE_IN_QUEUE, topic=RMQ_SYS_TRANS_HALF_TOPIC, groupId=CID_RMQ_SYS_TRANS, requestOffset=0
2026-06-10 17:07:37 WARN TransactionalMessageCheckService - No new message. GetMessageStatus=NO_MESSAGE_IN_QUEUE, topic=RMQ_SYS_TRANS_HALF_TOPIC, groupId=CID_RMQ_SYS_TRANS, requestOffset=0
2026-06-10 17:07:37 WARN TransactionalMessageCheckService - No new message. GetMessageStatus=NO_MESSAGE_IN_QUEUE, topic=RMQ_SYS_TRANS_OP_HALF_TOPIC, groupId=CID_RMQ_SYS_TRANS, requestOffset=0
2026-06-10 17:07:37 INFO TransactionalMessageCheckService - After check, MessageQueue [topic=RMQ_SYS_TRANS_HALF_TOPIC, brokerName=broker-a, queueId=0] opOffset=0 opOffsetDiff=0 msgOffset=0 msgOffsetDiff=0 msgTime=Wed Jun 10 09:07:37 UTC 2026 msgTimeDelayInMs=0 putInQueueCount=0
2026-06-10 17:07:37 INFO TransactionalMessageCheckService - End to check prepare message, consumed time:1
2026-06-10 17:08:07 INFO TransactionalMessageCheckService - Begin to check prepare message, begin time:1781082487489
2026-06-10 17:08:07 INFO TransactionalMessageCheckService - Before check, the queue=MessageQueue [topic=RMQ_SYS_TRANS_HALF_TOPIC, brokerName=broker-a, queueId=0] msgOffset=0 opOffset=0
2026-06-10 17:08:07 WARN TransactionalMessageCheckService - No new message. GetMessageStatus=NO_MESSAGE_IN_QUEUE, topic=RMQ_SYS_TRANS_OP_HALF_TOPIC, groupId=CID_RMQ_SYS_TRANS, requestOffset=0
2026-06-10 17:08:07 WARN TransactionalMessageCheckService - The miss op offset=0 in queue=MessageQueue [topic=RMQ_SYS_TRANS_OP_HALF_TOPIC, brokerName=broker-a, queueId=0] is NO_NEW_MSG, pullResult=PullResult [pullStatus=NO_NEW_MSG, nextBeginOffset=0, minOffset=0, maxOffset=0, msgFoundList=0]
2026-06-10 17:08:07 WARN TransactionalMessageCheckService - No new message. GetMessageStatus=NO_MESSAGE_IN_QUEUE, topic=RMQ_SYS_TRANS_HALF_TOPIC, groupId=CID_RMQ_SYS_TRANS, requestOffset=0
2026-06-10 17:08:07 WARN TransactionalMessageCheckService - No new message. GetMessageStatus=NO_MESSAGE_IN_QUEUE, topic=RMQ_SYS_TRANS_HALF_TOPIC, groupId=CID_RMQ_SYS_TRANS, requestOffset=0
2026-06-10 17:08:07 WARN TransactionalMessageCheckService - No new message. GetMessageStatus=NO_MESSAGE_IN_QUEUE, topic=RMQ_SYS_TRANS_OP_HALF_TOPIC, groupId=CID_RMQ_SYS_TRANS, requestOffset=0
2026-06-10 17:08:07 INFO TransactionalMessageCheckService - After check, MessageQueue [topic=RMQ_SYS_TRANS_HALF_TOPIC, brokerName=broker-a, queueId=0] opOffset=0 opOffsetDiff=0 msgOffset=0 msgOffsetDiff=0 msgTime=Wed Jun 10 09:08:07 UTC 2026 msgTimeDelayInMs=0 putInQueueCount=0
2026-06-10 17:08:07 INFO TransactionalMessageCheckService - End to check prepare message, consumed time:0
2026-06-10 17:08:37 INFO TransactionalMessageCheckService - Begin to check prepare message, begin time:1781082517489
2026-06-10 17:08:37 INFO TransactionalMessageCheckService - Before check, the queue=MessageQueue [topic=RMQ_SYS_TRANS_HALF_TOPIC, brokerName=broker-a, queueId=0] msgOffset=0 opOffset=0
2026-06-10 17:08:37 WARN TransactionalMessageCheckService - No new message. GetMessageStatus=NO_MESSAGE_IN_QUEUE, topic=RMQ_SYS_TRANS_OP_HALF_TOPIC, groupId=CID_RMQ_SYS_TRANS, requestOffset=0
2026-06-10 17:08:37 WARN TransactionalMessageCheckService - The miss op offset=0 in queue=MessageQueue [topic=RMQ_SYS_TRANS_OP_HALF_TOPIC, brokerName=broker-a, queueId=0] is NO_NEW_MSG, pullResult=PullResult [pullStatus=NO_NEW_MSG, nextBeginOffset=0, minOffset=0, maxOffset=0, msgFoundList=0]
2026-06-10 17:08:37 WARN TransactionalMessageCheckService - No new message. GetMessageStatus=NO_MESSAGE_IN_QUEUE, topic=RMQ_SYS_TRANS_HALF_TOPIC, groupId=CID_RMQ_SYS_TRANS, requestOffset=0
2026-06-10 17:08:37 WARN TransactionalMessageCheckService - No new message. GetMessageStatus=NO_MESSAGE_IN_QUEUE, topic=RMQ_SYS_TRANS_HALF_TOPIC, groupId=CID_RMQ_SYS_TRANS, requestOffset=0
2026-06-10 17:08:37 WARN TransactionalMessageCheckService - No new message. GetMessageStatus=NO_MESSAGE_IN_QUEUE, topic=RMQ_SYS_TRANS_OP_HALF_TOPIC, groupId=CID_RMQ_SYS_TRANS, requestOffset=0
2026-06-10 17:08:37 INFO TransactionalMessageCheckService - After check, MessageQueue [topic=RMQ_SYS_TRANS_HALF_TOPIC, brokerName=broker-a, queueId=0] opOffset=0 opOffsetDiff=0 msgOffset=0 msgOffsetDiff=0 msgTime=Wed Jun 10 09:08:37 UTC 2026 msgTimeDelayInMs=0 putInQueueCount=0
2026-06-10 17:08:37 INFO TransactionalMessageCheckService - End to check prepare message, consumed time:0
2026-06-10 17:09:07 INFO TransactionalMessageCheckService - Begin to check prepare message, begin time:1781082547489
2026-06-10 17:09:07 INFO TransactionalMessageCheckService - Before check, the queue=MessageQueue [topic=RMQ_SYS_TRANS_HALF_TOPIC, brokerName=broker-a, queueId=0] msgOffset=0 opOffset=0
2026-06-10 17:09:07 WARN TransactionalMessageCheckService - No new message. GetMessageStatus=NO_MESSAGE_IN_QUEUE, topic=RMQ_SYS_TRANS_OP_HALF_TOPIC, groupId=CID_RMQ_SYS_TRANS, requestOffset=0
2026-06-10 17:09:07 WARN TransactionalMessageCheckService - The miss op offset=0 in queue=MessageQueue [topic=RMQ_SYS_TRANS_OP_HALF_TOPIC, brokerName=broker-a, queueId=0] is NO_NEW_MSG, pullResult=PullResult [pullStatus=NO_NEW_MSG, nextBeginOffset=0, minOffset=0, maxOffset=0, msgFoundList=0]
2026-06-10 17:09:07 WARN TransactionalMessageCheckService - No new message. GetMessageStatus=NO_MESSAGE_IN_QUEUE, topic=RMQ_SYS_TRANS_HALF_TOPIC, groupId=CID_RMQ_SYS_TRANS, requestOffset=0
2026-06-10 17:09:07 WARN TransactionalMessageCheckService - No new message. GetMessageStatus=NO_MESSAGE_IN_QUEUE, topic=RMQ_SYS_TRANS_HALF_TOPIC, groupId=CID_RMQ_SYS_TRANS, requestOffset=0
2026-06-10 17:09:07 WARN TransactionalMessageCheckService - No new message. GetMessageStatus=NO_MESSAGE_IN_QUEUE, topic=RMQ_SYS_TRANS_OP_HALF_TOPIC, groupId=CID_RMQ_SYS_TRANS, requestOffset=0
2026-06-10 17:09:07 INFO TransactionalMessageCheckService - After check, MessageQueue [topic=RMQ_SYS_TRANS_HALF_TOPIC, brokerName=broker-a, queueId=0] opOffset=0 opOffsetDiff=0 msgOffset=0 msgOffsetDiff=0 msgTime=Wed Jun 10 09:09:07 UTC 2026 msgTimeDelayInMs=0 putInQueueCount=0
2026-06-10 17:09:07 INFO TransactionalMessageCheckService - End to check prepare message, consumed time:1
2026-06-10 17:09:37 INFO TransactionalMessageCheckService - Begin to check prepare message, begin time:1781082577490
2026-06-10 17:09:37 INFO TransactionalMessageCheckService - Before check, the queue=MessageQueue [topic=RMQ_SYS_TRANS_HALF_TOPIC, brokerName=broker-a, queueId=0] msgOffset=0 opOffset=0
2026-06-10 17:09:37 WARN TransactionalMessageCheckService - No new message. GetMessageStatus=NO_MESSAGE_IN_QUEUE, topic=RMQ_SYS_TRANS_OP_HALF_TOPIC, groupId=CID_RMQ_SYS_TRANS, requestOffset=0
2026-06-10 17:09:37 WARN TransactionalMessageCheckService - The miss op offset=0 in queue=MessageQueue [topic=RMQ_SYS_TRANS_OP_HALF_TOPIC, brokerName=broker-a, queueId=0] is NO_NEW_MSG, pullResult=PullResult [pullStatus=NO_NEW_MSG, nextBeginOffset=0, minOffset=0, maxOffset=0, msgFoundList=0]
2026-06-10 17:09:37 WARN TransactionalMessageCheckService - No new message. GetMessageStatus=NO_MESSAGE_IN_QUEUE, topic=RMQ_SYS_TRANS_HALF_TOPIC, groupId=CID_RMQ_SYS_TRANS, requestOffset=0
2026-06-10 17:09:37 WARN TransactionalMessageCheckService - No new message. GetMessageStatus=NO_MESSAGE_IN_QUEUE, topic=RMQ_SYS_TRANS_HALF_TOPIC, groupId=CID_RMQ_SYS_TRANS, requestOffset=0
2026-06-10 17:09:37 WARN TransactionalMessageCheckService - No new message. GetMessageStatus=NO_MESSAGE_IN_QUEUE, topic=RMQ_SYS_TRANS_OP_HALF_TOPIC, groupId=CID_RMQ_SYS_TRANS, requestOffset=0
2026-06-10 17:09:37 INFO TransactionalMessageCheckService - After check, MessageQueue [topic=RMQ_SYS_TRANS_HALF_TOPIC, brokerName=broker-a, queueId=0] opOffset=0 opOffsetDiff=0 msgOffset=0 msgOffsetDiff=0 msgTime=Wed Jun 10 09:09:37 UTC 2026 msgTimeDelayInMs=0 putInQueueCount=0
2026-06-10 17:09:37 INFO TransactionalMessageCheckService - End to check prepare message, consumed time:0
2026-06-10 17:10:07 INFO TransactionalMessageCheckService - Begin to check prepare message, begin time:1781082607492
2026-06-10 17:10:07 INFO TransactionalMessageCheckService - Before check, the queue=MessageQueue [topic=RMQ_SYS_TRANS_HALF_TOPIC, brokerName=broker-a, queueId=0] msgOffset=0 opOffset=0
2026-06-10 17:10:07 WARN TransactionalMessageCheckService - No new message. GetMessageStatus=NO_MESSAGE_IN_QUEUE, topic=RMQ_SYS_TRANS_OP_HALF_TOPIC, groupId=CID_RMQ_SYS_TRANS, requestOffset=0
2026-06-10 17:10:07 WARN TransactionalMessageCheckService - The miss op offset=0 in queue=MessageQueue [topic=RMQ_SYS_TRANS_OP_HALF_TOPIC, brokerName=broker-a, queueId=0] is NO_NEW_MSG, pullResult=PullResult [pullStatus=NO_NEW_MSG, nextBeginOffset=0, minOffset=0, maxOffset=0, msgFoundList=0]
2026-06-10 17:10:07 WARN TransactionalMessageCheckService - No new message. GetMessageStatus=NO_MESSAGE_IN_QUEUE, topic=RMQ_SYS_TRANS_HALF_TOPIC, groupId=CID_RMQ_SYS_TRANS, requestOffset=0
2026-06-10 17:10:07 WARN TransactionalMessageCheckService - No new message. GetMessageStatus=NO_MESSAGE_IN_QUEUE, topic=RMQ_SYS_TRANS_HALF_TOPIC, groupId=CID_RMQ_SYS_TRANS, requestOffset=0
2026-06-10 17:10:07 WARN TransactionalMessageCheckService - No new message. GetMessageStatus=NO_MESSAGE_IN_QUEUE, topic=RMQ_SYS_TRANS_OP_HALF_TOPIC, groupId=CID_RMQ_SYS_TRANS, requestOffset=0
2026-06-10 17:10:07 INFO TransactionalMessageCheckService - After check, MessageQueue [topic=RMQ_SYS_TRANS_HALF_TOPIC, brokerName=broker-a, queueId=0] opOffset=0 opOffsetDiff=0 msgOffset=0 msgOffsetDiff=0 msgTime=Wed Jun 10 09:10:07 UTC 2026 msgTimeDelayInMs=0 putInQueueCount=0
2026-06-10 17:10:07 INFO TransactionalMessageCheckService - End to check prepare message, consumed time:0
2026-06-10 17:10:37 INFO TransactionalMessageCheckService - Begin to check prepare message, begin time:1781082637492
2026-06-10 17:10:37 INFO TransactionalMessageCheckService - Before check, the queue=MessageQueue [topic=RMQ_SYS_TRANS_HALF_TOPIC, brokerName=broker-a, queueId=0] msgOffset=0 opOffset=0
2026-06-10 17:10:37 WARN TransactionalMessageCheckService - No new message. GetMessageStatus=NO_MESSAGE_IN_QUEUE, topic=RMQ_SYS_TRANS_OP_HALF_TOPIC, groupId=CID_RMQ_SYS_TRANS, requestOffset=0
2026-06-10 17:10:37 WARN TransactionalMessageCheckService - The miss op offset=0 in queue=MessageQueue [topic=RMQ_SYS_TRANS_OP_HALF_TOPIC, brokerName=broker-a, queueId=0] is NO_NEW_MSG, pullResult=PullResult [pullStatus=NO_NEW_MSG, nextBeginOffset=0, minOffset=0, maxOffset=0, msgFoundList=0]
2026-06-10 17:10:37 WARN TransactionalMessageCheckService - No new message. GetMessageStatus=NO_MESSAGE_IN_QUEUE, topic=RMQ_SYS_TRANS_HALF_TOPIC, groupId=CID_RMQ_SYS_TRANS, requestOffset=0
2026-06-10 17:10:37 WARN TransactionalMessageCheckService - No new message. GetMessageStatus=NO_MESSAGE_IN_QUEUE, topic=RMQ_SYS_TRANS_HALF_TOPIC, groupId=CID_RMQ_SYS_TRANS, requestOffset=0
2026-06-10 17:10:37 WARN TransactionalMessageCheckService - No new message. GetMessageStatus=NO_MESSAGE_IN_QUEUE, topic=RMQ_SYS_TRANS_OP_HALF_TOPIC, groupId=CID_RMQ_SYS_TRANS, requestOffset=0
2026-06-10 17:10:37 INFO TransactionalMessageCheckService - After check, MessageQueue [topic=RMQ_SYS_TRANS_HALF_TOPIC, brokerName=broker-a, queueId=0] opOffset=0 opOffsetDiff=0 msgOffset=0 msgOffsetDiff=0 msgTime=Wed Jun 10 09:10:37 UTC 2026 msgTimeDelayInMs=0 putInQueueCount=0
2026-06-10 17:10:37 INFO TransactionalMessageCheckService - End to check prepare message, consumed time:0
2026-06-10 17:11:07 INFO TransactionalMessageCheckService - Begin to check prepare message, begin time:1781082667493
2026-06-10 17:11:07 INFO TransactionalMessageCheckService - Before check, the queue=MessageQueue [topic=RMQ_SYS_TRANS_HALF_TOPIC, brokerName=broker-a, queueId=0] msgOffset=0 opOffset=0
2026-06-10 17:11:07 WARN TransactionalMessageCheckService - No new message. GetMessageStatus=NO_MESSAGE_IN_QUEUE, topic=RMQ_SYS_TRANS_OP_HALF_TOPIC, groupId=CID_RMQ_SYS_TRANS, requestOffset=0
2026-06-10 17:11:07 WARN TransactionalMessageCheckService - The miss op offset=0 in queue=MessageQueue [topic=RMQ_SYS_TRANS_OP_HALF_TOPIC, brokerName=broker-a, queueId=0] is NO_NEW_MSG, pullResult=PullResult [pullStatus=NO_NEW_MSG, nextBeginOffset=0, minOffset=0, maxOffset=0, msgFoundList=0]
2026-06-10 17:11:07 WARN TransactionalMessageCheckService - No new message. GetMessageStatus=NO_MESSAGE_IN_QUEUE, topic=RMQ_SYS_TRANS_HALF_TOPIC, groupId=CID_RMQ_SYS_TRANS, requestOffset=0
2026-06-10 17:11:07 WARN TransactionalMessageCheckService - No new message. GetMessageStatus=NO_MESSAGE_IN_QUEUE, topic=RMQ_SYS_TRANS_HALF_TOPIC, groupId=CID_RMQ_SYS_TRANS, requestOffset=0
2026-06-10 17:11:07 WARN TransactionalMessageCheckService - No new message. GetMessageStatus=NO_MESSAGE_IN_QUEUE, topic=RMQ_SYS_TRANS_OP_HALF_TOPIC, groupId=CID_RMQ_SYS_TRANS, requestOffset=0
2026-06-10 17:11:07 INFO TransactionalMessageCheckService - After check, MessageQueue [topic=RMQ_SYS_TRANS_HALF_TOPIC, brokerName=broker-a, queueId=0] opOffset=0 opOffsetDiff=0 msgOffset=0 msgOffsetDiff=0 msgTime=Wed Jun 10 09:11:07 UTC 2026 msgTimeDelayInMs=0 putInQueueCount=0
2026-06-10 17:11:07 INFO TransactionalMessageCheckService - End to check prepare message, consumed time:0
2026-06-10 17:11:37 INFO TransactionalMessageCheckService - Begin to check prepare message, begin time:1781082697493
2026-06-10 17:11:37 INFO TransactionalMessageCheckService - Before check, the queue=MessageQueue [topic=RMQ_SYS_TRANS_HALF_TOPIC, brokerName=broker-a, queueId=0] msgOffset=0 opOffset=0
2026-06-10 17:11:37 WARN TransactionalMessageCheckService - No new message. GetMessageStatus=NO_MESSAGE_IN_QUEUE, topic=RMQ_SYS_TRANS_OP_HALF_TOPIC, groupId=CID_RMQ_SYS_TRANS, requestOffset=0
2026-06-10 17:11:37 WARN TransactionalMessageCheckService - The miss op offset=0 in queue=MessageQueue [topic=RMQ_SYS_TRANS_OP_HALF_TOPIC, brokerName=broker-a, queueId=0] is NO_NEW_MSG, pullResult=PullResult [pullStatus=NO_NEW_MSG, nextBeginOffset=0, minOffset=0, maxOffset=0, msgFoundList=0]
2026-06-10 17:11:37 WARN TransactionalMessageCheckService - No new message. GetMessageStatus=NO_MESSAGE_IN_QUEUE, topic=RMQ_SYS_TRANS_HALF_TOPIC, groupId=CID_RMQ_SYS_TRANS, requestOffset=0
2026-06-10 17:11:37 WARN TransactionalMessageCheckService - No new message. GetMessageStatus=NO_MESSAGE_IN_QUEUE, topic=RMQ_SYS_TRANS_HALF_TOPIC, groupId=CID_RMQ_SYS_TRANS, requestOffset=0
2026-06-10 17:11:37 WARN TransactionalMessageCheckService - No new message. GetMessageStatus=NO_MESSAGE_IN_QUEUE, topic=RMQ_SYS_TRANS_OP_HALF_TOPIC, groupId=CID_RMQ_SYS_TRANS, requestOffset=0
2026-06-10 17:11:37 INFO TransactionalMessageCheckService - After check, MessageQueue [topic=RMQ_SYS_TRANS_HALF_TOPIC, brokerName=broker-a, queueId=0] opOffset=0 opOffsetDiff=0 msgOffset=0 msgOffsetDiff=0 msgTime=Wed Jun 10 09:11:37 UTC 2026 msgTimeDelayInMs=0 putInQueueCount=0
2026-06-10 17:11:37 INFO TransactionalMessageCheckService - End to check prepare message, consumed time:0
2026-06-10 17:12:07 INFO TransactionalMessageCheckService - Begin to check prepare message, begin time:1781082727493
2026-06-10 17:12:07 INFO TransactionalMessageCheckService - Before check, the queue=MessageQueue [topic=RMQ_SYS_TRANS_HALF_TOPIC, brokerName=broker-a, queueId=0] msgOffset=0 opOffset=0
2026-06-10 17:12:07 WARN TransactionalMessageCheckService - No new message. GetMessageStatus=NO_MESSAGE_IN_QUEUE, topic=RMQ_SYS_TRANS_OP_HALF_TOPIC, groupId=CID_RMQ_SYS_TRANS, requestOffset=0
2026-06-10 17:12:07 WARN TransactionalMessageCheckService - The miss op offset=0 in queue=MessageQueue [topic=RMQ_SYS_TRANS_OP_HALF_TOPIC, brokerName=broker-a, queueId=0] is NO_NEW_MSG, pullResult=PullResult [pullStatus=NO_NEW_MSG, nextBeginOffset=0, minOffset=0, maxOffset=0, msgFoundList=0]
2026-06-10 17:12:07 WARN TransactionalMessageCheckService - No new message. GetMessageStatus=NO_MESSAGE_IN_QUEUE, topic=RMQ_SYS_TRANS_HALF_TOPIC, groupId=CID_RMQ_SYS_TRANS, requestOffset=0
2026-06-10 17:12:07 WARN TransactionalMessageCheckService - No new message. GetMessageStatus=NO_MESSAGE_IN_QUEUE, topic=RMQ_SYS_TRANS_HALF_TOPIC, groupId=CID_RMQ_SYS_TRANS, requestOffset=0
2026-06-10 17:12:07 WARN TransactionalMessageCheckService - No new message. GetMessageStatus=NO_MESSAGE_IN_QUEUE, topic=RMQ_SYS_TRANS_OP_HALF_TOPIC, groupId=CID_RMQ_SYS_TRANS, requestOffset=0
2026-06-10 17:12:07 INFO TransactionalMessageCheckService - After check, MessageQueue [topic=RMQ_SYS_TRANS_HALF_TOPIC, brokerName=broker-a, queueId=0] opOffset=0 opOffsetDiff=0 msgOffset=0 msgOffsetDiff=0 msgTime=Wed Jun 10 09:12:07 UTC 2026 msgTimeDelayInMs=0 putInQueueCount=0
2026-06-10 17:12:07 INFO TransactionalMessageCheckService - End to check prepare message, consumed time:0
2026-06-10 17:12:37 INFO TransactionalMessageCheckService - Begin to check prepare message, begin time:1781082757493
2026-06-10 17:12:37 INFO TransactionalMessageCheckService - Before check, the queue=MessageQueue [topic=RMQ_SYS_TRANS_HALF_TOPIC, brokerName=broker-a, queueId=0] msgOffset=0 opOffset=0
2026-06-10 17:12:37 WARN TransactionalMessageCheckService - No new message. GetMessageStatus=NO_MESSAGE_IN_QUEUE, topic=RMQ_SYS_TRANS_OP_HALF_TOPIC, groupId=CID_RMQ_SYS_TRANS, requestOffset=0
2026-06-10 17:12:37 WARN TransactionalMessageCheckService - The miss op offset=0 in queue=MessageQueue [topic=RMQ_SYS_TRANS_OP_HALF_TOPIC, brokerName=broker-a, queueId=0] is NO_NEW_MSG, pullResult=PullResult [pullStatus=NO_NEW_MSG, nextBeginOffset=0, minOffset=0, maxOffset=0, msgFoundList=0]
2026-06-10 17:12:37 WARN TransactionalMessageCheckService - No new message. GetMessageStatus=NO_MESSAGE_IN_QUEUE, topic=RMQ_SYS_TRANS_HALF_TOPIC, groupId=CID_RMQ_SYS_TRANS, requestOffset=0
2026-06-10 17:12:37 WARN TransactionalMessageCheckService - No new message. GetMessageStatus=NO_MESSAGE_IN_QUEUE, topic=RMQ_SYS_TRANS_HALF_TOPIC, groupId=CID_RMQ_SYS_TRANS, requestOffset=0
2026-06-10 17:12:37 WARN TransactionalMessageCheckService - No new message. GetMessageStatus=NO_MESSAGE_IN_QUEUE, topic=RMQ_SYS_TRANS_OP_HALF_TOPIC, groupId=CID_RMQ_SYS_TRANS, requestOffset=0
2026-06-10 17:12:37 INFO TransactionalMessageCheckService - After check, MessageQueue [topic=RMQ_SYS_TRANS_HALF_TOPIC, brokerName=broker-a, queueId=0] opOffset=0 opOffsetDiff=0 msgOffset=0 msgOffsetDiff=0 msgTime=Wed Jun 10 09:12:37 UTC 2026 msgTimeDelayInMs=0 putInQueueCount=0
2026-06-10 17:12:37 INFO TransactionalMessageCheckService - End to check prepare message, consumed time:0
2026-06-10 17:13:07 INFO TransactionalMessageCheckService - Begin to check prepare message, begin time:1781082787494
2026-06-10 17:13:07 INFO TransactionalMessageCheckService - Before check, the queue=MessageQueue [topic=RMQ_SYS_TRANS_HALF_TOPIC, brokerName=broker-a, queueId=0] msgOffset=0 opOffset=0
2026-06-10 17:13:07 WARN TransactionalMessageCheckService - No new message. GetMessageStatus=NO_MESSAGE_IN_QUEUE, topic=RMQ_SYS_TRANS_OP_HALF_TOPIC, groupId=CID_RMQ_SYS_TRANS, requestOffset=0
2026-06-10 17:13:07 WARN TransactionalMessageCheckService - The miss op offset=0 in queue=MessageQueue [topic=RMQ_SYS_TRANS_OP_HALF_TOPIC, brokerName=broker-a, queueId=0] is NO_NEW_MSG, pullResult=PullResult [pullStatus=NO_NEW_MSG, nextBeginOffset=0, minOffset=0, maxOffset=0, msgFoundList=0]
2026-06-10 17:13:07 WARN TransactionalMessageCheckService - No new message. GetMessageStatus=NO_MESSAGE_IN_QUEUE, topic=RMQ_SYS_TRANS_HALF_TOPIC, groupId=CID_RMQ_SYS_TRANS, requestOffset=0
2026-06-10 17:13:07 WARN TransactionalMessageCheckService - No new message. GetMessageStatus=NO_MESSAGE_IN_QUEUE, topic=RMQ_SYS_TRANS_HALF_TOPIC, groupId=CID_RMQ_SYS_TRANS, requestOffset=0
2026-06-10 17:13:07 WARN TransactionalMessageCheckService - No new message. GetMessageStatus=NO_MESSAGE_IN_QUEUE, topic=RMQ_SYS_TRANS_OP_HALF_TOPIC, groupId=CID_RMQ_SYS_TRANS, requestOffset=0
2026-06-10 17:13:07 INFO TransactionalMessageCheckService - After check, MessageQueue [topic=RMQ_SYS_TRANS_HALF_TOPIC, brokerName=broker-a, queueId=0] opOffset=0 opOffsetDiff=0 msgOffset=0 msgOffsetDiff=0 msgTime=Wed Jun 10 09:13:07 UTC 2026 msgTimeDelayInMs=0 putInQueueCount=0
2026-06-10 17:13:07 INFO TransactionalMessageCheckService - End to check prepare message, consumed time:0
2026-06-10 17:13:37 INFO TransactionalMessageCheckService - Begin to check prepare message, begin time:1781082817494
2026-06-10 17:13:37 INFO TransactionalMessageCheckService - Before check, the queue=MessageQueue [topic=RMQ_SYS_TRANS_HALF_TOPIC, brokerName=broker-a, queueId=0] msgOffset=0 opOffset=0
2026-06-10 17:13:37 WARN TransactionalMessageCheckService - No new message. GetMessageStatus=NO_MESSAGE_IN_QUEUE, topic=RMQ_SYS_TRANS_OP_HALF_TOPIC, groupId=CID_RMQ_SYS_TRANS, requestOffset=0
2026-06-10 17:13:37 WARN TransactionalMessageCheckService - The miss op offset=0 in queue=MessageQueue [topic=RMQ_SYS_TRANS_OP_HALF_TOPIC, brokerName=broker-a, queueId=0] is NO_NEW_MSG, pullResult=PullResult [pullStatus=NO_NEW_MSG, nextBeginOffset=0, minOffset=0, maxOffset=0, msgFoundList=0]
2026-06-10 17:13:37 WARN TransactionalMessageCheckService - No new message. GetMessageStatus=NO_MESSAGE_IN_QUEUE, topic=RMQ_SYS_TRANS_HALF_TOPIC, groupId=CID_RMQ_SYS_TRANS, requestOffset=0
2026-06-10 17:13:37 WARN TransactionalMessageCheckService - No new message. GetMessageStatus=NO_MESSAGE_IN_QUEUE, topic=RMQ_SYS_TRANS_HALF_TOPIC, groupId=CID_RMQ_SYS_TRANS, requestOffset=0
2026-06-10 17:13:37 WARN TransactionalMessageCheckService - No new message. GetMessageStatus=NO_MESSAGE_IN_QUEUE, topic=RMQ_SYS_TRANS_OP_HALF_TOPIC, groupId=CID_RMQ_SYS_TRANS, requestOffset=0
2026-06-10 17:13:37 INFO TransactionalMessageCheckService - After check, MessageQueue [topic=RMQ_SYS_TRANS_HALF_TOPIC, brokerName=broker-a, queueId=0] opOffset=0 opOffsetDiff=0 msgOffset=0 msgOffsetDiff=0 msgTime=Wed Jun 10 09:13:37 UTC 2026 msgTimeDelayInMs=0 putInQueueCount=0
2026-06-10 17:13:37 INFO TransactionalMessageCheckService - End to check prepare message, consumed time:0
2026-06-10 17:14:07 INFO TransactionalMessageCheckService - Begin to check prepare message, begin time:1781082847494
2026-06-10 17:14:07 INFO TransactionalMessageCheckService - Before check, the queue=MessageQueue [topic=RMQ_SYS_TRANS_HALF_TOPIC, brokerName=broker-a, queueId=0] msgOffset=0 opOffset=0
2026-06-10 17:14:07 WARN TransactionalMessageCheckService - No new message. GetMessageStatus=NO_MESSAGE_IN_QUEUE, topic=RMQ_SYS_TRANS_OP_HALF_TOPIC, groupId=CID_RMQ_SYS_TRANS, requestOffset=0
2026-06-10 17:14:07 WARN TransactionalMessageCheckService - The miss op offset=0 in queue=MessageQueue [topic=RMQ_SYS_TRANS_OP_HALF_TOPIC, brokerName=broker-a, queueId=0] is NO_NEW_MSG, pullResult=PullResult [pullStatus=NO_NEW_MSG, nextBeginOffset=0, minOffset=0, maxOffset=0, msgFoundList=0]
2026-06-10 17:14:07 WARN TransactionalMessageCheckService - No new message. GetMessageStatus=NO_MESSAGE_IN_QUEUE, topic=RMQ_SYS_TRANS_HALF_TOPIC, groupId=CID_RMQ_SYS_TRANS, requestOffset=0
2026-06-10 17:14:07 WARN TransactionalMessageCheckService - No new message. GetMessageStatus=NO_MESSAGE_IN_QUEUE, topic=RMQ_SYS_TRANS_HALF_TOPIC, groupId=CID_RMQ_SYS_TRANS, requestOffset=0
2026-06-10 17:14:07 WARN TransactionalMessageCheckService - No new message. GetMessageStatus=NO_MESSAGE_IN_QUEUE, topic=RMQ_SYS_TRANS_OP_HALF_TOPIC, groupId=CID_RMQ_SYS_TRANS, requestOffset=0
2026-06-10 17:14:07 INFO TransactionalMessageCheckService - After check, MessageQueue [topic=RMQ_SYS_TRANS_HALF_TOPIC, brokerName=broker-a, queueId=0] opOffset=0 opOffsetDiff=0 msgOffset=0 msgOffsetDiff=0 msgTime=Wed Jun 10 09:14:07 UTC 2026 msgTimeDelayInMs=0 putInQueueCount=0
2026-06-10 17:14:07 INFO TransactionalMessageCheckService - End to check prepare message, consumed time:0
2026-06-10 17:14:37 INFO TransactionalMessageCheckService - Begin to check prepare message, begin time:1781082877494
2026-06-10 17:14:37 INFO TransactionalMessageCheckService - Before check, the queue=MessageQueue [topic=RMQ_SYS_TRANS_HALF_TOPIC, brokerName=broker-a, queueId=0] msgOffset=0 opOffset=0
2026-06-10 17:14:37 WARN TransactionalMessageCheckService - No new message. GetMessageStatus=NO_MESSAGE_IN_QUEUE, topic=RMQ_SYS_TRANS_OP_HALF_TOPIC, groupId=CID_RMQ_SYS_TRANS, requestOffset=0
2026-06-10 17:14:37 WARN TransactionalMessageCheckService - The miss op offset=0 in queue=MessageQueue [topic=RMQ_SYS_TRANS_OP_HALF_TOPIC, brokerName=broker-a, queueId=0] is NO_NEW_MSG, pullResult=PullResult [pullStatus=NO_NEW_MSG, nextBeginOffset=0, minOffset=0, maxOffset=0, msgFoundList=0]
2026-06-10 17:14:37 WARN TransactionalMessageCheckService - No new message. GetMessageStatus=NO_MESSAGE_IN_QUEUE, topic=RMQ_SYS_TRANS_HALF_TOPIC, groupId=CID_RMQ_SYS_TRANS, requestOffset=0
2026-06-10 17:14:37 WARN TransactionalMessageCheckService - No new message. GetMessageStatus=NO_MESSAGE_IN_QUEUE, topic=RMQ_SYS_TRANS_HALF_TOPIC, groupId=CID_RMQ_SYS_TRANS, requestOffset=0
2026-06-10 17:14:37 WARN TransactionalMessageCheckService - No new message. GetMessageStatus=NO_MESSAGE_IN_QUEUE, topic=RMQ_SYS_TRANS_OP_HALF_TOPIC, groupId=CID_RMQ_SYS_TRANS, requestOffset=0
2026-06-10 17:14:37 INFO TransactionalMessageCheckService - After check, MessageQueue [topic=RMQ_SYS_TRANS_HALF_TOPIC, brokerName=broker-a, queueId=0] opOffset=0 opOffsetDiff=0 msgOffset=0 msgOffsetDiff=0 msgTime=Wed Jun 10 09:14:37 UTC 2026 msgTimeDelayInMs=0 putInQueueCount=0
2026-06-10 17:14:37 INFO TransactionalMessageCheckService - End to check prepare message, consumed time:1
2026-06-10 17:15:07 INFO TransactionalMessageCheckService - Begin to check prepare message, begin time:1781082907495
2026-06-10 17:15:07 INFO TransactionalMessageCheckService - Before check, the queue=MessageQueue [topic=RMQ_SYS_TRANS_HALF_TOPIC, brokerName=broker-a, queueId=0] msgOffset=0 opOffset=0
2026-06-10 17:15:07 WARN TransactionalMessageCheckService - No new message. GetMessageStatus=NO_MESSAGE_IN_QUEUE, topic=RMQ_SYS_TRANS_OP_HALF_TOPIC, groupId=CID_RMQ_SYS_TRANS, requestOffset=0
2026-06-10 17:15:07 WARN TransactionalMessageCheckService - The miss op offset=0 in queue=MessageQueue [topic=RMQ_SYS_TRANS_OP_HALF_TOPIC, brokerName=broker-a, queueId=0] is NO_NEW_MSG, pullResult=PullResult [pullStatus=NO_NEW_MSG, nextBeginOffset=0, minOffset=0, maxOffset=0, msgFoundList=0]
2026-06-10 17:15:07 WARN TransactionalMessageCheckService - No new message. GetMessageStatus=NO_MESSAGE_IN_QUEUE, topic=RMQ_SYS_TRANS_HALF_TOPIC, groupId=CID_RMQ_SYS_TRANS, requestOffset=0
2026-06-10 17:15:07 WARN TransactionalMessageCheckService - No new message. GetMessageStatus=NO_MESSAGE_IN_QUEUE, topic=RMQ_SYS_TRANS_HALF_TOPIC, groupId=CID_RMQ_SYS_TRANS, requestOffset=0
2026-06-10 17:15:07 WARN TransactionalMessageCheckService - No new message. GetMessageStatus=NO_MESSAGE_IN_QUEUE, topic=RMQ_SYS_TRANS_OP_HALF_TOPIC, groupId=CID_RMQ_SYS_TRANS, requestOffset=0
2026-06-10 17:15:07 INFO TransactionalMessageCheckService - After check, MessageQueue [topic=RMQ_SYS_TRANS_HALF_TOPIC, brokerName=broker-a, queueId=0] opOffset=0 opOffsetDiff=0 msgOffset=0 msgOffsetDiff=0 msgTime=Wed Jun 10 09:15:07 UTC 2026 msgTimeDelayInMs=0 putInQueueCount=0
2026-06-10 17:15:07 INFO TransactionalMessageCheckService - End to check prepare message, consumed time:0
2026-06-10 17:15:37 INFO TransactionalMessageCheckService - Begin to check prepare message, begin time:1781082937496
2026-06-10 17:15:37 INFO TransactionalMessageCheckService - Before check, the queue=MessageQueue [topic=RMQ_SYS_TRANS_HALF_TOPIC, brokerName=broker-a, queueId=0] msgOffset=0 opOffset=0
2026-06-10 17:15:37 WARN TransactionalMessageCheckService - No new message. GetMessageStatus=NO_MESSAGE_IN_QUEUE, topic=RMQ_SYS_TRANS_OP_HALF_TOPIC, groupId=CID_RMQ_SYS_TRANS, requestOffset=0
2026-06-10 17:15:37 WARN TransactionalMessageCheckService - The miss op offset=0 in queue=MessageQueue [topic=RMQ_SYS_TRANS_OP_HALF_TOPIC, brokerName=broker-a, queueId=0] is NO_NEW_MSG, pullResult=PullResult [pullStatus=NO_NEW_MSG, nextBeginOffset=0, minOffset=0, maxOffset=0, msgFoundList=0]
2026-06-10 17:15:37 WARN TransactionalMessageCheckService - No new message. GetMessageStatus=NO_MESSAGE_IN_QUEUE, topic=RMQ_SYS_TRANS_HALF_TOPIC, groupId=CID_RMQ_SYS_TRANS, requestOffset=0
2026-06-10 17:15:37 WARN TransactionalMessageCheckService - No new message. GetMessageStatus=NO_MESSAGE_IN_QUEUE, topic=RMQ_SYS_TRANS_HALF_TOPIC, groupId=CID_RMQ_SYS_TRANS, requestOffset=0
2026-06-10 17:15:37 WARN TransactionalMessageCheckService - No new message. GetMessageStatus=NO_MESSAGE_IN_QUEUE, topic=RMQ_SYS_TRANS_OP_HALF_TOPIC, groupId=CID_RMQ_SYS_TRANS, requestOffset=0
2026-06-10 17:15:37 INFO TransactionalMessageCheckService - After check, MessageQueue [topic=RMQ_SYS_TRANS_HALF_TOPIC, brokerName=broker-a, queueId=0] opOffset=0 opOffsetDiff=0 msgOffset=0 msgOffsetDiff=0 msgTime=Wed Jun 10 09:15:37 UTC 2026 msgTimeDelayInMs=0 putInQueueCount=0
2026-06-10 17:15:37 INFO TransactionalMessageCheckService - End to check prepare message, consumed time:1
2026-06-10 17:16:07 INFO TransactionalMessageCheckService - Begin to check prepare message, begin time:1781082967497
2026-06-10 17:16:07 INFO TransactionalMessageCheckService - Before check, the queue=MessageQueue [topic=RMQ_SYS_TRANS_HALF_TOPIC, brokerName=broker-a, queueId=0] msgOffset=0 opOffset=0
2026-06-10 17:16:07 WARN TransactionalMessageCheckService - No new message. GetMessageStatus=NO_MESSAGE_IN_QUEUE, topic=RMQ_SYS_TRANS_OP_HALF_TOPIC, groupId=CID_RMQ_SYS_TRANS, requestOffset=0
2026-06-10 17:16:07 WARN TransactionalMessageCheckService - The miss op offset=0 in queue=MessageQueue [topic=RMQ_SYS_TRANS_OP_HALF_TOPIC, brokerName=broker-a, queueId=0] is NO_NEW_MSG, pullResult=PullResult [pullStatus=NO_NEW_MSG, nextBeginOffset=0, minOffset=0, maxOffset=0, msgFoundList=0]
2026-06-10 17:16:07 WARN TransactionalMessageCheckService - No new message. GetMessageStatus=NO_MESSAGE_IN_QUEUE, topic=RMQ_SYS_TRANS_HALF_TOPIC, groupId=CID_RMQ_SYS_TRANS, requestOffset=0
2026-06-10 17:16:07 WARN TransactionalMessageCheckService - No new message. GetMessageStatus=NO_MESSAGE_IN_QUEUE, topic=RMQ_SYS_TRANS_HALF_TOPIC, groupId=CID_RMQ_SYS_TRANS, requestOffset=0
2026-06-10 17:16:07 WARN TransactionalMessageCheckService - No new message. GetMessageStatus=NO_MESSAGE_IN_QUEUE, topic=RMQ_SYS_TRANS_OP_HALF_TOPIC, groupId=CID_RMQ_SYS_TRANS, requestOffset=0
2026-06-10 17:16:07 INFO TransactionalMessageCheckService - After check, MessageQueue [topic=RMQ_SYS_TRANS_HALF_TOPIC, brokerName=broker-a, queueId=0] opOffset=0 opOffsetDiff=0 msgOffset=0 msgOffsetDiff=0 msgTime=Wed Jun 10 09:16:07 UTC 2026 msgTimeDelayInMs=0 putInQueueCount=0
2026-06-10 17:16:07 INFO TransactionalMessageCheckService - End to check prepare message, consumed time:0
2026-06-10 17:16:37 INFO TransactionalMessageCheckService - Begin to check prepare message, begin time:1781082997497
2026-06-10 17:16:37 INFO TransactionalMessageCheckService - Before check, the queue=MessageQueue [topic=RMQ_SYS_TRANS_HALF_TOPIC, brokerName=broker-a, queueId=0] msgOffset=0 opOffset=0
2026-06-10 17:16:37 WARN TransactionalMessageCheckService - No new message. GetMessageStatus=NO_MESSAGE_IN_QUEUE, topic=RMQ_SYS_TRANS_OP_HALF_TOPIC, groupId=CID_RMQ_SYS_TRANS, requestOffset=0
2026-06-10 17:16:37 WARN TransactionalMessageCheckService - The miss op offset=0 in queue=MessageQueue [topic=RMQ_SYS_TRANS_OP_HALF_TOPIC, brokerName=broker-a, queueId=0] is NO_NEW_MSG, pullResult=PullResult [pullStatus=NO_NEW_MSG, nextBeginOffset=0, minOffset=0, maxOffset=0, msgFoundList=0]
2026-06-10 17:16:37 WARN TransactionalMessageCheckService - No new message. GetMessageStatus=NO_MESSAGE_IN_QUEUE, topic=RMQ_SYS_TRANS_HALF_TOPIC, groupId=CID_RMQ_SYS_TRANS, requestOffset=0
2026-06-10 17:16:37 WARN TransactionalMessageCheckService - No new message. GetMessageStatus=NO_MESSAGE_IN_QUEUE, topic=RMQ_SYS_TRANS_HALF_TOPIC, groupId=CID_RMQ_SYS_TRANS, requestOffset=0
2026-06-10 17:16:37 WARN TransactionalMessageCheckService - No new message. GetMessageStatus=NO_MESSAGE_IN_QUEUE, topic=RMQ_SYS_TRANS_OP_HALF_TOPIC, groupId=CID_RMQ_SYS_TRANS, requestOffset=0
2026-06-10 17:16:37 INFO TransactionalMessageCheckService - After check, MessageQueue [topic=RMQ_SYS_TRANS_HALF_TOPIC, brokerName=broker-a, queueId=0] opOffset=0 opOffsetDiff=0 msgOffset=0 msgOffsetDiff=0 msgTime=Wed Jun 10 09:16:37 UTC 2026 msgTimeDelayInMs=0 putInQueueCount=0
2026-06-10 17:16:37 INFO TransactionalMessageCheckService - End to check prepare message, consumed time:0
2026-06-10 17:17:07 INFO TransactionalMessageCheckService - Begin to check prepare message, begin time:1781083027497
2026-06-10 17:17:07 INFO TransactionalMessageCheckService - Before check, the queue=MessageQueue [topic=RMQ_SYS_TRANS_HALF_TOPIC, brokerName=broker-a, queueId=0] msgOffset=0 opOffset=0
2026-06-10 17:17:07 WARN TransactionalMessageCheckService - No new message. GetMessageStatus=NO_MESSAGE_IN_QUEUE, topic=RMQ_SYS_TRANS_OP_HALF_TOPIC, groupId=CID_RMQ_SYS_TRANS, requestOffset=0
2026-06-10 17:17:07 WARN TransactionalMessageCheckService - The miss op offset=0 in queue=MessageQueue [topic=RMQ_SYS_TRANS_OP_HALF_TOPIC, brokerName=broker-a, queueId=0] is NO_NEW_MSG, pullResult=PullResult [pullStatus=NO_NEW_MSG, nextBeginOffset=0, minOffset=0, maxOffset=0, msgFoundList=0]
2026-06-10 17:17:07 WARN TransactionalMessageCheckService - No new message. GetMessageStatus=NO_MESSAGE_IN_QUEUE, topic=RMQ_SYS_TRANS_HALF_TOPIC, groupId=CID_RMQ_SYS_TRANS, requestOffset=0
2026-06-10 17:17:07 WARN TransactionalMessageCheckService - No new message. GetMessageStatus=NO_MESSAGE_IN_QUEUE, topic=RMQ_SYS_TRANS_HALF_TOPIC, groupId=CID_RMQ_SYS_TRANS, requestOffset=0
2026-06-10 17:17:07 WARN TransactionalMessageCheckService - No new message. GetMessageStatus=NO_MESSAGE_IN_QUEUE, topic=RMQ_SYS_TRANS_OP_HALF_TOPIC, groupId=CID_RMQ_SYS_TRANS, requestOffset=0
2026-06-10 17:17:07 INFO TransactionalMessageCheckService - After check, MessageQueue [topic=RMQ_SYS_TRANS_HALF_TOPIC, brokerName=broker-a, queueId=0] opOffset=0 opOffsetDiff=0 msgOffset=0 msgOffsetDiff=0 msgTime=Wed Jun 10 09:17:07 UTC 2026 msgTimeDelayInMs=0 putInQueueCount=0
2026-06-10 17:17:07 INFO TransactionalMessageCheckService - End to check prepare message, consumed time:1
2026-06-10 17:17:37 INFO TransactionalMessageCheckService - Begin to check prepare message, begin time:1781083057498
2026-06-10 17:17:37 INFO TransactionalMessageCheckService - Before check, the queue=MessageQueue [topic=RMQ_SYS_TRANS_HALF_TOPIC, brokerName=broker-a, queueId=0] msgOffset=0 opOffset=0
2026-06-10 17:17:37 WARN TransactionalMessageCheckService - No new message. GetMessageStatus=NO_MESSAGE_IN_QUEUE, topic=RMQ_SYS_TRANS_OP_HALF_TOPIC, groupId=CID_RMQ_SYS_TRANS, requestOffset=0
2026-06-10 17:17:37 WARN TransactionalMessageCheckService - The miss op offset=0 in queue=MessageQueue [topic=RMQ_SYS_TRANS_OP_HALF_TOPIC, brokerName=broker-a, queueId=0] is NO_NEW_MSG, pullResult=PullResult [pullStatus=NO_NEW_MSG, nextBeginOffset=0, minOffset=0, maxOffset=0, msgFoundList=0]
2026-06-10 17:17:37 WARN TransactionalMessageCheckService - No new message. GetMessageStatus=NO_MESSAGE_IN_QUEUE, topic=RMQ_SYS_TRANS_HALF_TOPIC, groupId=CID_RMQ_SYS_TRANS, requestOffset=0
2026-06-10 17:17:37 WARN TransactionalMessageCheckService - No new message. GetMessageStatus=NO_MESSAGE_IN_QUEUE, topic=RMQ_SYS_TRANS_HALF_TOPIC, groupId=CID_RMQ_SYS_TRANS, requestOffset=0
2026-06-10 17:17:37 WARN TransactionalMessageCheckService - No new message. GetMessageStatus=NO_MESSAGE_IN_QUEUE, topic=RMQ_SYS_TRANS_OP_HALF_TOPIC, groupId=CID_RMQ_SYS_TRANS, requestOffset=0
2026-06-10 17:17:37 INFO TransactionalMessageCheckService - After check, MessageQueue [topic=RMQ_SYS_TRANS_HALF_TOPIC, brokerName=broker-a, queueId=0] opOffset=0 opOffsetDiff=0 msgOffset=0 msgOffsetDiff=0 msgTime=Wed Jun 10 09:17:37 UTC 2026 msgTimeDelayInMs=0 putInQueueCount=0
2026-06-10 17:17:37 INFO TransactionalMessageCheckService - End to check prepare message, consumed time:0
2026-06-10 17:18:07 INFO TransactionalMessageCheckService - Begin to check prepare message, begin time:1781083087498
2026-06-10 17:18:07 INFO TransactionalMessageCheckService - Before check, the queue=MessageQueue [topic=RMQ_SYS_TRANS_HALF_TOPIC, brokerName=broker-a, queueId=0] msgOffset=0 opOffset=0
2026-06-10 17:18:07 WARN TransactionalMessageCheckService - No new message. GetMessageStatus=NO_MESSAGE_IN_QUEUE, topic=RMQ_SYS_TRANS_OP_HALF_TOPIC, groupId=CID_RMQ_SYS_TRANS, requestOffset=0
2026-06-10 17:18:07 WARN TransactionalMessageCheckService - The miss op offset=0 in queue=MessageQueue [topic=RMQ_SYS_TRANS_OP_HALF_TOPIC, brokerName=broker-a, queueId=0] is NO_NEW_MSG, pullResult=PullResult [pullStatus=NO_NEW_MSG, nextBeginOffset=0, minOffset=0, maxOffset=0, msgFoundList=0]
2026-06-10 17:18:07 WARN TransactionalMessageCheckService - No new message. GetMessageStatus=NO_MESSAGE_IN_QUEUE, topic=RMQ_SYS_TRANS_HALF_TOPIC, groupId=CID_RMQ_SYS_TRANS, requestOffset=0
2026-06-10 17:18:07 WARN TransactionalMessageCheckService - No new message. GetMessageStatus=NO_MESSAGE_IN_QUEUE, topic=RMQ_SYS_TRANS_HALF_TOPIC, groupId=CID_RMQ_SYS_TRANS, requestOffset=0
2026-06-10 17:18:07 WARN TransactionalMessageCheckService - No new message. GetMessageStatus=NO_MESSAGE_IN_QUEUE, topic=RMQ_SYS_TRANS_OP_HALF_TOPIC, groupId=CID_RMQ_SYS_TRANS, requestOffset=0
2026-06-10 17:18:07 INFO TransactionalMessageCheckService - After check, MessageQueue [topic=RMQ_SYS_TRANS_HALF_TOPIC, brokerName=broker-a, queueId=0] opOffset=0 opOffsetDiff=0 msgOffset=0 msgOffsetDiff=0 msgTime=Wed Jun 10 09:18:07 UTC 2026 msgTimeDelayInMs=0 putInQueueCount=0
2026-06-10 17:18:07 INFO TransactionalMessageCheckService - End to check prepare message, consumed time:0
2026-06-10 17:18:37 INFO TransactionalMessageCheckService - Begin to check prepare message, begin time:1781083117499
2026-06-10 17:18:37 INFO TransactionalMessageCheckService - Before check, the queue=MessageQueue [topic=RMQ_SYS_TRANS_HALF_TOPIC, brokerName=broker-a, queueId=0] msgOffset=0 opOffset=0
2026-06-10 17:18:37 WARN TransactionalMessageCheckService - No new message. GetMessageStatus=NO_MESSAGE_IN_QUEUE, topic=RMQ_SYS_TRANS_OP_HALF_TOPIC, groupId=CID_RMQ_SYS_TRANS, requestOffset=0
2026-06-10 17:18:37 WARN TransactionalMessageCheckService - The miss op offset=0 in queue=MessageQueue [topic=RMQ_SYS_TRANS_OP_HALF_TOPIC, brokerName=broker-a, queueId=0] is NO_NEW_MSG, pullResult=PullResult [pullStatus=NO_NEW_MSG, nextBeginOffset=0, minOffset=0, maxOffset=0, msgFoundList=0]
2026-06-10 17:18:37 WARN TransactionalMessageCheckService - No new message. GetMessageStatus=NO_MESSAGE_IN_QUEUE, topic=RMQ_SYS_TRANS_HALF_TOPIC, groupId=CID_RMQ_SYS_TRANS, requestOffset=0
2026-06-10 17:18:37 WARN TransactionalMessageCheckService - No new message. GetMessageStatus=NO_MESSAGE_IN_QUEUE, topic=RMQ_SYS_TRANS_HALF_TOPIC, groupId=CID_RMQ_SYS_TRANS, requestOffset=0
2026-06-10 17:18:37 WARN TransactionalMessageCheckService - No new message. GetMessageStatus=NO_MESSAGE_IN_QUEUE, topic=RMQ_SYS_TRANS_OP_HALF_TOPIC, groupId=CID_RMQ_SYS_TRANS, requestOffset=0
2026-06-10 17:18:37 INFO TransactionalMessageCheckService - After check, MessageQueue [topic=RMQ_SYS_TRANS_HALF_TOPIC, brokerName=broker-a, queueId=0] opOffset=0 opOffsetDiff=0 msgOffset=0 msgOffsetDiff=0 msgTime=Wed Jun 10 09:18:37 UTC 2026 msgTimeDelayInMs=0 putInQueueCount=0
2026-06-10 17:18:37 INFO TransactionalMessageCheckService - End to check prepare message, consumed time:0
2026-06-10 17:19:07 INFO TransactionalMessageCheckService - Begin to check prepare message, begin time:1781083147499
2026-06-10 17:19:07 INFO TransactionalMessageCheckService - Before check, the queue=MessageQueue [topic=RMQ_SYS_TRANS_HALF_TOPIC, brokerName=broker-a, queueId=0] msgOffset=0 opOffset=0
2026-06-10 17:19:07 WARN TransactionalMessageCheckService - No new message. GetMessageStatus=NO_MESSAGE_IN_QUEUE, topic=RMQ_SYS_TRANS_OP_HALF_TOPIC, groupId=CID_RMQ_SYS_TRANS, requestOffset=0
2026-06-10 17:19:07 WARN TransactionalMessageCheckService - The miss op offset=0 in queue=MessageQueue [topic=RMQ_SYS_TRANS_OP_HALF_TOPIC, brokerName=broker-a, queueId=0] is NO_NEW_MSG, pullResult=PullResult [pullStatus=NO_NEW_MSG, nextBeginOffset=0, minOffset=0, maxOffset=0, msgFoundList=0]
2026-06-10 17:19:07 WARN TransactionalMessageCheckService - No new message. GetMessageStatus=NO_MESSAGE_IN_QUEUE, topic=RMQ_SYS_TRANS_HALF_TOPIC, groupId=CID_RMQ_SYS_TRANS, requestOffset=0
2026-06-10 17:19:07 WARN TransactionalMessageCheckService - No new message. GetMessageStatus=NO_MESSAGE_IN_QUEUE, topic=RMQ_SYS_TRANS_HALF_TOPIC, groupId=CID_RMQ_SYS_TRANS, requestOffset=0
2026-06-10 17:19:07 WARN TransactionalMessageCheckService - No new message. GetMessageStatus=NO_MESSAGE_IN_QUEUE, topic=RMQ_SYS_TRANS_OP_HALF_TOPIC, groupId=CID_RMQ_SYS_TRANS, requestOffset=0
2026-06-10 17:19:07 INFO TransactionalMessageCheckService - After check, MessageQueue [topic=RMQ_SYS_TRANS_HALF_TOPIC, brokerName=broker-a, queueId=0] opOffset=0 opOffsetDiff=0 msgOffset=0 msgOffsetDiff=0 msgTime=Wed Jun 10 09:19:07 UTC 2026 msgTimeDelayInMs=0 putInQueueCount=0
2026-06-10 17:19:07 INFO TransactionalMessageCheckService - End to check prepare message, consumed time:0
2026-06-10 17:19:37 INFO TransactionalMessageCheckService - Begin to check prepare message, begin time:1781083177500
2026-06-10 17:19:37 INFO TransactionalMessageCheckService - Before check, the queue=MessageQueue [topic=RMQ_SYS_TRANS_HALF_TOPIC, brokerName=broker-a, queueId=0] msgOffset=0 opOffset=0
2026-06-10 17:19:37 WARN TransactionalMessageCheckService - No new message. GetMessageStatus=NO_MESSAGE_IN_QUEUE, topic=RMQ_SYS_TRANS_OP_HALF_TOPIC, groupId=CID_RMQ_SYS_TRANS, requestOffset=0
2026-06-10 17:19:37 WARN TransactionalMessageCheckService - The miss op offset=0 in queue=MessageQueue [topic=RMQ_SYS_TRANS_OP_HALF_TOPIC, brokerName=broker-a, queueId=0] is NO_NEW_MSG, pullResult=PullResult [pullStatus=NO_NEW_MSG, nextBeginOffset=0, minOffset=0, maxOffset=0, msgFoundList=0]
2026-06-10 17:19:37 WARN TransactionalMessageCheckService - No new message. GetMessageStatus=NO_MESSAGE_IN_QUEUE, topic=RMQ_SYS_TRANS_HALF_TOPIC, groupId=CID_RMQ_SYS_TRANS, requestOffset=0
2026-06-10 17:19:37 WARN TransactionalMessageCheckService - No new message. GetMessageStatus=NO_MESSAGE_IN_QUEUE, topic=RMQ_SYS_TRANS_HALF_TOPIC, groupId=CID_RMQ_SYS_TRANS, requestOffset=0
2026-06-10 17:19:37 WARN TransactionalMessageCheckService - No new message. GetMessageStatus=NO_MESSAGE_IN_QUEUE, topic=RMQ_SYS_TRANS_OP_HALF_TOPIC, groupId=CID_RMQ_SYS_TRANS, requestOffset=0
2026-06-10 17:19:37 INFO TransactionalMessageCheckService - After check, MessageQueue [topic=RMQ_SYS_TRANS_HALF_TOPIC, brokerName=broker-a, queueId=0] opOffset=0 opOffsetDiff=0 msgOffset=0 msgOffsetDiff=0 msgTime=Wed Jun 10 09:19:37 UTC 2026 msgTimeDelayInMs=0 putInQueueCount=0
2026-06-10 17:19:37 INFO TransactionalMessageCheckService - End to check prepare message, consumed time:0
2026-06-10 17:20:07 INFO TransactionalMessageCheckService - Begin to check prepare message, begin time:1781083207500
2026-06-10 17:20:07 INFO TransactionalMessageCheckService - Before check, the queue=MessageQueue [topic=RMQ_SYS_TRANS_HALF_TOPIC, brokerName=broker-a, queueId=0] msgOffset=0 opOffset=0
2026-06-10 17:20:07 WARN TransactionalMessageCheckService - No new message. GetMessageStatus=NO_MESSAGE_IN_QUEUE, topic=RMQ_SYS_TRANS_OP_HALF_TOPIC, groupId=CID_RMQ_SYS_TRANS, requestOffset=0
2026-06-10 17:20:07 WARN TransactionalMessageCheckService - The miss op offset=0 in queue=MessageQueue [topic=RMQ_SYS_TRANS_OP_HALF_TOPIC, brokerName=broker-a, queueId=0] is NO_NEW_MSG, pullResult=PullResult [pullStatus=NO_NEW_MSG, nextBeginOffset=0, minOffset=0, maxOffset=0, msgFoundList=0]
2026-06-10 17:20:07 WARN TransactionalMessageCheckService - No new message. GetMessageStatus=NO_MESSAGE_IN_QUEUE, topic=RMQ_SYS_TRANS_HALF_TOPIC, groupId=CID_RMQ_SYS_TRANS, requestOffset=0
2026-06-10 17:20:07 WARN TransactionalMessageCheckService - No new message. GetMessageStatus=NO_MESSAGE_IN_QUEUE, topic=RMQ_SYS_TRANS_HALF_TOPIC, groupId=CID_RMQ_SYS_TRANS, requestOffset=0
2026-06-10 17:20:07 WARN TransactionalMessageCheckService - No new message. GetMessageStatus=NO_MESSAGE_IN_QUEUE, topic=RMQ_SYS_TRANS_OP_HALF_TOPIC, groupId=CID_RMQ_SYS_TRANS, requestOffset=0
2026-06-10 17:20:07 INFO TransactionalMessageCheckService - After check, MessageQueue [topic=RMQ_SYS_TRANS_HALF_TOPIC, brokerName=broker-a, queueId=0] opOffset=0 opOffsetDiff=0 msgOffset=0 msgOffsetDiff=0 msgTime=Wed Jun 10 09:20:07 UTC 2026 msgTimeDelayInMs=0 putInQueueCount=0
2026-06-10 17:20:07 INFO TransactionalMessageCheckService - End to check prepare message, consumed time:0
2026-06-10 17:20:37 INFO TransactionalMessageCheckService - Begin to check prepare message, begin time:1781083237500
2026-06-10 17:20:37 INFO TransactionalMessageCheckService - Before check, the queue=MessageQueue [topic=RMQ_SYS_TRANS_HALF_TOPIC, brokerName=broker-a, queueId=0] msgOffset=0 opOffset=0
2026-06-10 17:20:37 WARN TransactionalMessageCheckService - No new message. GetMessageStatus=NO_MESSAGE_IN_QUEUE, topic=RMQ_SYS_TRANS_OP_HALF_TOPIC, groupId=CID_RMQ_SYS_TRANS, requestOffset=0
2026-06-10 17:20:37 WARN TransactionalMessageCheckService - The miss op offset=0 in queue=MessageQueue [topic=RMQ_SYS_TRANS_OP_HALF_TOPIC, brokerName=broker-a, queueId=0] is NO_NEW_MSG, pullResult=PullResult [pullStatus=NO_NEW_MSG, nextBeginOffset=0, minOffset=0, maxOffset=0, msgFoundList=0]
2026-06-10 17:20:37 WARN TransactionalMessageCheckService - No new message. GetMessageStatus=NO_MESSAGE_IN_QUEUE, topic=RMQ_SYS_TRANS_HALF_TOPIC, groupId=CID_RMQ_SYS_TRANS, requestOffset=0
2026-06-10 17:20:37 WARN TransactionalMessageCheckService - No new message. GetMessageStatus=NO_MESSAGE_IN_QUEUE, topic=RMQ_SYS_TRANS_HALF_TOPIC, groupId=CID_RMQ_SYS_TRANS, requestOffset=0
2026-06-10 17:20:37 WARN TransactionalMessageCheckService - No new message. GetMessageStatus=NO_MESSAGE_IN_QUEUE, topic=RMQ_SYS_TRANS_OP_HALF_TOPIC, groupId=CID_RMQ_SYS_TRANS, requestOffset=0
2026-06-10 17:20:37 INFO TransactionalMessageCheckService - After check, MessageQueue [topic=RMQ_SYS_TRANS_HALF_TOPIC, brokerName=broker-a, queueId=0] opOffset=0 opOffsetDiff=0 msgOffset=0 msgOffsetDiff=0 msgTime=Wed Jun 10 09:20:37 UTC 2026 msgTimeDelayInMs=0 putInQueueCount=0
2026-06-10 17:20:37 INFO TransactionalMessageCheckService - End to check prepare message, consumed time:0
2026-06-10 17:21:07 INFO TransactionalMessageCheckService - Begin to check prepare message, begin time:1781083267501
2026-06-10 17:21:07 INFO TransactionalMessageCheckService - Before check, the queue=MessageQueue [topic=RMQ_SYS_TRANS_HALF_TOPIC, brokerName=broker-a, queueId=0] msgOffset=0 opOffset=0
2026-06-10 17:21:07 WARN TransactionalMessageCheckService - No new message. GetMessageStatus=NO_MESSAGE_IN_QUEUE, topic=RMQ_SYS_TRANS_OP_HALF_TOPIC, groupId=CID_RMQ_SYS_TRANS, requestOffset=0
2026-06-10 17:21:07 WARN TransactionalMessageCheckService - The miss op offset=0 in queue=MessageQueue [topic=RMQ_SYS_TRANS_OP_HALF_TOPIC, brokerName=broker-a, queueId=0] is NO_NEW_MSG, pullResult=PullResult [pullStatus=NO_NEW_MSG, nextBeginOffset=0, minOffset=0, maxOffset=0, msgFoundList=0]
2026-06-10 17:21:07 WARN TransactionalMessageCheckService - No new message. GetMessageStatus=NO_MESSAGE_IN_QUEUE, topic=RMQ_SYS_TRANS_HALF_TOPIC, groupId=CID_RMQ_SYS_TRANS, requestOffset=0
2026-06-10 17:21:07 WARN TransactionalMessageCheckService - No new message. GetMessageStatus=NO_MESSAGE_IN_QUEUE, topic=RMQ_SYS_TRANS_HALF_TOPIC, groupId=CID_RMQ_SYS_TRANS, requestOffset=0
2026-06-10 17:21:07 WARN TransactionalMessageCheckService - No new message. GetMessageStatus=NO_MESSAGE_IN_QUEUE, topic=RMQ_SYS_TRANS_OP_HALF_TOPIC, groupId=CID_RMQ_SYS_TRANS, requestOffset=0
2026-06-10 17:21:07 INFO TransactionalMessageCheckService - After check, MessageQueue [topic=RMQ_SYS_TRANS_HALF_TOPIC, brokerName=broker-a, queueId=0] opOffset=0 opOffsetDiff=0 msgOffset=0 msgOffsetDiff=0 msgTime=Wed Jun 10 09:21:07 UTC 2026 msgTimeDelayInMs=0 putInQueueCount=0
2026-06-10 17:21:07 INFO TransactionalMessageCheckService - End to check prepare message, consumed time:0
2026-06-10 17:21:37 INFO TransactionalMessageCheckService - Begin to check prepare message, begin time:1781083297501
2026-06-10 17:21:37 INFO TransactionalMessageCheckService - Before check, the queue=MessageQueue [topic=RMQ_SYS_TRANS_HALF_TOPIC, brokerName=broker-a, queueId=0] msgOffset=0 opOffset=0
2026-06-10 17:21:37 WARN TransactionalMessageCheckService - No new message. GetMessageStatus=NO_MESSAGE_IN_QUEUE, topic=RMQ_SYS_TRANS_OP_HALF_TOPIC, groupId=CID_RMQ_SYS_TRANS, requestOffset=0
2026-06-10 17:21:37 WARN TransactionalMessageCheckService - The miss op offset=0 in queue=MessageQueue [topic=RMQ_SYS_TRANS_OP_HALF_TOPIC, brokerName=broker-a, queueId=0] is NO_NEW_MSG, pullResult=PullResult [pullStatus=NO_NEW_MSG, nextBeginOffset=0, minOffset=0, maxOffset=0, msgFoundList=0]
2026-06-10 17:21:37 WARN TransactionalMessageCheckService - No new message. GetMessageStatus=NO_MESSAGE_IN_QUEUE, topic=RMQ_SYS_TRANS_HALF_TOPIC, groupId=CID_RMQ_SYS_TRANS, requestOffset=0
2026-06-10 17:21:37 WARN TransactionalMessageCheckService - No new message. GetMessageStatus=NO_MESSAGE_IN_QUEUE, topic=RMQ_SYS_TRANS_HALF_TOPIC, groupId=CID_RMQ_SYS_TRANS, requestOffset=0
2026-06-10 17:21:37 WARN TransactionalMessageCheckService - No new message. GetMessageStatus=NO_MESSAGE_IN_QUEUE, topic=RMQ_SYS_TRANS_OP_HALF_TOPIC, groupId=CID_RMQ_SYS_TRANS, requestOffset=0
2026-06-10 17:21:37 INFO TransactionalMessageCheckService - After check, MessageQueue [topic=RMQ_SYS_TRANS_HALF_TOPIC, brokerName=broker-a, queueId=0] opOffset=0 opOffsetDiff=0 msgOffset=0 msgOffsetDiff=0 msgTime=Wed Jun 10 09:21:37 UTC 2026 msgTimeDelayInMs=0 putInQueueCount=0
2026-06-10 17:21:37 INFO TransactionalMessageCheckService - End to check prepare message, consumed time:0
2026-06-10 17:22:07 INFO TransactionalMessageCheckService - Begin to check prepare message, begin time:1781083327501
2026-06-10 17:22:07 INFO TransactionalMessageCheckService - Before check, the queue=MessageQueue [topic=RMQ_SYS_TRANS_HALF_TOPIC, brokerName=broker-a, queueId=0] msgOffset=0 opOffset=0
2026-06-10 17:22:07 WARN TransactionalMessageCheckService - No new message. GetMessageStatus=NO_MESSAGE_IN_QUEUE, topic=RMQ_SYS_TRANS_OP_HALF_TOPIC, groupId=CID_RMQ_SYS_TRANS, requestOffset=0
2026-06-10 17:22:07 WARN TransactionalMessageCheckService - The miss op offset=0 in queue=MessageQueue [topic=RMQ_SYS_TRANS_OP_HALF_TOPIC, brokerName=broker-a, queueId=0] is NO_NEW_MSG, pullResult=PullResult [pullStatus=NO_NEW_MSG, nextBeginOffset=0, minOffset=0, maxOffset=0, msgFoundList=0]
2026-06-10 17:22:07 WARN TransactionalMessageCheckService - No new message. GetMessageStatus=NO_MESSAGE_IN_QUEUE, topic=RMQ_SYS_TRANS_HALF_TOPIC, groupId=CID_RMQ_SYS_TRANS, requestOffset=0
2026-06-10 17:22:07 WARN TransactionalMessageCheckService - No new message. GetMessageStatus=NO_MESSAGE_IN_QUEUE, topic=RMQ_SYS_TRANS_HALF_TOPIC, groupId=CID_RMQ_SYS_TRANS, requestOffset=0
2026-06-10 17:22:07 WARN TransactionalMessageCheckService - No new message. GetMessageStatus=NO_MESSAGE_IN_QUEUE, topic=RMQ_SYS_TRANS_OP_HALF_TOPIC, groupId=CID_RMQ_SYS_TRANS, requestOffset=0
2026-06-10 17:22:07 INFO TransactionalMessageCheckService - After check, MessageQueue [topic=RMQ_SYS_TRANS_HALF_TOPIC, brokerName=broker-a, queueId=0] opOffset=0 opOffsetDiff=0 msgOffset=0 msgOffsetDiff=0 msgTime=Wed Jun 10 09:22:07 UTC 2026 msgTimeDelayInMs=0 putInQueueCount=0
2026-06-10 17:22:07 INFO TransactionalMessageCheckService - End to check prepare message, consumed time:0
2026-06-10 17:22:37 INFO TransactionalMessageCheckService - Begin to check prepare message, begin time:1781083357501
2026-06-10 17:22:37 INFO TransactionalMessageCheckService - Before check, the queue=MessageQueue [topic=RMQ_SYS_TRANS_HALF_TOPIC, brokerName=broker-a, queueId=0] msgOffset=0 opOffset=0
2026-06-10 17:22:37 WARN TransactionalMessageCheckService - No new message. GetMessageStatus=NO_MESSAGE_IN_QUEUE, topic=RMQ_SYS_TRANS_OP_HALF_TOPIC, groupId=CID_RMQ_SYS_TRANS, requestOffset=0
2026-06-10 17:22:37 WARN TransactionalMessageCheckService - The miss op offset=0 in queue=MessageQueue [topic=RMQ_SYS_TRANS_OP_HALF_TOPIC, brokerName=broker-a, queueId=0] is NO_NEW_MSG, pullResult=PullResult [pullStatus=NO_NEW_MSG, nextBeginOffset=0, minOffset=0, maxOffset=0, msgFoundList=0]
2026-06-10 17:22:37 WARN TransactionalMessageCheckService - No new message. GetMessageStatus=NO_MESSAGE_IN_QUEUE, topic=RMQ_SYS_TRANS_HALF_TOPIC, groupId=CID_RMQ_SYS_TRANS, requestOffset=0
2026-06-10 17:22:37 WARN TransactionalMessageCheckService - No new message. GetMessageStatus=NO_MESSAGE_IN_QUEUE, topic=RMQ_SYS_TRANS_HALF_TOPIC, groupId=CID_RMQ_SYS_TRANS, requestOffset=0
2026-06-10 17:22:37 WARN TransactionalMessageCheckService - No new message. GetMessageStatus=NO_MESSAGE_IN_QUEUE, topic=RMQ_SYS_TRANS_OP_HALF_TOPIC, groupId=CID_RMQ_SYS_TRANS, requestOffset=0
2026-06-10 17:22:37 INFO TransactionalMessageCheckService - After check, MessageQueue [topic=RMQ_SYS_TRANS_HALF_TOPIC, brokerName=broker-a, queueId=0] opOffset=0 opOffsetDiff=0 msgOffset=0 msgOffsetDiff=0 msgTime=Wed Jun 10 09:22:37 UTC 2026 msgTimeDelayInMs=0 putInQueueCount=0
2026-06-10 17:22:37 INFO TransactionalMessageCheckService - End to check prepare message, consumed time:1
2026-06-10 17:23:07 INFO TransactionalMessageCheckService - Begin to check prepare message, begin time:1781083387502
2026-06-10 17:23:07 INFO TransactionalMessageCheckService - Before check, the queue=MessageQueue [topic=RMQ_SYS_TRANS_HALF_TOPIC, brokerName=broker-a, queueId=0] msgOffset=0 opOffset=0
2026-06-10 17:23:07 WARN TransactionalMessageCheckService - No new message. GetMessageStatus=NO_MESSAGE_IN_QUEUE, topic=RMQ_SYS_TRANS_OP_HALF_TOPIC, groupId=CID_RMQ_SYS_TRANS, requestOffset=0
2026-06-10 17:23:07 WARN TransactionalMessageCheckService - The miss op offset=0 in queue=MessageQueue [topic=RMQ_SYS_TRANS_OP_HALF_TOPIC, brokerName=broker-a, queueId=0] is NO_NEW_MSG, pullResult=PullResult [pullStatus=NO_NEW_MSG, nextBeginOffset=0, minOffset=0, maxOffset=0, msgFoundList=0]
2026-06-10 17:23:07 WARN TransactionalMessageCheckService - No new message. GetMessageStatus=NO_MESSAGE_IN_QUEUE, topic=RMQ_SYS_TRANS_HALF_TOPIC, groupId=CID_RMQ_SYS_TRANS, requestOffset=0
2026-06-10 17:23:07 WARN TransactionalMessageCheckService - No new message. GetMessageStatus=NO_MESSAGE_IN_QUEUE, topic=RMQ_SYS_TRANS_HALF_TOPIC, groupId=CID_RMQ_SYS_TRANS, requestOffset=0
2026-06-10 17:23:07 WARN TransactionalMessageCheckService - No new message. GetMessageStatus=NO_MESSAGE_IN_QUEUE, topic=RMQ_SYS_TRANS_OP_HALF_TOPIC, groupId=CID_RMQ_SYS_TRANS, requestOffset=0
2026-06-10 17:23:07 INFO TransactionalMessageCheckService - After check, MessageQueue [topic=RMQ_SYS_TRANS_HALF_TOPIC, brokerName=broker-a, queueId=0] opOffset=0 opOffsetDiff=0 msgOffset=0 msgOffsetDiff=0 msgTime=Wed Jun 10 09:23:07 UTC 2026 msgTimeDelayInMs=0 putInQueueCount=0
2026-06-10 17:23:07 INFO TransactionalMessageCheckService - End to check prepare message, consumed time:0
2026-06-10 17:23:37 INFO TransactionalMessageCheckService - Begin to check prepare message, begin time:1781083417502
2026-06-10 17:23:37 INFO TransactionalMessageCheckService - Before check, the queue=MessageQueue [topic=RMQ_SYS_TRANS_HALF_TOPIC, brokerName=broker-a, queueId=0] msgOffset=0 opOffset=0
2026-06-10 17:23:37 WARN TransactionalMessageCheckService - No new message. GetMessageStatus=NO_MESSAGE_IN_QUEUE, topic=RMQ_SYS_TRANS_OP_HALF_TOPIC, groupId=CID_RMQ_SYS_TRANS, requestOffset=0
2026-06-10 17:23:37 WARN TransactionalMessageCheckService - The miss op offset=0 in queue=MessageQueue [topic=RMQ_SYS_TRANS_OP_HALF_TOPIC, brokerName=broker-a, queueId=0] is NO_NEW_MSG, pullResult=PullResult [pullStatus=NO_NEW_MSG, nextBeginOffset=0, minOffset=0, maxOffset=0, msgFoundList=0]
2026-06-10 17:23:37 WARN TransactionalMessageCheckService - No new message. GetMessageStatus=NO_MESSAGE_IN_QUEUE, topic=RMQ_SYS_TRANS_HALF_TOPIC, groupId=CID_RMQ_SYS_TRANS, requestOffset=0
2026-06-10 17:23:37 WARN TransactionalMessageCheckService - No new message. GetMessageStatus=NO_MESSAGE_IN_QUEUE, topic=RMQ_SYS_TRANS_HALF_TOPIC, groupId=CID_RMQ_SYS_TRANS, requestOffset=0
2026-06-10 17:23:37 WARN TransactionalMessageCheckService - No new message. GetMessageStatus=NO_MESSAGE_IN_QUEUE, topic=RMQ_SYS_TRANS_OP_HALF_TOPIC, groupId=CID_RMQ_SYS_TRANS, requestOffset=0
2026-06-10 17:23:37 INFO TransactionalMessageCheckService - After check, MessageQueue [topic=RMQ_SYS_TRANS_HALF_TOPIC, brokerName=broker-a, queueId=0] opOffset=0 opOffsetDiff=0 msgOffset=0 msgOffsetDiff=0 msgTime=Wed Jun 10 09:23:37 UTC 2026 msgTimeDelayInMs=0 putInQueueCount=0
2026-06-10 17:23:37 INFO TransactionalMessageCheckService - End to check prepare message, consumed time:0
2026-06-10 17:24:07 INFO TransactionalMessageCheckService - Begin to check prepare message, begin time:1781083447502
2026-06-10 17:24:07 INFO TransactionalMessageCheckService - Before check, the queue=MessageQueue [topic=RMQ_SYS_TRANS_HALF_TOPIC, brokerName=broker-a, queueId=0] msgOffset=0 opOffset=0
2026-06-10 17:24:07 WARN TransactionalMessageCheckService - No new message. GetMessageStatus=NO_MESSAGE_IN_QUEUE, topic=RMQ_SYS_TRANS_OP_HALF_TOPIC, groupId=CID_RMQ_SYS_TRANS, requestOffset=0
2026-06-10 17:24:07 WARN TransactionalMessageCheckService - The miss op offset=0 in queue=MessageQueue [topic=RMQ_SYS_TRANS_OP_HALF_TOPIC, brokerName=broker-a, queueId=0] is NO_NEW_MSG, pullResult=PullResult [pullStatus=NO_NEW_MSG, nextBeginOffset=0, minOffset=0, maxOffset=0, msgFoundList=0]
2026-06-10 17:24:07 WARN TransactionalMessageCheckService - No new message. GetMessageStatus=NO_MESSAGE_IN_QUEUE, topic=RMQ_SYS_TRANS_HALF_TOPIC, groupId=CID_RMQ_SYS_TRANS, requestOffset=0
2026-06-10 17:24:07 WARN TransactionalMessageCheckService - No new message. GetMessageStatus=NO_MESSAGE_IN_QUEUE, topic=RMQ_SYS_TRANS_HALF_TOPIC, groupId=CID_RMQ_SYS_TRANS, requestOffset=0
2026-06-10 17:24:07 WARN TransactionalMessageCheckService - No new message. GetMessageStatus=NO_MESSAGE_IN_QUEUE, topic=RMQ_SYS_TRANS_OP_HALF_TOPIC, groupId=CID_RMQ_SYS_TRANS, requestOffset=0
2026-06-10 17:24:07 INFO TransactionalMessageCheckService - After check, MessageQueue [topic=RMQ_SYS_TRANS_HALF_TOPIC, brokerName=broker-a, queueId=0] opOffset=0 opOffsetDiff=0 msgOffset=0 msgOffsetDiff=0 msgTime=Wed Jun 10 09:24:07 UTC 2026 msgTimeDelayInMs=0 putInQueueCount=0
2026-06-10 17:24:07 INFO TransactionalMessageCheckService - End to check prepare message, consumed time:1
2026-06-10 17:24:37 INFO TransactionalMessageCheckService - Begin to check prepare message, begin time:1781083477503
2026-06-10 17:24:37 INFO TransactionalMessageCheckService - Before check, the queue=MessageQueue [topic=RMQ_SYS_TRANS_HALF_TOPIC, brokerName=broker-a, queueId=0] msgOffset=0 opOffset=0
2026-06-10 17:24:37 WARN TransactionalMessageCheckService - No new message. GetMessageStatus=NO_MESSAGE_IN_QUEUE, topic=RMQ_SYS_TRANS_OP_HALF_TOPIC, groupId=CID_RMQ_SYS_TRANS, requestOffset=0
2026-06-10 17:24:37 WARN TransactionalMessageCheckService - The miss op offset=0 in queue=MessageQueue [topic=RMQ_SYS_TRANS_OP_HALF_TOPIC, brokerName=broker-a, queueId=0] is NO_NEW_MSG, pullResult=PullResult [pullStatus=NO_NEW_MSG, nextBeginOffset=0, minOffset=0, maxOffset=0, msgFoundList=0]
2026-06-10 17:24:37 WARN TransactionalMessageCheckService - No new message. GetMessageStatus=NO_MESSAGE_IN_QUEUE, topic=RMQ_SYS_TRANS_HALF_TOPIC, groupId=CID_RMQ_SYS_TRANS, requestOffset=0
2026-06-10 17:24:37 WARN TransactionalMessageCheckService - No new message. GetMessageStatus=NO_MESSAGE_IN_QUEUE, topic=RMQ_SYS_TRANS_HALF_TOPIC, groupId=CID_RMQ_SYS_TRANS, requestOffset=0
2026-06-10 17:24:37 WARN TransactionalMessageCheckService - No new message. GetMessageStatus=NO_MESSAGE_IN_QUEUE, topic=RMQ_SYS_TRANS_OP_HALF_TOPIC, groupId=CID_RMQ_SYS_TRANS, requestOffset=0
2026-06-10 17:24:37 INFO TransactionalMessageCheckService - After check, MessageQueue [topic=RMQ_SYS_TRANS_HALF_TOPIC, brokerName=broker-a, queueId=0] opOffset=0 opOffsetDiff=0 msgOffset=0 msgOffsetDiff=0 msgTime=Wed Jun 10 09:24:37 UTC 2026 msgTimeDelayInMs=0 putInQueueCount=0
2026-06-10 17:24:37 INFO TransactionalMessageCheckService - End to check prepare message, consumed time:0
2026-06-10 17:25:07 INFO TransactionalMessageCheckService - Begin to check prepare message, begin time:1781083507503
2026-06-10 17:25:07 INFO TransactionalMessageCheckService - Before check, the queue=MessageQueue [topic=RMQ_SYS_TRANS_HALF_TOPIC, brokerName=broker-a, queueId=0] msgOffset=0 opOffset=0
2026-06-10 17:25:07 WARN TransactionalMessageCheckService - No new message. GetMessageStatus=NO_MESSAGE_IN_QUEUE, topic=RMQ_SYS_TRANS_OP_HALF_TOPIC, groupId=CID_RMQ_SYS_TRANS, requestOffset=0
2026-06-10 17:25:07 WARN TransactionalMessageCheckService - The miss op offset=0 in queue=MessageQueue [topic=RMQ_SYS_TRANS_OP_HALF_TOPIC, brokerName=broker-a, queueId=0] is NO_NEW_MSG, pullResult=PullResult [pullStatus=NO_NEW_MSG, nextBeginOffset=0, minOffset=0, maxOffset=0, msgFoundList=0]
2026-06-10 17:25:07 WARN TransactionalMessageCheckService - No new message. GetMessageStatus=NO_MESSAGE_IN_QUEUE, topic=RMQ_SYS_TRANS_HALF_TOPIC, groupId=CID_RMQ_SYS_TRANS, requestOffset=0
2026-06-10 17:25:07 WARN TransactionalMessageCheckService - No new message. GetMessageStatus=NO_MESSAGE_IN_QUEUE, topic=RMQ_SYS_TRANS_HALF_TOPIC, groupId=CID_RMQ_SYS_TRANS, requestOffset=0
2026-06-10 17:25:07 WARN TransactionalMessageCheckService - No new message. GetMessageStatus=NO_MESSAGE_IN_QUEUE, topic=RMQ_SYS_TRANS_OP_HALF_TOPIC, groupId=CID_RMQ_SYS_TRANS, requestOffset=0
2026-06-10 17:25:07 INFO TransactionalMessageCheckService - After check, MessageQueue [topic=RMQ_SYS_TRANS_HALF_TOPIC, brokerName=broker-a, queueId=0] opOffset=0 opOffsetDiff=0 msgOffset=0 msgOffsetDiff=0 msgTime=Wed Jun 10 09:25:07 UTC 2026 msgTimeDelayInMs=0 putInQueueCount=0
2026-06-10 17:25:07 INFO TransactionalMessageCheckService - End to check prepare message, consumed time:0
2026-06-10 17:25:37 INFO TransactionalMessageCheckService - Begin to check prepare message, begin time:1781083537503
2026-06-10 17:25:37 INFO TransactionalMessageCheckService - Before check, the queue=MessageQueue [topic=RMQ_SYS_TRANS_HALF_TOPIC, brokerName=broker-a, queueId=0] msgOffset=0 opOffset=0
2026-06-10 17:25:37 WARN TransactionalMessageCheckService - No new message. GetMessageStatus=NO_MESSAGE_IN_QUEUE, topic=RMQ_SYS_TRANS_OP_HALF_TOPIC, groupId=CID_RMQ_SYS_TRANS, requestOffset=0
2026-06-10 17:25:37 WARN TransactionalMessageCheckService - The miss op offset=0 in queue=MessageQueue [topic=RMQ_SYS_TRANS_OP_HALF_TOPIC, brokerName=broker-a, queueId=0] is NO_NEW_MSG, pullResult=PullResult [pullStatus=NO_NEW_MSG, nextBeginOffset=0, minOffset=0, maxOffset=0, msgFoundList=0]
2026-06-10 17:25:37 WARN TransactionalMessageCheckService - No new message. GetMessageStatus=NO_MESSAGE_IN_QUEUE, topic=RMQ_SYS_TRANS_HALF_TOPIC, groupId=CID_RMQ_SYS_TRANS, requestOffset=0
2026-06-10 17:25:37 WARN TransactionalMessageCheckService - No new message. GetMessageStatus=NO_MESSAGE_IN_QUEUE, topic=RMQ_SYS_TRANS_HALF_TOPIC, groupId=CID_RMQ_SYS_TRANS, requestOffset=0
2026-06-10 17:25:37 WARN TransactionalMessageCheckService - No new message. GetMessageStatus=NO_MESSAGE_IN_QUEUE, topic=RMQ_SYS_TRANS_OP_HALF_TOPIC, groupId=CID_RMQ_SYS_TRANS, requestOffset=0
2026-06-10 17:25:37 INFO TransactionalMessageCheckService - After check, MessageQueue [topic=RMQ_SYS_TRANS_HALF_TOPIC, brokerName=broker-a, queueId=0] opOffset=0 opOffsetDiff=0 msgOffset=0 msgOffsetDiff=0 msgTime=Wed Jun 10 09:25:37 UTC 2026 msgTimeDelayInMs=0 putInQueueCount=0
2026-06-10 17:25:37 INFO TransactionalMessageCheckService - End to check prepare message, consumed time:0
2026-06-10 17:26:07 INFO TransactionalMessageCheckService - Begin to check prepare message, begin time:1781083567503
2026-06-10 17:26:07 INFO TransactionalMessageCheckService - Before check, the queue=MessageQueue [topic=RMQ_SYS_TRANS_HALF_TOPIC, brokerName=broker-a, queueId=0] msgOffset=0 opOffset=0
2026-06-10 17:26:07 WARN TransactionalMessageCheckService - No new message. GetMessageStatus=NO_MESSAGE_IN_QUEUE, topic=RMQ_SYS_TRANS_OP_HALF_TOPIC, groupId=CID_RMQ_SYS_TRANS, requestOffset=0
2026-06-10 17:26:07 WARN TransactionalMessageCheckService - The miss op offset=0 in queue=MessageQueue [topic=RMQ_SYS_TRANS_OP_HALF_TOPIC, brokerName=broker-a, queueId=0] is NO_NEW_MSG, pullResult=PullResult [pullStatus=NO_NEW_MSG, nextBeginOffset=0, minOffset=0, maxOffset=0, msgFoundList=0]
2026-06-10 17:26:07 WARN TransactionalMessageCheckService - No new message. GetMessageStatus=NO_MESSAGE_IN_QUEUE, topic=RMQ_SYS_TRANS_HALF_TOPIC, groupId=CID_RMQ_SYS_TRANS, requestOffset=0
2026-06-10 17:26:07 WARN TransactionalMessageCheckService - No new message. GetMessageStatus=NO_MESSAGE_IN_QUEUE, topic=RMQ_SYS_TRANS_HALF_TOPIC, groupId=CID_RMQ_SYS_TRANS, requestOffset=0
2026-06-10 17:26:07 WARN TransactionalMessageCheckService - No new message. GetMessageStatus=NO_MESSAGE_IN_QUEUE, topic=RMQ_SYS_TRANS_OP_HALF_TOPIC, groupId=CID_RMQ_SYS_TRANS, requestOffset=0
2026-06-10 17:26:07 INFO TransactionalMessageCheckService - After check, MessageQueue [topic=RMQ_SYS_TRANS_HALF_TOPIC, brokerName=broker-a, queueId=0] opOffset=0 opOffsetDiff=0 msgOffset=0 msgOffsetDiff=0 msgTime=Wed Jun 10 09:26:07 UTC 2026 msgTimeDelayInMs=0 putInQueueCount=0
2026-06-10 17:26:07 INFO TransactionalMessageCheckService - End to check prepare message, consumed time:1
2026-06-10 17:26:37 INFO TransactionalMessageCheckService - Begin to check prepare message, begin time:1781083597504
2026-06-10 17:26:37 INFO TransactionalMessageCheckService - Before check, the queue=MessageQueue [topic=RMQ_SYS_TRANS_HALF_TOPIC, brokerName=broker-a, queueId=0] msgOffset=0 opOffset=0
2026-06-10 17:26:37 WARN TransactionalMessageCheckService - No new message. GetMessageStatus=NO_MESSAGE_IN_QUEUE, topic=RMQ_SYS_TRANS_OP_HALF_TOPIC, groupId=CID_RMQ_SYS_TRANS, requestOffset=0
2026-06-10 17:26:37 WARN TransactionalMessageCheckService - The miss op offset=0 in queue=MessageQueue [topic=RMQ_SYS_TRANS_OP_HALF_TOPIC, brokerName=broker-a, queueId=0] is NO_NEW_MSG, pullResult=PullResult [pullStatus=NO_NEW_MSG, nextBeginOffset=0, minOffset=0, maxOffset=0, msgFoundList=0]
2026-06-10 17:26:37 WARN TransactionalMessageCheckService - No new message. GetMessageStatus=NO_MESSAGE_IN_QUEUE, topic=RMQ_SYS_TRANS_HALF_TOPIC, groupId=CID_RMQ_SYS_TRANS, requestOffset=0
2026-06-10 17:26:37 WARN TransactionalMessageCheckService - No new message. GetMessageStatus=NO_MESSAGE_IN_QUEUE, topic=RMQ_SYS_TRANS_HALF_TOPIC, groupId=CID_RMQ_SYS_TRANS, requestOffset=0
2026-06-10 17:26:37 WARN TransactionalMessageCheckService - No new message. GetMessageStatus=NO_MESSAGE_IN_QUEUE, topic=RMQ_SYS_TRANS_OP_HALF_TOPIC, groupId=CID_RMQ_SYS_TRANS, requestOffset=0
2026-06-10 17:26:37 INFO TransactionalMessageCheckService - After check, MessageQueue [topic=RMQ_SYS_TRANS_HALF_TOPIC, brokerName=broker-a, queueId=0] opOffset=0 opOffsetDiff=0 msgOffset=0 msgOffsetDiff=0 msgTime=Wed Jun 10 09:26:37 UTC 2026 msgTimeDelayInMs=0 putInQueueCount=0
2026-06-10 17:26:37 INFO TransactionalMessageCheckService - End to check prepare message, consumed time:0
2026-06-10 17:27:07 INFO TransactionalMessageCheckService - Begin to check prepare message, begin time:1781083627504
2026-06-10 17:27:07 INFO TransactionalMessageCheckService - Before check, the queue=MessageQueue [topic=RMQ_SYS_TRANS_HALF_TOPIC, brokerName=broker-a, queueId=0] msgOffset=0 opOffset=0
2026-06-10 17:27:07 WARN TransactionalMessageCheckService - No new message. GetMessageStatus=NO_MESSAGE_IN_QUEUE, topic=RMQ_SYS_TRANS_OP_HALF_TOPIC, groupId=CID_RMQ_SYS_TRANS, requestOffset=0
2026-06-10 17:27:07 WARN TransactionalMessageCheckService - The miss op offset=0 in queue=MessageQueue [topic=RMQ_SYS_TRANS_OP_HALF_TOPIC, brokerName=broker-a, queueId=0] is NO_NEW_MSG, pullResult=PullResult [pullStatus=NO_NEW_MSG, nextBeginOffset=0, minOffset=0, maxOffset=0, msgFoundList=0]
2026-06-10 17:27:07 WARN TransactionalMessageCheckService - No new message. GetMessageStatus=NO_MESSAGE_IN_QUEUE, topic=RMQ_SYS_TRANS_HALF_TOPIC, groupId=CID_RMQ_SYS_TRANS, requestOffset=0
2026-06-10 17:27:07 WARN TransactionalMessageCheckService - No new message. GetMessageStatus=NO_MESSAGE_IN_QUEUE, topic=RMQ_SYS_TRANS_HALF_TOPIC, groupId=CID_RMQ_SYS_TRANS, requestOffset=0
2026-06-10 17:27:07 WARN TransactionalMessageCheckService - No new message. GetMessageStatus=NO_MESSAGE_IN_QUEUE, topic=RMQ_SYS_TRANS_OP_HALF_TOPIC, groupId=CID_RMQ_SYS_TRANS, requestOffset=0
2026-06-10 17:27:07 INFO TransactionalMessageCheckService - After check, MessageQueue [topic=RMQ_SYS_TRANS_HALF_TOPIC, brokerName=broker-a, queueId=0] opOffset=0 opOffsetDiff=0 msgOffset=0 msgOffsetDiff=0 msgTime=Wed Jun 10 09:27:07 UTC 2026 msgTimeDelayInMs=0 putInQueueCount=0
2026-06-10 17:27:07 INFO TransactionalMessageCheckService - End to check prepare message, consumed time:0
2026-06-10 17:27:37 INFO TransactionalMessageCheckService - Begin to check prepare message, begin time:1781083657504
2026-06-10 17:27:37 INFO TransactionalMessageCheckService - Before check, the queue=MessageQueue [topic=RMQ_SYS_TRANS_HALF_TOPIC, brokerName=broker-a, queueId=0] msgOffset=0 opOffset=0
2026-06-10 17:27:37 WARN TransactionalMessageCheckService - No new message. GetMessageStatus=NO_MESSAGE_IN_QUEUE, topic=RMQ_SYS_TRANS_OP_HALF_TOPIC, groupId=CID_RMQ_SYS_TRANS, requestOffset=0
2026-06-10 17:27:37 WARN TransactionalMessageCheckService - The miss op offset=0 in queue=MessageQueue [topic=RMQ_SYS_TRANS_OP_HALF_TOPIC, brokerName=broker-a, queueId=0] is NO_NEW_MSG, pullResult=PullResult [pullStatus=NO_NEW_MSG, nextBeginOffset=0, minOffset=0, maxOffset=0, msgFoundList=0]
2026-06-10 17:27:37 WARN TransactionalMessageCheckService - No new message. GetMessageStatus=NO_MESSAGE_IN_QUEUE, topic=RMQ_SYS_TRANS_HALF_TOPIC, groupId=CID_RMQ_SYS_TRANS, requestOffset=0
2026-06-10 17:27:37 WARN TransactionalMessageCheckService - No new message. GetMessageStatus=NO_MESSAGE_IN_QUEUE, topic=RMQ_SYS_TRANS_HALF_TOPIC, groupId=CID_RMQ_SYS_TRANS, requestOffset=0
2026-06-10 17:27:37 WARN TransactionalMessageCheckService - No new message. GetMessageStatus=NO_MESSAGE_IN_QUEUE, topic=RMQ_SYS_TRANS_OP_HALF_TOPIC, groupId=CID_RMQ_SYS_TRANS, requestOffset=0
2026-06-10 17:27:37 INFO TransactionalMessageCheckService - After check, MessageQueue [topic=RMQ_SYS_TRANS_HALF_TOPIC, brokerName=broker-a, queueId=0] opOffset=0 opOffsetDiff=0 msgOffset=0 msgOffsetDiff=0 msgTime=Wed Jun 10 09:27:37 UTC 2026 msgTimeDelayInMs=0 putInQueueCount=0
2026-06-10 17:27:37 INFO TransactionalMessageCheckService - End to check prepare message, consumed time:0
2026-06-10 17:28:07 INFO TransactionalMessageCheckService - Begin to check prepare message, begin time:1781083687504
2026-06-10 17:28:07 INFO TransactionalMessageCheckService - Before check, the queue=MessageQueue [topic=RMQ_SYS_TRANS_HALF_TOPIC, brokerName=broker-a, queueId=0] msgOffset=0 opOffset=0
2026-06-10 17:28:07 WARN TransactionalMessageCheckService - No new message. GetMessageStatus=NO_MESSAGE_IN_QUEUE, topic=RMQ_SYS_TRANS_OP_HALF_TOPIC, groupId=CID_RMQ_SYS_TRANS, requestOffset=0
2026-06-10 17:28:07 WARN TransactionalMessageCheckService - The miss op offset=0 in queue=MessageQueue [topic=RMQ_SYS_TRANS_OP_HALF_TOPIC, brokerName=broker-a, queueId=0] is NO_NEW_MSG, pullResult=PullResult [pullStatus=NO_NEW_MSG, nextBeginOffset=0, minOffset=0, maxOffset=0, msgFoundList=0]
2026-06-10 17:28:07 WARN TransactionalMessageCheckService - No new message. GetMessageStatus=NO_MESSAGE_IN_QUEUE, topic=RMQ_SYS_TRANS_HALF_TOPIC, groupId=CID_RMQ_SYS_TRANS, requestOffset=0
2026-06-10 17:28:07 WARN TransactionalMessageCheckService - No new message. GetMessageStatus=NO_MESSAGE_IN_QUEUE, topic=RMQ_SYS_TRANS_HALF_TOPIC, groupId=CID_RMQ_SYS_TRANS, requestOffset=0
2026-06-10 17:28:07 WARN TransactionalMessageCheckService - No new message. GetMessageStatus=NO_MESSAGE_IN_QUEUE, topic=RMQ_SYS_TRANS_OP_HALF_TOPIC, groupId=CID_RMQ_SYS_TRANS, requestOffset=0
2026-06-10 17:28:07 INFO TransactionalMessageCheckService - After check, MessageQueue [topic=RMQ_SYS_TRANS_HALF_TOPIC, brokerName=broker-a, queueId=0] opOffset=0 opOffsetDiff=0 msgOffset=0 msgOffsetDiff=0 msgTime=Wed Jun 10 09:28:07 UTC 2026 msgTimeDelayInMs=0 putInQueueCount=0
2026-06-10 17:28:07 INFO TransactionalMessageCheckService - End to check prepare message, consumed time:0
2026-06-10 17:28:37 INFO TransactionalMessageCheckService - Begin to check prepare message, begin time:1781083717505
2026-06-10 17:28:37 INFO TransactionalMessageCheckService - Before check, the queue=MessageQueue [topic=RMQ_SYS_TRANS_HALF_TOPIC, brokerName=broker-a, queueId=0] msgOffset=0 opOffset=0
2026-06-10 17:28:37 WARN TransactionalMessageCheckService - No new message. GetMessageStatus=NO_MESSAGE_IN_QUEUE, topic=RMQ_SYS_TRANS_OP_HALF_TOPIC, groupId=CID_RMQ_SYS_TRANS, requestOffset=0
2026-06-10 17:28:37 WARN TransactionalMessageCheckService - The miss op offset=0 in queue=MessageQueue [topic=RMQ_SYS_TRANS_OP_HALF_TOPIC, brokerName=broker-a, queueId=0] is NO_NEW_MSG, pullResult=PullResult [pullStatus=NO_NEW_MSG, nextBeginOffset=0, minOffset=0, maxOffset=0, msgFoundList=0]
2026-06-10 17:28:37 WARN TransactionalMessageCheckService - No new message. GetMessageStatus=NO_MESSAGE_IN_QUEUE, topic=RMQ_SYS_TRANS_HALF_TOPIC, groupId=CID_RMQ_SYS_TRANS, requestOffset=0
2026-06-10 17:28:37 WARN TransactionalMessageCheckService - No new message. GetMessageStatus=NO_MESSAGE_IN_QUEUE, topic=RMQ_SYS_TRANS_HALF_TOPIC, groupId=CID_RMQ_SYS_TRANS, requestOffset=0
2026-06-10 17:28:37 WARN TransactionalMessageCheckService - No new message. GetMessageStatus=NO_MESSAGE_IN_QUEUE, topic=RMQ_SYS_TRANS_OP_HALF_TOPIC, groupId=CID_RMQ_SYS_TRANS, requestOffset=0
2026-06-10 17:28:37 INFO TransactionalMessageCheckService - After check, MessageQueue [topic=RMQ_SYS_TRANS_HALF_TOPIC, brokerName=broker-a, queueId=0] opOffset=0 opOffsetDiff=0 msgOffset=0 msgOffsetDiff=0 msgTime=Wed Jun 10 09:28:37 UTC 2026 msgTimeDelayInMs=0 putInQueueCount=0
2026-06-10 17:28:37 INFO TransactionalMessageCheckService - End to check prepare message, consumed time:0
2026-06-10 17:29:07 INFO TransactionalMessageCheckService - Begin to check prepare message, begin time:1781083747505
2026-06-10 17:29:07 INFO TransactionalMessageCheckService - Before check, the queue=MessageQueue [topic=RMQ_SYS_TRANS_HALF_TOPIC, brokerName=broker-a, queueId=0] msgOffset=0 opOffset=0
2026-06-10 17:29:07 WARN TransactionalMessageCheckService - No new message. GetMessageStatus=NO_MESSAGE_IN_QUEUE, topic=RMQ_SYS_TRANS_OP_HALF_TOPIC, groupId=CID_RMQ_SYS_TRANS, requestOffset=0
2026-06-10 17:29:07 WARN TransactionalMessageCheckService - The miss op offset=0 in queue=MessageQueue [topic=RMQ_SYS_TRANS_OP_HALF_TOPIC, brokerName=broker-a, queueId=0] is NO_NEW_MSG, pullResult=PullResult [pullStatus=NO_NEW_MSG, nextBeginOffset=0, minOffset=0, maxOffset=0, msgFoundList=0]
2026-06-10 17:29:07 WARN TransactionalMessageCheckService - No new message. GetMessageStatus=NO_MESSAGE_IN_QUEUE, topic=RMQ_SYS_TRANS_HALF_TOPIC, groupId=CID_RMQ_SYS_TRANS, requestOffset=0
2026-06-10 17:29:07 WARN TransactionalMessageCheckService - No new message. GetMessageStatus=NO_MESSAGE_IN_QUEUE, topic=RMQ_SYS_TRANS_HALF_TOPIC, groupId=CID_RMQ_SYS_TRANS, requestOffset=0
2026-06-10 17:29:07 WARN TransactionalMessageCheckService - No new message. GetMessageStatus=NO_MESSAGE_IN_QUEUE, topic=RMQ_SYS_TRANS_OP_HALF_TOPIC, groupId=CID_RMQ_SYS_TRANS, requestOffset=0
2026-06-10 17:29:07 INFO TransactionalMessageCheckService - After check, MessageQueue [topic=RMQ_SYS_TRANS_HALF_TOPIC, brokerName=broker-a, queueId=0] opOffset=0 opOffsetDiff=0 msgOffset=0 msgOffsetDiff=0 msgTime=Wed Jun 10 09:29:07 UTC 2026 msgTimeDelayInMs=0 putInQueueCount=0
2026-06-10 17:29:07 INFO TransactionalMessageCheckService - End to check prepare message, consumed time:0
2026-06-10 17:29:37 INFO TransactionalMessageCheckService - Begin to check prepare message, begin time:1781083777505
2026-06-10 17:29:37 INFO TransactionalMessageCheckService - Before check, the queue=MessageQueue [topic=RMQ_SYS_TRANS_HALF_TOPIC, brokerName=broker-a, queueId=0] msgOffset=0 opOffset=0
2026-06-10 17:29:37 WARN TransactionalMessageCheckService - No new message. GetMessageStatus=NO_MESSAGE_IN_QUEUE, topic=RMQ_SYS_TRANS_OP_HALF_TOPIC, groupId=CID_RMQ_SYS_TRANS, requestOffset=0
2026-06-10 17:29:37 WARN TransactionalMessageCheckService - The miss op offset=0 in queue=MessageQueue [topic=RMQ_SYS_TRANS_OP_HALF_TOPIC, brokerName=broker-a, queueId=0] is NO_NEW_MSG, pullResult=PullResult [pullStatus=NO_NEW_MSG, nextBeginOffset=0, minOffset=0, maxOffset=0, msgFoundList=0]
2026-06-10 17:29:37 WARN TransactionalMessageCheckService - No new message. GetMessageStatus=NO_MESSAGE_IN_QUEUE, topic=RMQ_SYS_TRANS_HALF_TOPIC, groupId=CID_RMQ_SYS_TRANS, requestOffset=0
2026-06-10 17:29:37 WARN TransactionalMessageCheckService - No new message. GetMessageStatus=NO_MESSAGE_IN_QUEUE, topic=RMQ_SYS_TRANS_HALF_TOPIC, groupId=CID_RMQ_SYS_TRANS, requestOffset=0
2026-06-10 17:29:37 WARN TransactionalMessageCheckService - No new message. GetMessageStatus=NO_MESSAGE_IN_QUEUE, topic=RMQ_SYS_TRANS_OP_HALF_TOPIC, groupId=CID_RMQ_SYS_TRANS, requestOffset=0
2026-06-10 17:29:37 INFO TransactionalMessageCheckService - After check, MessageQueue [topic=RMQ_SYS_TRANS_HALF_TOPIC, brokerName=broker-a, queueId=0] opOffset=0 opOffsetDiff=0 msgOffset=0 msgOffsetDiff=0 msgTime=Wed Jun 10 09:29:37 UTC 2026 msgTimeDelayInMs=0 putInQueueCount=0
2026-06-10 17:29:37 INFO TransactionalMessageCheckService - End to check prepare message, consumed time:0
2026-06-10 17:30:07 INFO TransactionalMessageCheckService - Begin to check prepare message, begin time:1781083807505
2026-06-10 17:30:07 INFO TransactionalMessageCheckService - Before check, the queue=MessageQueue [topic=RMQ_SYS_TRANS_HALF_TOPIC, brokerName=broker-a, queueId=0] msgOffset=0 opOffset=0
2026-06-10 17:30:07 WARN TransactionalMessageCheckService - No new message. GetMessageStatus=NO_MESSAGE_IN_QUEUE, topic=RMQ_SYS_TRANS_OP_HALF_TOPIC, groupId=CID_RMQ_SYS_TRANS, requestOffset=0
2026-06-10 17:30:07 WARN TransactionalMessageCheckService - The miss op offset=0 in queue=MessageQueue [topic=RMQ_SYS_TRANS_OP_HALF_TOPIC, brokerName=broker-a, queueId=0] is NO_NEW_MSG, pullResult=PullResult [pullStatus=NO_NEW_MSG, nextBeginOffset=0, minOffset=0, maxOffset=0, msgFoundList=0]
2026-06-10 17:30:07 WARN TransactionalMessageCheckService - No new message. GetMessageStatus=NO_MESSAGE_IN_QUEUE, topic=RMQ_SYS_TRANS_HALF_TOPIC, groupId=CID_RMQ_SYS_TRANS, requestOffset=0
2026-06-10 17:30:07 WARN TransactionalMessageCheckService - No new message. GetMessageStatus=NO_MESSAGE_IN_QUEUE, topic=RMQ_SYS_TRANS_HALF_TOPIC, groupId=CID_RMQ_SYS_TRANS, requestOffset=0
2026-06-10 17:30:07 WARN TransactionalMessageCheckService - No new message. GetMessageStatus=NO_MESSAGE_IN_QUEUE, topic=RMQ_SYS_TRANS_OP_HALF_TOPIC, groupId=CID_RMQ_SYS_TRANS, requestOffset=0
2026-06-10 17:30:07 INFO TransactionalMessageCheckService - After check, MessageQueue [topic=RMQ_SYS_TRANS_HALF_TOPIC, brokerName=broker-a, queueId=0] opOffset=0 opOffsetDiff=0 msgOffset=0 msgOffsetDiff=0 msgTime=Wed Jun 10 09:30:07 UTC 2026 msgTimeDelayInMs=0 putInQueueCount=0
2026-06-10 17:30:07 INFO TransactionalMessageCheckService - End to check prepare message, consumed time:1
2026-06-10 17:30:37 INFO TransactionalMessageCheckService - Begin to check prepare message, begin time:1781083837506
2026-06-10 17:30:37 INFO TransactionalMessageCheckService - Before check, the queue=MessageQueue [topic=RMQ_SYS_TRANS_HALF_TOPIC, brokerName=broker-a, queueId=0] msgOffset=0 opOffset=0
2026-06-10 17:30:37 WARN TransactionalMessageCheckService - No new message. GetMessageStatus=NO_MESSAGE_IN_QUEUE, topic=RMQ_SYS_TRANS_OP_HALF_TOPIC, groupId=CID_RMQ_SYS_TRANS, requestOffset=0
2026-06-10 17:30:37 WARN TransactionalMessageCheckService - The miss op offset=0 in queue=MessageQueue [topic=RMQ_SYS_TRANS_OP_HALF_TOPIC, brokerName=broker-a, queueId=0] is NO_NEW_MSG, pullResult=PullResult [pullStatus=NO_NEW_MSG, nextBeginOffset=0, minOffset=0, maxOffset=0, msgFoundList=0]
2026-06-10 17:30:37 WARN TransactionalMessageCheckService - No new message. GetMessageStatus=NO_MESSAGE_IN_QUEUE, topic=RMQ_SYS_TRANS_HALF_TOPIC, groupId=CID_RMQ_SYS_TRANS, requestOffset=0
2026-06-10 17:30:37 WARN TransactionalMessageCheckService - No new message. GetMessageStatus=NO_MESSAGE_IN_QUEUE, topic=RMQ_SYS_TRANS_HALF_TOPIC, groupId=CID_RMQ_SYS_TRANS, requestOffset=0
2026-06-10 17:30:37 WARN TransactionalMessageCheckService - No new message. GetMessageStatus=NO_MESSAGE_IN_QUEUE, topic=RMQ_SYS_TRANS_OP_HALF_TOPIC, groupId=CID_RMQ_SYS_TRANS, requestOffset=0
2026-06-10 17:30:37 INFO TransactionalMessageCheckService - After check, MessageQueue [topic=RMQ_SYS_TRANS_HALF_TOPIC, brokerName=broker-a, queueId=0] opOffset=0 opOffsetDiff=0 msgOffset=0 msgOffsetDiff=0 msgTime=Wed Jun 10 09:30:37 UTC 2026 msgTimeDelayInMs=0 putInQueueCount=0
2026-06-10 17:30:37 INFO TransactionalMessageCheckService - End to check prepare message, consumed time:0
2026-06-10 17:31:07 INFO TransactionalMessageCheckService - Begin to check prepare message, begin time:1781083867506
2026-06-10 17:31:07 INFO TransactionalMessageCheckService - Before check, the queue=MessageQueue [topic=RMQ_SYS_TRANS_HALF_TOPIC, brokerName=broker-a, queueId=0] msgOffset=0 opOffset=0
2026-06-10 17:31:07 WARN TransactionalMessageCheckService - No new message. GetMessageStatus=NO_MESSAGE_IN_QUEUE, topic=RMQ_SYS_TRANS_OP_HALF_TOPIC, groupId=CID_RMQ_SYS_TRANS, requestOffset=0
2026-06-10 17:31:07 WARN TransactionalMessageCheckService - The miss op offset=0 in queue=MessageQueue [topic=RMQ_SYS_TRANS_OP_HALF_TOPIC, brokerName=broker-a, queueId=0] is NO_NEW_MSG, pullResult=PullResult [pullStatus=NO_NEW_MSG, nextBeginOffset=0, minOffset=0, maxOffset=0, msgFoundList=0]
2026-06-10 17:31:07 WARN TransactionalMessageCheckService - No new message. GetMessageStatus=NO_MESSAGE_IN_QUEUE, topic=RMQ_SYS_TRANS_HALF_TOPIC, groupId=CID_RMQ_SYS_TRANS, requestOffset=0
2026-06-10 17:31:07 WARN TransactionalMessageCheckService - No new message. GetMessageStatus=NO_MESSAGE_IN_QUEUE, topic=RMQ_SYS_TRANS_HALF_TOPIC, groupId=CID_RMQ_SYS_TRANS, requestOffset=0
2026-06-10 17:31:07 WARN TransactionalMessageCheckService - No new message. GetMessageStatus=NO_MESSAGE_IN_QUEUE, topic=RMQ_SYS_TRANS_OP_HALF_TOPIC, groupId=CID_RMQ_SYS_TRANS, requestOffset=0
2026-06-10 17:31:07 INFO TransactionalMessageCheckService - After check, MessageQueue [topic=RMQ_SYS_TRANS_HALF_TOPIC, brokerName=broker-a, queueId=0] opOffset=0 opOffsetDiff=0 msgOffset=0 msgOffsetDiff=0 msgTime=Wed Jun 10 09:31:07 UTC 2026 msgTimeDelayInMs=0 putInQueueCount=0
2026-06-10 17:31:07 INFO TransactionalMessageCheckService - End to check prepare message, consumed time:1
2026-06-10 17:31:37 INFO TransactionalMessageCheckService - Begin to check prepare message, begin time:1781083897507
2026-06-10 17:31:37 INFO TransactionalMessageCheckService - Before check, the queue=MessageQueue [topic=RMQ_SYS_TRANS_HALF_TOPIC, brokerName=broker-a, queueId=0] msgOffset=0 opOffset=0
2026-06-10 17:31:37 WARN TransactionalMessageCheckService - No new message. GetMessageStatus=NO_MESSAGE_IN_QUEUE, topic=RMQ_SYS_TRANS_OP_HALF_TOPIC, groupId=CID_RMQ_SYS_TRANS, requestOffset=0
2026-06-10 17:31:37 WARN TransactionalMessageCheckService - The miss op offset=0 in queue=MessageQueue [topic=RMQ_SYS_TRANS_OP_HALF_TOPIC, brokerName=broker-a, queueId=0] is NO_NEW_MSG, pullResult=PullResult [pullStatus=NO_NEW_MSG, nextBeginOffset=0, minOffset=0, maxOffset=0, msgFoundList=0]
2026-06-10 17:31:37 WARN TransactionalMessageCheckService - No new message. GetMessageStatus=NO_MESSAGE_IN_QUEUE, topic=RMQ_SYS_TRANS_HALF_TOPIC, groupId=CID_RMQ_SYS_TRANS, requestOffset=0
2026-06-10 17:31:37 WARN TransactionalMessageCheckService - No new message. GetMessageStatus=NO_MESSAGE_IN_QUEUE, topic=RMQ_SYS_TRANS_HALF_TOPIC, groupId=CID_RMQ_SYS_TRANS, requestOffset=0
2026-06-10 17:31:37 WARN TransactionalMessageCheckService - No new message. GetMessageStatus=NO_MESSAGE_IN_QUEUE, topic=RMQ_SYS_TRANS_OP_HALF_TOPIC, groupId=CID_RMQ_SYS_TRANS, requestOffset=0
2026-06-10 17:31:37 INFO TransactionalMessageCheckService - After check, MessageQueue [topic=RMQ_SYS_TRANS_HALF_TOPIC, brokerName=broker-a, queueId=0] opOffset=0 opOffsetDiff=0 msgOffset=0 msgOffsetDiff=0 msgTime=Wed Jun 10 09:31:37 UTC 2026 msgTimeDelayInMs=0 putInQueueCount=0
2026-06-10 17:31:37 INFO TransactionalMessageCheckService - End to check prepare message, consumed time:0
2026-06-10 17:32:07 INFO TransactionalMessageCheckService - Begin to check prepare message, begin time:1781083927507
2026-06-10 17:32:07 INFO TransactionalMessageCheckService - Before check, the queue=MessageQueue [topic=RMQ_SYS_TRANS_HALF_TOPIC, brokerName=broker-a, queueId=0] msgOffset=0 opOffset=0
2026-06-10 17:32:07 WARN TransactionalMessageCheckService - No new message. GetMessageStatus=NO_MESSAGE_IN_QUEUE, topic=RMQ_SYS_TRANS_OP_HALF_TOPIC, groupId=CID_RMQ_SYS_TRANS, requestOffset=0
2026-06-10 17:32:07 WARN TransactionalMessageCheckService - The miss op offset=0 in queue=MessageQueue [topic=RMQ_SYS_TRANS_OP_HALF_TOPIC, brokerName=broker-a, queueId=0] is NO_NEW_MSG, pullResult=PullResult [pullStatus=NO_NEW_MSG, nextBeginOffset=0, minOffset=0, maxOffset=0, msgFoundList=0]
2026-06-10 17:32:07 WARN TransactionalMessageCheckService - No new message. GetMessageStatus=NO_MESSAGE_IN_QUEUE, topic=RMQ_SYS_TRANS_HALF_TOPIC, groupId=CID_RMQ_SYS_TRANS, requestOffset=0
2026-06-10 17:32:07 WARN TransactionalMessageCheckService - No new message. GetMessageStatus=NO_MESSAGE_IN_QUEUE, topic=RMQ_SYS_TRANS_HALF_TOPIC, groupId=CID_RMQ_SYS_TRANS, requestOffset=0
2026-06-10 17:32:07 WARN TransactionalMessageCheckService - No new message. GetMessageStatus=NO_MESSAGE_IN_QUEUE, topic=RMQ_SYS_TRANS_OP_HALF_TOPIC, groupId=CID_RMQ_SYS_TRANS, requestOffset=0
2026-06-10 17:32:07 INFO TransactionalMessageCheckService - After check, MessageQueue [topic=RMQ_SYS_TRANS_HALF_TOPIC, brokerName=broker-a, queueId=0] opOffset=0 opOffsetDiff=0 msgOffset=0 msgOffsetDiff=0 msgTime=Wed Jun 10 09:32:07 UTC 2026 msgTimeDelayInMs=0 putInQueueCount=0
2026-06-10 17:32:07 INFO TransactionalMessageCheckService - End to check prepare message, consumed time:0
2026-06-10 17:32:37 INFO TransactionalMessageCheckService - Begin to check prepare message, begin time:1781083957508
2026-06-10 17:32:37 INFO TransactionalMessageCheckService - Before check, the queue=MessageQueue [topic=RMQ_SYS_TRANS_HALF_TOPIC, brokerName=broker-a, queueId=0] msgOffset=0 opOffset=0
2026-06-10 17:32:37 WARN TransactionalMessageCheckService - No new message. GetMessageStatus=NO_MESSAGE_IN_QUEUE, topic=RMQ_SYS_TRANS_OP_HALF_TOPIC, groupId=CID_RMQ_SYS_TRANS, requestOffset=0
2026-06-10 17:32:37 WARN TransactionalMessageCheckService - The miss op offset=0 in queue=MessageQueue [topic=RMQ_SYS_TRANS_OP_HALF_TOPIC, brokerName=broker-a, queueId=0] is NO_NEW_MSG, pullResult=PullResult [pullStatus=NO_NEW_MSG, nextBeginOffset=0, minOffset=0, maxOffset=0, msgFoundList=0]
2026-06-10 17:32:37 WARN TransactionalMessageCheckService - No new message. GetMessageStatus=NO_MESSAGE_IN_QUEUE, topic=RMQ_SYS_TRANS_HALF_TOPIC, groupId=CID_RMQ_SYS_TRANS, requestOffset=0
2026-06-10 17:32:37 WARN TransactionalMessageCheckService - No new message. GetMessageStatus=NO_MESSAGE_IN_QUEUE, topic=RMQ_SYS_TRANS_HALF_TOPIC, groupId=CID_RMQ_SYS_TRANS, requestOffset=0
2026-06-10 17:32:37 WARN TransactionalMessageCheckService - No new message. GetMessageStatus=NO_MESSAGE_IN_QUEUE, topic=RMQ_SYS_TRANS_OP_HALF_TOPIC, groupId=CID_RMQ_SYS_TRANS, requestOffset=0
2026-06-10 17:32:37 INFO TransactionalMessageCheckService - After check, MessageQueue [topic=RMQ_SYS_TRANS_HALF_TOPIC, brokerName=broker-a, queueId=0] opOffset=0 opOffsetDiff=0 msgOffset=0 msgOffsetDiff=0 msgTime=Wed Jun 10 09:32:37 UTC 2026 msgTimeDelayInMs=0 putInQueueCount=0
2026-06-10 17:32:37 INFO TransactionalMessageCheckService - End to check prepare message, consumed time:0
2026-06-10 17:33:07 INFO TransactionalMessageCheckService - Begin to check prepare message, begin time:1781083987508
2026-06-10 17:33:07 INFO TransactionalMessageCheckService - Before check, the queue=MessageQueue [topic=RMQ_SYS_TRANS_HALF_TOPIC, brokerName=broker-a, queueId=0] msgOffset=0 opOffset=0
2026-06-10 17:33:07 WARN TransactionalMessageCheckService - No new message. GetMessageStatus=NO_MESSAGE_IN_QUEUE, topic=RMQ_SYS_TRANS_OP_HALF_TOPIC, groupId=CID_RMQ_SYS_TRANS, requestOffset=0
2026-06-10 17:33:07 WARN TransactionalMessageCheckService - The miss op offset=0 in queue=MessageQueue [topic=RMQ_SYS_TRANS_OP_HALF_TOPIC, brokerName=broker-a, queueId=0] is NO_NEW_MSG, pullResult=PullResult [pullStatus=NO_NEW_MSG, nextBeginOffset=0, minOffset=0, maxOffset=0, msgFoundList=0]
2026-06-10 17:33:07 WARN TransactionalMessageCheckService - No new message. GetMessageStatus=NO_MESSAGE_IN_QUEUE, topic=RMQ_SYS_TRANS_HALF_TOPIC, groupId=CID_RMQ_SYS_TRANS, requestOffset=0
2026-06-10 17:33:07 WARN TransactionalMessageCheckService - No new message. GetMessageStatus=NO_MESSAGE_IN_QUEUE, topic=RMQ_SYS_TRANS_HALF_TOPIC, groupId=CID_RMQ_SYS_TRANS, requestOffset=0
2026-06-10 17:33:07 WARN TransactionalMessageCheckService - No new message. GetMessageStatus=NO_MESSAGE_IN_QUEUE, topic=RMQ_SYS_TRANS_OP_HALF_TOPIC, groupId=CID_RMQ_SYS_TRANS, requestOffset=0
2026-06-10 17:33:07 INFO TransactionalMessageCheckService - After check, MessageQueue [topic=RMQ_SYS_TRANS_HALF_TOPIC, brokerName=broker-a, queueId=0] opOffset=0 opOffsetDiff=0 msgOffset=0 msgOffsetDiff=0 msgTime=Wed Jun 10 09:33:07 UTC 2026 msgTimeDelayInMs=0 putInQueueCount=0
2026-06-10 17:33:07 INFO TransactionalMessageCheckService - End to check prepare message, consumed time:0
2026-06-10 17:33:37 INFO TransactionalMessageCheckService - Begin to check prepare message, begin time:1781084017508
2026-06-10 17:33:37 INFO TransactionalMessageCheckService - Before check, the queue=MessageQueue [topic=RMQ_SYS_TRANS_HALF_TOPIC, brokerName=broker-a, queueId=0] msgOffset=0 opOffset=0
2026-06-10 17:33:37 WARN TransactionalMessageCheckService - No new message. GetMessageStatus=NO_MESSAGE_IN_QUEUE, topic=RMQ_SYS_TRANS_OP_HALF_TOPIC, groupId=CID_RMQ_SYS_TRANS, requestOffset=0
2026-06-10 17:33:37 WARN TransactionalMessageCheckService - The miss op offset=0 in queue=MessageQueue [topic=RMQ_SYS_TRANS_OP_HALF_TOPIC, brokerName=broker-a, queueId=0] is NO_NEW_MSG, pullResult=PullResult [pullStatus=NO_NEW_MSG, nextBeginOffset=0, minOffset=0, maxOffset=0, msgFoundList=0]
2026-06-10 17:33:37 WARN TransactionalMessageCheckService - No new message. GetMessageStatus=NO_MESSAGE_IN_QUEUE, topic=RMQ_SYS_TRANS_HALF_TOPIC, groupId=CID_RMQ_SYS_TRANS, requestOffset=0
2026-06-10 17:33:37 WARN TransactionalMessageCheckService - No new message. GetMessageStatus=NO_MESSAGE_IN_QUEUE, topic=RMQ_SYS_TRANS_HALF_TOPIC, groupId=CID_RMQ_SYS_TRANS, requestOffset=0
2026-06-10 17:33:37 WARN TransactionalMessageCheckService - No new message. GetMessageStatus=NO_MESSAGE_IN_QUEUE, topic=RMQ_SYS_TRANS_OP_HALF_TOPIC, groupId=CID_RMQ_SYS_TRANS, requestOffset=0
2026-06-10 17:33:37 INFO TransactionalMessageCheckService - After check, MessageQueue [topic=RMQ_SYS_TRANS_HALF_TOPIC, brokerName=broker-a, queueId=0] opOffset=0 opOffsetDiff=0 msgOffset=0 msgOffsetDiff=0 msgTime=Wed Jun 10 09:33:37 UTC 2026 msgTimeDelayInMs=0 putInQueueCount=0
2026-06-10 17:33:37 INFO TransactionalMessageCheckService - End to check prepare message, consumed time:1
2026-06-10 17:34:07 INFO TransactionalMessageCheckService - Begin to check prepare message, begin time:1781084047509
2026-06-10 17:34:07 INFO TransactionalMessageCheckService - Before check, the queue=MessageQueue [topic=RMQ_SYS_TRANS_HALF_TOPIC, brokerName=broker-a, queueId=0] msgOffset=0 opOffset=0
2026-06-10 17:34:07 WARN TransactionalMessageCheckService - No new message. GetMessageStatus=NO_MESSAGE_IN_QUEUE, topic=RMQ_SYS_TRANS_OP_HALF_TOPIC, groupId=CID_RMQ_SYS_TRANS, requestOffset=0
2026-06-10 17:34:07 WARN TransactionalMessageCheckService - The miss op offset=0 in queue=MessageQueue [topic=RMQ_SYS_TRANS_OP_HALF_TOPIC, brokerName=broker-a, queueId=0] is NO_NEW_MSG, pullResult=PullResult [pullStatus=NO_NEW_MSG, nextBeginOffset=0, minOffset=0, maxOffset=0, msgFoundList=0]
2026-06-10 17:34:07 WARN TransactionalMessageCheckService - No new message. GetMessageStatus=NO_MESSAGE_IN_QUEUE, topic=RMQ_SYS_TRANS_HALF_TOPIC, groupId=CID_RMQ_SYS_TRANS, requestOffset=0
2026-06-10 17:34:07 WARN TransactionalMessageCheckService - No new message. GetMessageStatus=NO_MESSAGE_IN_QUEUE, topic=RMQ_SYS_TRANS_HALF_TOPIC, groupId=CID_RMQ_SYS_TRANS, requestOffset=0
2026-06-10 17:34:07 WARN TransactionalMessageCheckService - No new message. GetMessageStatus=NO_MESSAGE_IN_QUEUE, topic=RMQ_SYS_TRANS_OP_HALF_TOPIC, groupId=CID_RMQ_SYS_TRANS, requestOffset=0
2026-06-10 17:34:07 INFO TransactionalMessageCheckService - After check, MessageQueue [topic=RMQ_SYS_TRANS_HALF_TOPIC, brokerName=broker-a, queueId=0] opOffset=0 opOffsetDiff=0 msgOffset=0 msgOffsetDiff=0 msgTime=Wed Jun 10 09:34:07 UTC 2026 msgTimeDelayInMs=0 putInQueueCount=0
2026-06-10 17:34:07 INFO TransactionalMessageCheckService - End to check prepare message, consumed time:0
2026-06-10 17:34:37 INFO TransactionalMessageCheckService - Begin to check prepare message, begin time:1781084077509
2026-06-10 17:34:37 INFO TransactionalMessageCheckService - Before check, the queue=MessageQueue [topic=RMQ_SYS_TRANS_HALF_TOPIC, brokerName=broker-a, queueId=0] msgOffset=0 opOffset=0
2026-06-10 17:34:37 WARN TransactionalMessageCheckService - No new message. GetMessageStatus=NO_MESSAGE_IN_QUEUE, topic=RMQ_SYS_TRANS_OP_HALF_TOPIC, groupId=CID_RMQ_SYS_TRANS, requestOffset=0
2026-06-10 17:34:37 WARN TransactionalMessageCheckService - The miss op offset=0 in queue=MessageQueue [topic=RMQ_SYS_TRANS_OP_HALF_TOPIC, brokerName=broker-a, queueId=0] is NO_NEW_MSG, pullResult=PullResult [pullStatus=NO_NEW_MSG, nextBeginOffset=0, minOffset=0, maxOffset=0, msgFoundList=0]
2026-06-10 17:34:37 WARN TransactionalMessageCheckService - No new message. GetMessageStatus=NO_MESSAGE_IN_QUEUE, topic=RMQ_SYS_TRANS_HALF_TOPIC, groupId=CID_RMQ_SYS_TRANS, requestOffset=0
2026-06-10 17:34:37 WARN TransactionalMessageCheckService - No new message. GetMessageStatus=NO_MESSAGE_IN_QUEUE, topic=RMQ_SYS_TRANS_HALF_TOPIC, groupId=CID_RMQ_SYS_TRANS, requestOffset=0
2026-06-10 17:34:37 WARN TransactionalMessageCheckService - No new message. GetMessageStatus=NO_MESSAGE_IN_QUEUE, topic=RMQ_SYS_TRANS_OP_HALF_TOPIC, groupId=CID_RMQ_SYS_TRANS, requestOffset=0
2026-06-10 17:34:37 INFO TransactionalMessageCheckService - After check, MessageQueue [topic=RMQ_SYS_TRANS_HALF_TOPIC, brokerName=broker-a, queueId=0] opOffset=0 opOffsetDiff=0 msgOffset=0 msgOffsetDiff=0 msgTime=Wed Jun 10 09:34:37 UTC 2026 msgTimeDelayInMs=0 putInQueueCount=0
2026-06-10 17:34:37 INFO TransactionalMessageCheckService - End to check prepare message, consumed time:1
2026-06-10 17:35:07 INFO TransactionalMessageCheckService - Begin to check prepare message, begin time:1781084107510
2026-06-10 17:35:07 INFO TransactionalMessageCheckService - Before check, the queue=MessageQueue [topic=RMQ_SYS_TRANS_HALF_TOPIC, brokerName=broker-a, queueId=0] msgOffset=0 opOffset=0
2026-06-10 17:35:07 WARN TransactionalMessageCheckService - No new message. GetMessageStatus=NO_MESSAGE_IN_QUEUE, topic=RMQ_SYS_TRANS_OP_HALF_TOPIC, groupId=CID_RMQ_SYS_TRANS, requestOffset=0
2026-06-10 17:35:07 WARN TransactionalMessageCheckService - The miss op offset=0 in queue=MessageQueue [topic=RMQ_SYS_TRANS_OP_HALF_TOPIC, brokerName=broker-a, queueId=0] is NO_NEW_MSG, pullResult=PullResult [pullStatus=NO_NEW_MSG, nextBeginOffset=0, minOffset=0, maxOffset=0, msgFoundList=0]
2026-06-10 17:35:07 WARN TransactionalMessageCheckService - No new message. GetMessageStatus=NO_MESSAGE_IN_QUEUE, topic=RMQ_SYS_TRANS_HALF_TOPIC, groupId=CID_RMQ_SYS_TRANS, requestOffset=0
2026-06-10 17:35:07 WARN TransactionalMessageCheckService - No new message. GetMessageStatus=NO_MESSAGE_IN_QUEUE, topic=RMQ_SYS_TRANS_HALF_TOPIC, groupId=CID_RMQ_SYS_TRANS, requestOffset=0
2026-06-10 17:35:07 WARN TransactionalMessageCheckService - No new message. GetMessageStatus=NO_MESSAGE_IN_QUEUE, topic=RMQ_SYS_TRANS_OP_HALF_TOPIC, groupId=CID_RMQ_SYS_TRANS, requestOffset=0
2026-06-10 17:35:07 INFO TransactionalMessageCheckService - After check, MessageQueue [topic=RMQ_SYS_TRANS_HALF_TOPIC, brokerName=broker-a, queueId=0] opOffset=0 opOffsetDiff=0 msgOffset=0 msgOffsetDiff=0 msgTime=Wed Jun 10 09:35:07 UTC 2026 msgTimeDelayInMs=0 putInQueueCount=0
2026-06-10 17:35:07 INFO TransactionalMessageCheckService - End to check prepare message, consumed time:1
2026-06-10 17:35:37 INFO TransactionalMessageCheckService - Begin to check prepare message, begin time:1781084137511
2026-06-10 17:35:37 INFO TransactionalMessageCheckService - Before check, the queue=MessageQueue [topic=RMQ_SYS_TRANS_HALF_TOPIC, brokerName=broker-a, queueId=0] msgOffset=0 opOffset=0
2026-06-10 17:35:37 WARN TransactionalMessageCheckService - No new message. GetMessageStatus=NO_MESSAGE_IN_QUEUE, topic=RMQ_SYS_TRANS_OP_HALF_TOPIC, groupId=CID_RMQ_SYS_TRANS, requestOffset=0
2026-06-10 17:35:37 WARN TransactionalMessageCheckService - The miss op offset=0 in queue=MessageQueue [topic=RMQ_SYS_TRANS_OP_HALF_TOPIC, brokerName=broker-a, queueId=0] is NO_NEW_MSG, pullResult=PullResult [pullStatus=NO_NEW_MSG, nextBeginOffset=0, minOffset=0, maxOffset=0, msgFoundList=0]
2026-06-10 17:35:37 WARN TransactionalMessageCheckService - No new message. GetMessageStatus=NO_MESSAGE_IN_QUEUE, topic=RMQ_SYS_TRANS_HALF_TOPIC, groupId=CID_RMQ_SYS_TRANS, requestOffset=0
2026-06-10 17:35:37 WARN TransactionalMessageCheckService - No new message. GetMessageStatus=NO_MESSAGE_IN_QUEUE, topic=RMQ_SYS_TRANS_HALF_TOPIC, groupId=CID_RMQ_SYS_TRANS, requestOffset=0
2026-06-10 17:35:37 WARN TransactionalMessageCheckService - No new message. GetMessageStatus=NO_MESSAGE_IN_QUEUE, topic=RMQ_SYS_TRANS_OP_HALF_TOPIC, groupId=CID_RMQ_SYS_TRANS, requestOffset=0
2026-06-10 17:35:37 INFO TransactionalMessageCheckService - After check, MessageQueue [topic=RMQ_SYS_TRANS_HALF_TOPIC, brokerName=broker-a, queueId=0] opOffset=0 opOffsetDiff=0 msgOffset=0 msgOffsetDiff=0 msgTime=Wed Jun 10 09:35:37 UTC 2026 msgTimeDelayInMs=0 putInQueueCount=0
2026-06-10 17:35:37 INFO TransactionalMessageCheckService - End to check prepare message, consumed time:0
2026-06-10 17:36:07 INFO TransactionalMessageCheckService - Begin to check prepare message, begin time:1781084167512
2026-06-10 17:36:07 INFO TransactionalMessageCheckService - Before check, the queue=MessageQueue [topic=RMQ_SYS_TRANS_HALF_TOPIC, brokerName=broker-a, queueId=0] msgOffset=0 opOffset=0
2026-06-10 17:36:07 WARN TransactionalMessageCheckService - No new message. GetMessageStatus=NO_MESSAGE_IN_QUEUE, topic=RMQ_SYS_TRANS_OP_HALF_TOPIC, groupId=CID_RMQ_SYS_TRANS, requestOffset=0
2026-06-10 17:36:07 WARN TransactionalMessageCheckService - The miss op offset=0 in queue=MessageQueue [topic=RMQ_SYS_TRANS_OP_HALF_TOPIC, brokerName=broker-a, queueId=0] is NO_NEW_MSG, pullResult=PullResult [pullStatus=NO_NEW_MSG, nextBeginOffset=0, minOffset=0, maxOffset=0, msgFoundList=0]
2026-06-10 17:36:07 WARN TransactionalMessageCheckService - No new message. GetMessageStatus=NO_MESSAGE_IN_QUEUE, topic=RMQ_SYS_TRANS_HALF_TOPIC, groupId=CID_RMQ_SYS_TRANS, requestOffset=0
2026-06-10 17:36:07 WARN TransactionalMessageCheckService - No new message. GetMessageStatus=NO_MESSAGE_IN_QUEUE, topic=RMQ_SYS_TRANS_HALF_TOPIC, groupId=CID_RMQ_SYS_TRANS, requestOffset=0
2026-06-10 17:36:07 WARN TransactionalMessageCheckService - No new message. GetMessageStatus=NO_MESSAGE_IN_QUEUE, topic=RMQ_SYS_TRANS_OP_HALF_TOPIC, groupId=CID_RMQ_SYS_TRANS, requestOffset=0
2026-06-10 17:36:07 INFO TransactionalMessageCheckService - After check, MessageQueue [topic=RMQ_SYS_TRANS_HALF_TOPIC, brokerName=broker-a, queueId=0] opOffset=0 opOffsetDiff=0 msgOffset=0 msgOffsetDiff=0 msgTime=Wed Jun 10 09:36:07 UTC 2026 msgTimeDelayInMs=0 putInQueueCount=0
2026-06-10 17:36:07 INFO TransactionalMessageCheckService - End to check prepare message, consumed time:0
2026-06-10 17:36:37 INFO TransactionalMessageCheckService - Begin to check prepare message, begin time:1781084197512
2026-06-10 17:36:37 INFO TransactionalMessageCheckService - Before check, the queue=MessageQueue [topic=RMQ_SYS_TRANS_HALF_TOPIC, brokerName=broker-a, queueId=0] msgOffset=0 opOffset=0
2026-06-10 17:36:37 WARN TransactionalMessageCheckService - No new message. GetMessageStatus=NO_MESSAGE_IN_QUEUE, topic=RMQ_SYS_TRANS_OP_HALF_TOPIC, groupId=CID_RMQ_SYS_TRANS, requestOffset=0
2026-06-10 17:36:37 WARN TransactionalMessageCheckService - The miss op offset=0 in queue=MessageQueue [topic=RMQ_SYS_TRANS_OP_HALF_TOPIC, brokerName=broker-a, queueId=0] is NO_NEW_MSG, pullResult=PullResult [pullStatus=NO_NEW_MSG, nextBeginOffset=0, minOffset=0, maxOffset=0, msgFoundList=0]
2026-06-10 17:36:37 WARN TransactionalMessageCheckService - No new message. GetMessageStatus=NO_MESSAGE_IN_QUEUE, topic=RMQ_SYS_TRANS_HALF_TOPIC, groupId=CID_RMQ_SYS_TRANS, requestOffset=0
2026-06-10 17:36:37 WARN TransactionalMessageCheckService - No new message. GetMessageStatus=NO_MESSAGE_IN_QUEUE, topic=RMQ_SYS_TRANS_HALF_TOPIC, groupId=CID_RMQ_SYS_TRANS, requestOffset=0
2026-06-10 17:36:37 WARN TransactionalMessageCheckService - No new message. GetMessageStatus=NO_MESSAGE_IN_QUEUE, topic=RMQ_SYS_TRANS_OP_HALF_TOPIC, groupId=CID_RMQ_SYS_TRANS, requestOffset=0
2026-06-10 17:36:37 INFO TransactionalMessageCheckService - After check, MessageQueue [topic=RMQ_SYS_TRANS_HALF_TOPIC, brokerName=broker-a, queueId=0] opOffset=0 opOffsetDiff=0 msgOffset=0 msgOffsetDiff=0 msgTime=Wed Jun 10 09:36:37 UTC 2026 msgTimeDelayInMs=0 putInQueueCount=0
2026-06-10 17:36:37 INFO TransactionalMessageCheckService - End to check prepare message, consumed time:0
2026-06-10 17:37:07 INFO TransactionalMessageCheckService - Begin to check prepare message, begin time:1781084227513
2026-06-10 17:37:07 INFO TransactionalMessageCheckService - Before check, the queue=MessageQueue [topic=RMQ_SYS_TRANS_HALF_TOPIC, brokerName=broker-a, queueId=0] msgOffset=0 opOffset=0
2026-06-10 17:37:07 WARN TransactionalMessageCheckService - No new message. GetMessageStatus=NO_MESSAGE_IN_QUEUE, topic=RMQ_SYS_TRANS_OP_HALF_TOPIC, groupId=CID_RMQ_SYS_TRANS, requestOffset=0
2026-06-10 17:37:07 WARN TransactionalMessageCheckService - The miss op offset=0 in queue=MessageQueue [topic=RMQ_SYS_TRANS_OP_HALF_TOPIC, brokerName=broker-a, queueId=0] is NO_NEW_MSG, pullResult=PullResult [pullStatus=NO_NEW_MSG, nextBeginOffset=0, minOffset=0, maxOffset=0, msgFoundList=0]
2026-06-10 17:37:07 WARN TransactionalMessageCheckService - No new message. GetMessageStatus=NO_MESSAGE_IN_QUEUE, topic=RMQ_SYS_TRANS_HALF_TOPIC, groupId=CID_RMQ_SYS_TRANS, requestOffset=0
2026-06-10 17:37:07 WARN TransactionalMessageCheckService - No new message. GetMessageStatus=NO_MESSAGE_IN_QUEUE, topic=RMQ_SYS_TRANS_HALF_TOPIC, groupId=CID_RMQ_SYS_TRANS, requestOffset=0
2026-06-10 17:37:07 WARN TransactionalMessageCheckService - No new message. GetMessageStatus=NO_MESSAGE_IN_QUEUE, topic=RMQ_SYS_TRANS_OP_HALF_TOPIC, groupId=CID_RMQ_SYS_TRANS, requestOffset=0
2026-06-10 17:37:07 INFO TransactionalMessageCheckService - After check, MessageQueue [topic=RMQ_SYS_TRANS_HALF_TOPIC, brokerName=broker-a, queueId=0] opOffset=0 opOffsetDiff=0 msgOffset=0 msgOffsetDiff=0 msgTime=Wed Jun 10 09:37:07 UTC 2026 msgTimeDelayInMs=0 putInQueueCount=0
2026-06-10 17:37:07 INFO TransactionalMessageCheckService - End to check prepare message, consumed time:0
2026-06-10 17:37:37 INFO TransactionalMessageCheckService - Begin to check prepare message, begin time:1781084257513
2026-06-10 17:37:37 INFO TransactionalMessageCheckService - Before check, the queue=MessageQueue [topic=RMQ_SYS_TRANS_HALF_TOPIC, brokerName=broker-a, queueId=0] msgOffset=0 opOffset=0
2026-06-10 17:37:37 WARN TransactionalMessageCheckService - No new message. GetMessageStatus=NO_MESSAGE_IN_QUEUE, topic=RMQ_SYS_TRANS_OP_HALF_TOPIC, groupId=CID_RMQ_SYS_TRANS, requestOffset=0
2026-06-10 17:37:37 WARN TransactionalMessageCheckService - The miss op offset=0 in queue=MessageQueue [topic=RMQ_SYS_TRANS_OP_HALF_TOPIC, brokerName=broker-a, queueId=0] is NO_NEW_MSG, pullResult=PullResult [pullStatus=NO_NEW_MSG, nextBeginOffset=0, minOffset=0, maxOffset=0, msgFoundList=0]
2026-06-10 17:37:37 WARN TransactionalMessageCheckService - No new message. GetMessageStatus=NO_MESSAGE_IN_QUEUE, topic=RMQ_SYS_TRANS_HALF_TOPIC, groupId=CID_RMQ_SYS_TRANS, requestOffset=0
2026-06-10 17:37:37 WARN TransactionalMessageCheckService - No new message. GetMessageStatus=NO_MESSAGE_IN_QUEUE, topic=RMQ_SYS_TRANS_HALF_TOPIC, groupId=CID_RMQ_SYS_TRANS, requestOffset=0
2026-06-10 17:37:37 WARN TransactionalMessageCheckService - No new message. GetMessageStatus=NO_MESSAGE_IN_QUEUE, topic=RMQ_SYS_TRANS_OP_HALF_TOPIC, groupId=CID_RMQ_SYS_TRANS, requestOffset=0
2026-06-10 17:37:37 INFO TransactionalMessageCheckService - After check, MessageQueue [topic=RMQ_SYS_TRANS_HALF_TOPIC, brokerName=broker-a, queueId=0] opOffset=0 opOffsetDiff=0 msgOffset=0 msgOffsetDiff=0 msgTime=Wed Jun 10 09:37:37 UTC 2026 msgTimeDelayInMs=0 putInQueueCount=0
2026-06-10 17:37:37 INFO TransactionalMessageCheckService - End to check prepare message, consumed time:0
2026-06-10 17:38:07 INFO TransactionalMessageCheckService - Begin to check prepare message, begin time:1781084287513
2026-06-10 17:38:07 INFO TransactionalMessageCheckService - Before check, the queue=MessageQueue [topic=RMQ_SYS_TRANS_HALF_TOPIC, brokerName=broker-a, queueId=0] msgOffset=0 opOffset=0
2026-06-10 17:38:07 WARN TransactionalMessageCheckService - No new message. GetMessageStatus=NO_MESSAGE_IN_QUEUE, topic=RMQ_SYS_TRANS_OP_HALF_TOPIC, groupId=CID_RMQ_SYS_TRANS, requestOffset=0
2026-06-10 17:38:07 WARN TransactionalMessageCheckService - The miss op offset=0 in queue=MessageQueue [topic=RMQ_SYS_TRANS_OP_HALF_TOPIC, brokerName=broker-a, queueId=0] is NO_NEW_MSG, pullResult=PullResult [pullStatus=NO_NEW_MSG, nextBeginOffset=0, minOffset=0, maxOffset=0, msgFoundList=0]
2026-06-10 17:38:07 WARN TransactionalMessageCheckService - No new message. GetMessageStatus=NO_MESSAGE_IN_QUEUE, topic=RMQ_SYS_TRANS_HALF_TOPIC, groupId=CID_RMQ_SYS_TRANS, requestOffset=0
2026-06-10 17:38:07 WARN TransactionalMessageCheckService - No new message. GetMessageStatus=NO_MESSAGE_IN_QUEUE, topic=RMQ_SYS_TRANS_HALF_TOPIC, groupId=CID_RMQ_SYS_TRANS, requestOffset=0
2026-06-10 17:38:07 WARN TransactionalMessageCheckService - No new message. GetMessageStatus=NO_MESSAGE_IN_QUEUE, topic=RMQ_SYS_TRANS_OP_HALF_TOPIC, groupId=CID_RMQ_SYS_TRANS, requestOffset=0
2026-06-10 17:38:07 INFO TransactionalMessageCheckService - After check, MessageQueue [topic=RMQ_SYS_TRANS_HALF_TOPIC, brokerName=broker-a, queueId=0] opOffset=0 opOffsetDiff=0 msgOffset=0 msgOffsetDiff=0 msgTime=Wed Jun 10 09:38:07 UTC 2026 msgTimeDelayInMs=0 putInQueueCount=0
2026-06-10 17:38:07 INFO TransactionalMessageCheckService - End to check prepare message, consumed time:1
2026-06-10 17:38:37 INFO TransactionalMessageCheckService - Begin to check prepare message, begin time:1781084317514
2026-06-10 17:38:37 INFO TransactionalMessageCheckService - Before check, the queue=MessageQueue [topic=RMQ_SYS_TRANS_HALF_TOPIC, brokerName=broker-a, queueId=0] msgOffset=0 opOffset=0
2026-06-10 17:38:37 WARN TransactionalMessageCheckService - No new message. GetMessageStatus=NO_MESSAGE_IN_QUEUE, topic=RMQ_SYS_TRANS_OP_HALF_TOPIC, groupId=CID_RMQ_SYS_TRANS, requestOffset=0
2026-06-10 17:38:37 WARN TransactionalMessageCheckService - The miss op offset=0 in queue=MessageQueue [topic=RMQ_SYS_TRANS_OP_HALF_TOPIC, brokerName=broker-a, queueId=0] is NO_NEW_MSG, pullResult=PullResult [pullStatus=NO_NEW_MSG, nextBeginOffset=0, minOffset=0, maxOffset=0, msgFoundList=0]
2026-06-10 17:38:37 WARN TransactionalMessageCheckService - No new message. GetMessageStatus=NO_MESSAGE_IN_QUEUE, topic=RMQ_SYS_TRANS_HALF_TOPIC, groupId=CID_RMQ_SYS_TRANS, requestOffset=0
2026-06-10 17:38:37 WARN TransactionalMessageCheckService - No new message. GetMessageStatus=NO_MESSAGE_IN_QUEUE, topic=RMQ_SYS_TRANS_HALF_TOPIC, groupId=CID_RMQ_SYS_TRANS, requestOffset=0
2026-06-10 17:38:37 WARN TransactionalMessageCheckService - No new message. GetMessageStatus=NO_MESSAGE_IN_QUEUE, topic=RMQ_SYS_TRANS_OP_HALF_TOPIC, groupId=CID_RMQ_SYS_TRANS, requestOffset=0
2026-06-10 17:38:37 INFO TransactionalMessageCheckService - After check, MessageQueue [topic=RMQ_SYS_TRANS_HALF_TOPIC, brokerName=broker-a, queueId=0] opOffset=0 opOffsetDiff=0 msgOffset=0 msgOffsetDiff=0 msgTime=Wed Jun 10 09:38:37 UTC 2026 msgTimeDelayInMs=0 putInQueueCount=0
2026-06-10 17:38:37 INFO TransactionalMessageCheckService - End to check prepare message, consumed time:0
2026-06-10 17:39:07 INFO TransactionalMessageCheckService - Begin to check prepare message, begin time:1781084347514
2026-06-10 17:39:07 INFO TransactionalMessageCheckService - Before check, the queue=MessageQueue [topic=RMQ_SYS_TRANS_HALF_TOPIC, brokerName=broker-a, queueId=0] msgOffset=0 opOffset=0
2026-06-10 17:39:07 WARN TransactionalMessageCheckService - No new message. GetMessageStatus=NO_MESSAGE_IN_QUEUE, topic=RMQ_SYS_TRANS_OP_HALF_TOPIC, groupId=CID_RMQ_SYS_TRANS, requestOffset=0
2026-06-10 17:39:07 WARN TransactionalMessageCheckService - The miss op offset=0 in queue=MessageQueue [topic=RMQ_SYS_TRANS_OP_HALF_TOPIC, brokerName=broker-a, queueId=0] is NO_NEW_MSG, pullResult=PullResult [pullStatus=NO_NEW_MSG, nextBeginOffset=0, minOffset=0, maxOffset=0, msgFoundList=0]
2026-06-10 17:39:07 WARN TransactionalMessageCheckService - No new message. GetMessageStatus=NO_MESSAGE_IN_QUEUE, topic=RMQ_SYS_TRANS_HALF_TOPIC, groupId=CID_RMQ_SYS_TRANS, requestOffset=0
2026-06-10 17:39:07 WARN TransactionalMessageCheckService - No new message. GetMessageStatus=NO_MESSAGE_IN_QUEUE, topic=RMQ_SYS_TRANS_HALF_TOPIC, groupId=CID_RMQ_SYS_TRANS, requestOffset=0
2026-06-10 17:39:07 WARN TransactionalMessageCheckService - No new message. GetMessageStatus=NO_MESSAGE_IN_QUEUE, topic=RMQ_SYS_TRANS_OP_HALF_TOPIC, groupId=CID_RMQ_SYS_TRANS, requestOffset=0
2026-06-10 17:39:07 INFO TransactionalMessageCheckService - After check, MessageQueue [topic=RMQ_SYS_TRANS_HALF_TOPIC, brokerName=broker-a, queueId=0] opOffset=0 opOffsetDiff=0 msgOffset=0 msgOffsetDiff=0 msgTime=Wed Jun 10 09:39:07 UTC 2026 msgTimeDelayInMs=0 putInQueueCount=0
2026-06-10 17:39:07 INFO TransactionalMessageCheckService - End to check prepare message, consumed time:0
2026-06-10 17:39:37 INFO TransactionalMessageCheckService - Begin to check prepare message, begin time:1781084377514
2026-06-10 17:39:37 INFO TransactionalMessageCheckService - Before check, the queue=MessageQueue [topic=RMQ_SYS_TRANS_HALF_TOPIC, brokerName=broker-a, queueId=0] msgOffset=0 opOffset=0
2026-06-10 17:39:37 WARN TransactionalMessageCheckService - No new message. GetMessageStatus=NO_MESSAGE_IN_QUEUE, topic=RMQ_SYS_TRANS_OP_HALF_TOPIC, groupId=CID_RMQ_SYS_TRANS, requestOffset=0
2026-06-10 17:39:37 WARN TransactionalMessageCheckService - The miss op offset=0 in queue=MessageQueue [topic=RMQ_SYS_TRANS_OP_HALF_TOPIC, brokerName=broker-a, queueId=0] is NO_NEW_MSG, pullResult=PullResult [pullStatus=NO_NEW_MSG, nextBeginOffset=0, minOffset=0, maxOffset=0, msgFoundList=0]
2026-06-10 17:39:37 WARN TransactionalMessageCheckService - No new message. GetMessageStatus=NO_MESSAGE_IN_QUEUE, topic=RMQ_SYS_TRANS_HALF_TOPIC, groupId=CID_RMQ_SYS_TRANS, requestOffset=0
2026-06-10 17:39:37 WARN TransactionalMessageCheckService - No new message. GetMessageStatus=NO_MESSAGE_IN_QUEUE, topic=RMQ_SYS_TRANS_HALF_TOPIC, groupId=CID_RMQ_SYS_TRANS, requestOffset=0
2026-06-10 17:39:37 WARN TransactionalMessageCheckService - No new message. GetMessageStatus=NO_MESSAGE_IN_QUEUE, topic=RMQ_SYS_TRANS_OP_HALF_TOPIC, groupId=CID_RMQ_SYS_TRANS, requestOffset=0
2026-06-10 17:39:37 INFO TransactionalMessageCheckService - After check, MessageQueue [topic=RMQ_SYS_TRANS_HALF_TOPIC, brokerName=broker-a, queueId=0] opOffset=0 opOffsetDiff=0 msgOffset=0 msgOffsetDiff=0 msgTime=Wed Jun 10 09:39:37 UTC 2026 msgTimeDelayInMs=0 putInQueueCount=0
2026-06-10 17:39:37 INFO TransactionalMessageCheckService - End to check prepare message, consumed time:1
2026-06-10 17:40:07 INFO TransactionalMessageCheckService - Begin to check prepare message, begin time:1781084407515
2026-06-10 17:40:07 INFO TransactionalMessageCheckService - Before check, the queue=MessageQueue [topic=RMQ_SYS_TRANS_HALF_TOPIC, brokerName=broker-a, queueId=0] msgOffset=0 opOffset=0
2026-06-10 17:40:07 WARN TransactionalMessageCheckService - No new message. GetMessageStatus=NO_MESSAGE_IN_QUEUE, topic=RMQ_SYS_TRANS_OP_HALF_TOPIC, groupId=CID_RMQ_SYS_TRANS, requestOffset=0
2026-06-10 17:40:07 WARN TransactionalMessageCheckService - The miss op offset=0 in queue=MessageQueue [topic=RMQ_SYS_TRANS_OP_HALF_TOPIC, brokerName=broker-a, queueId=0] is NO_NEW_MSG, pullResult=PullResult [pullStatus=NO_NEW_MSG, nextBeginOffset=0, minOffset=0, maxOffset=0, msgFoundList=0]
2026-06-10 17:40:07 WARN TransactionalMessageCheckService - No new message. GetMessageStatus=NO_MESSAGE_IN_QUEUE, topic=RMQ_SYS_TRANS_HALF_TOPIC, groupId=CID_RMQ_SYS_TRANS, requestOffset=0
2026-06-10 17:40:07 WARN TransactionalMessageCheckService - No new message. GetMessageStatus=NO_MESSAGE_IN_QUEUE, topic=RMQ_SYS_TRANS_HALF_TOPIC, groupId=CID_RMQ_SYS_TRANS, requestOffset=0
2026-06-10 17:40:07 WARN TransactionalMessageCheckService - No new message. GetMessageStatus=NO_MESSAGE_IN_QUEUE, topic=RMQ_SYS_TRANS_OP_HALF_TOPIC, groupId=CID_RMQ_SYS_TRANS, requestOffset=0
2026-06-10 17:40:07 INFO TransactionalMessageCheckService - After check, MessageQueue [topic=RMQ_SYS_TRANS_HALF_TOPIC, brokerName=broker-a, queueId=0] opOffset=0 opOffsetDiff=0 msgOffset=0 msgOffsetDiff=0 msgTime=Wed Jun 10 09:40:07 UTC 2026 msgTimeDelayInMs=0 putInQueueCount=0
2026-06-10 17:40:07 INFO TransactionalMessageCheckService - End to check prepare message, consumed time:0
2026-06-10 17:40:37 INFO TransactionalMessageCheckService - Begin to check prepare message, begin time:1781084437515
2026-06-10 17:40:37 INFO TransactionalMessageCheckService - Before check, the queue=MessageQueue [topic=RMQ_SYS_TRANS_HALF_TOPIC, brokerName=broker-a, queueId=0] msgOffset=0 opOffset=0
2026-06-10 17:40:37 WARN TransactionalMessageCheckService - No new message. GetMessageStatus=NO_MESSAGE_IN_QUEUE, topic=RMQ_SYS_TRANS_OP_HALF_TOPIC, groupId=CID_RMQ_SYS_TRANS, requestOffset=0
2026-06-10 17:40:37 WARN TransactionalMessageCheckService - The miss op offset=0 in queue=MessageQueue [topic=RMQ_SYS_TRANS_OP_HALF_TOPIC, brokerName=broker-a, queueId=0] is NO_NEW_MSG, pullResult=PullResult [pullStatus=NO_NEW_MSG, nextBeginOffset=0, minOffset=0, maxOffset=0, msgFoundList=0]
2026-06-10 17:40:37 WARN TransactionalMessageCheckService - No new message. GetMessageStatus=NO_MESSAGE_IN_QUEUE, topic=RMQ_SYS_TRANS_HALF_TOPIC, groupId=CID_RMQ_SYS_TRANS, requestOffset=0
2026-06-10 17:40:37 WARN TransactionalMessageCheckService - No new message. GetMessageStatus=NO_MESSAGE_IN_QUEUE, topic=RMQ_SYS_TRANS_HALF_TOPIC, groupId=CID_RMQ_SYS_TRANS, requestOffset=0
2026-06-10 17:40:37 WARN TransactionalMessageCheckService - No new message. GetMessageStatus=NO_MESSAGE_IN_QUEUE, topic=RMQ_SYS_TRANS_OP_HALF_TOPIC, groupId=CID_RMQ_SYS_TRANS, requestOffset=0
2026-06-10 17:40:37 INFO TransactionalMessageCheckService - After check, MessageQueue [topic=RMQ_SYS_TRANS_HALF_TOPIC, brokerName=broker-a, queueId=0] opOffset=0 opOffsetDiff=0 msgOffset=0 msgOffsetDiff=0 msgTime=Wed Jun 10 09:40:37 UTC 2026 msgTimeDelayInMs=0 putInQueueCount=0
2026-06-10 17:40:37 INFO TransactionalMessageCheckService - End to check prepare message, consumed time:0
2026-06-10 17:41:07 INFO TransactionalMessageCheckService - Begin to check prepare message, begin time:1781084467515
2026-06-10 17:41:07 INFO TransactionalMessageCheckService - Before check, the queue=MessageQueue [topic=RMQ_SYS_TRANS_HALF_TOPIC, brokerName=broker-a, queueId=0] msgOffset=0 opOffset=0
2026-06-10 17:41:07 WARN TransactionalMessageCheckService - No new message. GetMessageStatus=NO_MESSAGE_IN_QUEUE, topic=RMQ_SYS_TRANS_OP_HALF_TOPIC, groupId=CID_RMQ_SYS_TRANS, requestOffset=0
2026-06-10 17:41:07 WARN TransactionalMessageCheckService - The miss op offset=0 in queue=MessageQueue [topic=RMQ_SYS_TRANS_OP_HALF_TOPIC, brokerName=broker-a, queueId=0] is NO_NEW_MSG, pullResult=PullResult [pullStatus=NO_NEW_MSG, nextBeginOffset=0, minOffset=0, maxOffset=0, msgFoundList=0]
2026-06-10 17:41:07 WARN TransactionalMessageCheckService - No new message. GetMessageStatus=NO_MESSAGE_IN_QUEUE, topic=RMQ_SYS_TRANS_HALF_TOPIC, groupId=CID_RMQ_SYS_TRANS, requestOffset=0
2026-06-10 17:41:07 WARN TransactionalMessageCheckService - No new message. GetMessageStatus=NO_MESSAGE_IN_QUEUE, topic=RMQ_SYS_TRANS_HALF_TOPIC, groupId=CID_RMQ_SYS_TRANS, requestOffset=0
2026-06-10 17:41:07 WARN TransactionalMessageCheckService - No new message. GetMessageStatus=NO_MESSAGE_IN_QUEUE, topic=RMQ_SYS_TRANS_OP_HALF_TOPIC, groupId=CID_RMQ_SYS_TRANS, requestOffset=0
2026-06-10 17:41:07 INFO TransactionalMessageCheckService - After check, MessageQueue [topic=RMQ_SYS_TRANS_HALF_TOPIC, brokerName=broker-a, queueId=0] opOffset=0 opOffsetDiff=0 msgOffset=0 msgOffsetDiff=0 msgTime=Wed Jun 10 09:41:07 UTC 2026 msgTimeDelayInMs=0 putInQueueCount=0
2026-06-10 17:41:07 INFO TransactionalMessageCheckService - End to check prepare message, consumed time:1
2026-06-10 17:41:37 INFO TransactionalMessageCheckService - Begin to check prepare message, begin time:1781084497516
2026-06-10 17:41:37 INFO TransactionalMessageCheckService - Before check, the queue=MessageQueue [topic=RMQ_SYS_TRANS_HALF_TOPIC, brokerName=broker-a, queueId=0] msgOffset=0 opOffset=0
2026-06-10 17:41:37 WARN TransactionalMessageCheckService - No new message. GetMessageStatus=NO_MESSAGE_IN_QUEUE, topic=RMQ_SYS_TRANS_OP_HALF_TOPIC, groupId=CID_RMQ_SYS_TRANS, requestOffset=0
2026-06-10 17:41:37 WARN TransactionalMessageCheckService - The miss op offset=0 in queue=MessageQueue [topic=RMQ_SYS_TRANS_OP_HALF_TOPIC, brokerName=broker-a, queueId=0] is NO_NEW_MSG, pullResult=PullResult [pullStatus=NO_NEW_MSG, nextBeginOffset=0, minOffset=0, maxOffset=0, msgFoundList=0]
2026-06-10 17:41:37 WARN TransactionalMessageCheckService - No new message. GetMessageStatus=NO_MESSAGE_IN_QUEUE, topic=RMQ_SYS_TRANS_HALF_TOPIC, groupId=CID_RMQ_SYS_TRANS, requestOffset=0
2026-06-10 17:41:37 WARN TransactionalMessageCheckService - No new message. GetMessageStatus=NO_MESSAGE_IN_QUEUE, topic=RMQ_SYS_TRANS_HALF_TOPIC, groupId=CID_RMQ_SYS_TRANS, requestOffset=0
2026-06-10 17:41:37 WARN TransactionalMessageCheckService - No new message. GetMessageStatus=NO_MESSAGE_IN_QUEUE, topic=RMQ_SYS_TRANS_OP_HALF_TOPIC, groupId=CID_RMQ_SYS_TRANS, requestOffset=0
2026-06-10 17:41:37 INFO TransactionalMessageCheckService - After check, MessageQueue [topic=RMQ_SYS_TRANS_HALF_TOPIC, brokerName=broker-a, queueId=0] opOffset=0 opOffsetDiff=0 msgOffset=0 msgOffsetDiff=0 msgTime=Wed Jun 10 09:41:37 UTC 2026 msgTimeDelayInMs=0 putInQueueCount=0
2026-06-10 17:41:37 INFO TransactionalMessageCheckService - End to check prepare message, consumed time:1
2026-06-10 17:42:07 INFO TransactionalMessageCheckService - Begin to check prepare message, begin time:1781084527517
2026-06-10 17:42:07 INFO TransactionalMessageCheckService - Before check, the queue=MessageQueue [topic=RMQ_SYS_TRANS_HALF_TOPIC, brokerName=broker-a, queueId=0] msgOffset=0 opOffset=0
2026-06-10 17:42:07 WARN TransactionalMessageCheckService - No new message. GetMessageStatus=NO_MESSAGE_IN_QUEUE, topic=RMQ_SYS_TRANS_OP_HALF_TOPIC, groupId=CID_RMQ_SYS_TRANS, requestOffset=0
2026-06-10 17:42:07 WARN TransactionalMessageCheckService - The miss op offset=0 in queue=MessageQueue [topic=RMQ_SYS_TRANS_OP_HALF_TOPIC, brokerName=broker-a, queueId=0] is NO_NEW_MSG, pullResult=PullResult [pullStatus=NO_NEW_MSG, nextBeginOffset=0, minOffset=0, maxOffset=0, msgFoundList=0]
2026-06-10 17:42:07 WARN TransactionalMessageCheckService - No new message. GetMessageStatus=NO_MESSAGE_IN_QUEUE, topic=RMQ_SYS_TRANS_HALF_TOPIC, groupId=CID_RMQ_SYS_TRANS, requestOffset=0
2026-06-10 17:42:07 WARN TransactionalMessageCheckService - No new message. GetMessageStatus=NO_MESSAGE_IN_QUEUE, topic=RMQ_SYS_TRANS_HALF_TOPIC, groupId=CID_RMQ_SYS_TRANS, requestOffset=0
2026-06-10 17:42:07 WARN TransactionalMessageCheckService - No new message. GetMessageStatus=NO_MESSAGE_IN_QUEUE, topic=RMQ_SYS_TRANS_OP_HALF_TOPIC, groupId=CID_RMQ_SYS_TRANS, requestOffset=0
2026-06-10 17:42:07 INFO TransactionalMessageCheckService - After check, MessageQueue [topic=RMQ_SYS_TRANS_HALF_TOPIC, brokerName=broker-a, queueId=0] opOffset=0 opOffsetDiff=0 msgOffset=0 msgOffsetDiff=0 msgTime=Wed Jun 10 09:42:07 UTC 2026 msgTimeDelayInMs=0 putInQueueCount=0
2026-06-10 17:42:07 INFO TransactionalMessageCheckService - End to check prepare message, consumed time:0
2026-06-10 17:42:37 INFO TransactionalMessageCheckService - Begin to check prepare message, begin time:1781084557517
2026-06-10 17:42:37 INFO TransactionalMessageCheckService - Before check, the queue=MessageQueue [topic=RMQ_SYS_TRANS_HALF_TOPIC, brokerName=broker-a, queueId=0] msgOffset=0 opOffset=0
2026-06-10 17:42:37 WARN TransactionalMessageCheckService - No new message. GetMessageStatus=NO_MESSAGE_IN_QUEUE, topic=RMQ_SYS_TRANS_OP_HALF_TOPIC, groupId=CID_RMQ_SYS_TRANS, requestOffset=0
2026-06-10 17:42:37 WARN TransactionalMessageCheckService - The miss op offset=0 in queue=MessageQueue [topic=RMQ_SYS_TRANS_OP_HALF_TOPIC, brokerName=broker-a, queueId=0] is NO_NEW_MSG, pullResult=PullResult [pullStatus=NO_NEW_MSG, nextBeginOffset=0, minOffset=0, maxOffset=0, msgFoundList=0]
2026-06-10 17:42:37 WARN TransactionalMessageCheckService - No new message. GetMessageStatus=NO_MESSAGE_IN_QUEUE, topic=RMQ_SYS_TRANS_HALF_TOPIC, groupId=CID_RMQ_SYS_TRANS, requestOffset=0
2026-06-10 17:42:37 WARN TransactionalMessageCheckService - No new message. GetMessageStatus=NO_MESSAGE_IN_QUEUE, topic=RMQ_SYS_TRANS_HALF_TOPIC, groupId=CID_RMQ_SYS_TRANS, requestOffset=0
2026-06-10 17:42:37 WARN TransactionalMessageCheckService - No new message. GetMessageStatus=NO_MESSAGE_IN_QUEUE, topic=RMQ_SYS_TRANS_OP_HALF_TOPIC, groupId=CID_RMQ_SYS_TRANS, requestOffset=0
2026-06-10 17:42:37 INFO TransactionalMessageCheckService - After check, MessageQueue [topic=RMQ_SYS_TRANS_HALF_TOPIC, brokerName=broker-a, queueId=0] opOffset=0 opOffsetDiff=0 msgOffset=0 msgOffsetDiff=0 msgTime=Wed Jun 10 09:42:37 UTC 2026 msgTimeDelayInMs=0 putInQueueCount=0
2026-06-10 17:42:37 INFO TransactionalMessageCheckService - End to check prepare message, consumed time:1
2026-06-10 17:43:07 INFO TransactionalMessageCheckService - Begin to check prepare message, begin time:1781084587518
2026-06-10 17:43:07 INFO TransactionalMessageCheckService - Before check, the queue=MessageQueue [topic=RMQ_SYS_TRANS_HALF_TOPIC, brokerName=broker-a, queueId=0] msgOffset=0 opOffset=0
2026-06-10 17:43:07 WARN TransactionalMessageCheckService - No new message. GetMessageStatus=NO_MESSAGE_IN_QUEUE, topic=RMQ_SYS_TRANS_OP_HALF_TOPIC, groupId=CID_RMQ_SYS_TRANS, requestOffset=0
2026-06-10 17:43:07 WARN TransactionalMessageCheckService - The miss op offset=0 in queue=MessageQueue [topic=RMQ_SYS_TRANS_OP_HALF_TOPIC, brokerName=broker-a, queueId=0] is NO_NEW_MSG, pullResult=PullResult [pullStatus=NO_NEW_MSG, nextBeginOffset=0, minOffset=0, maxOffset=0, msgFoundList=0]
2026-06-10 17:43:07 WARN TransactionalMessageCheckService - No new message. GetMessageStatus=NO_MESSAGE_IN_QUEUE, topic=RMQ_SYS_TRANS_HALF_TOPIC, groupId=CID_RMQ_SYS_TRANS, requestOffset=0
2026-06-10 17:43:07 WARN TransactionalMessageCheckService - No new message. GetMessageStatus=NO_MESSAGE_IN_QUEUE, topic=RMQ_SYS_TRANS_HALF_TOPIC, groupId=CID_RMQ_SYS_TRANS, requestOffset=0
2026-06-10 17:43:07 WARN TransactionalMessageCheckService - No new message. GetMessageStatus=NO_MESSAGE_IN_QUEUE, topic=RMQ_SYS_TRANS_OP_HALF_TOPIC, groupId=CID_RMQ_SYS_TRANS, requestOffset=0
2026-06-10 17:43:07 INFO TransactionalMessageCheckService - After check, MessageQueue [topic=RMQ_SYS_TRANS_HALF_TOPIC, brokerName=broker-a, queueId=0] opOffset=0 opOffsetDiff=0 msgOffset=0 msgOffsetDiff=0 msgTime=Wed Jun 10 09:43:07 UTC 2026 msgTimeDelayInMs=0 putInQueueCount=0
2026-06-10 17:43:07 INFO TransactionalMessageCheckService - End to check prepare message, consumed time:0
2026-06-10 17:43:37 INFO TransactionalMessageCheckService - Begin to check prepare message, begin time:1781084617518
2026-06-10 17:43:37 INFO TransactionalMessageCheckService - Before check, the queue=MessageQueue [topic=RMQ_SYS_TRANS_HALF_TOPIC, brokerName=broker-a, queueId=0] msgOffset=0 opOffset=0
2026-06-10 17:43:37 WARN TransactionalMessageCheckService - No new message. GetMessageStatus=NO_MESSAGE_IN_QUEUE, topic=RMQ_SYS_TRANS_OP_HALF_TOPIC, groupId=CID_RMQ_SYS_TRANS, requestOffset=0
2026-06-10 17:43:37 WARN TransactionalMessageCheckService - The miss op offset=0 in queue=MessageQueue [topic=RMQ_SYS_TRANS_OP_HALF_TOPIC, brokerName=broker-a, queueId=0] is NO_NEW_MSG, pullResult=PullResult [pullStatus=NO_NEW_MSG, nextBeginOffset=0, minOffset=0, maxOffset=0, msgFoundList=0]
2026-06-10 17:43:37 WARN TransactionalMessageCheckService - No new message. GetMessageStatus=NO_MESSAGE_IN_QUEUE, topic=RMQ_SYS_TRANS_HALF_TOPIC, groupId=CID_RMQ_SYS_TRANS, requestOffset=0
2026-06-10 17:43:37 WARN TransactionalMessageCheckService - No new message. GetMessageStatus=NO_MESSAGE_IN_QUEUE, topic=RMQ_SYS_TRANS_HALF_TOPIC, groupId=CID_RMQ_SYS_TRANS, requestOffset=0
2026-06-10 17:43:37 WARN TransactionalMessageCheckService - No new message. GetMessageStatus=NO_MESSAGE_IN_QUEUE, topic=RMQ_SYS_TRANS_OP_HALF_TOPIC, groupId=CID_RMQ_SYS_TRANS, requestOffset=0
2026-06-10 17:43:37 INFO TransactionalMessageCheckService - After check, MessageQueue [topic=RMQ_SYS_TRANS_HALF_TOPIC, brokerName=broker-a, queueId=0] opOffset=0 opOffsetDiff=0 msgOffset=0 msgOffsetDiff=0 msgTime=Wed Jun 10 09:43:37 UTC 2026 msgTimeDelayInMs=0 putInQueueCount=0
2026-06-10 17:43:37 INFO TransactionalMessageCheckService - End to check prepare message, consumed time:1
2026-06-10 17:44:07 INFO TransactionalMessageCheckService - Begin to check prepare message, begin time:1781084647519
2026-06-10 17:44:07 INFO TransactionalMessageCheckService - Before check, the queue=MessageQueue [topic=RMQ_SYS_TRANS_HALF_TOPIC, brokerName=broker-a, queueId=0] msgOffset=0 opOffset=0
2026-06-10 17:44:07 WARN TransactionalMessageCheckService - No new message. GetMessageStatus=NO_MESSAGE_IN_QUEUE, topic=RMQ_SYS_TRANS_OP_HALF_TOPIC, groupId=CID_RMQ_SYS_TRANS, requestOffset=0
2026-06-10 17:44:07 WARN TransactionalMessageCheckService - The miss op offset=0 in queue=MessageQueue [topic=RMQ_SYS_TRANS_OP_HALF_TOPIC, brokerName=broker-a, queueId=0] is NO_NEW_MSG, pullResult=PullResult [pullStatus=NO_NEW_MSG, nextBeginOffset=0, minOffset=0, maxOffset=0, msgFoundList=0]
2026-06-10 17:44:07 WARN TransactionalMessageCheckService - No new message. GetMessageStatus=NO_MESSAGE_IN_QUEUE, topic=RMQ_SYS_TRANS_HALF_TOPIC, groupId=CID_RMQ_SYS_TRANS, requestOffset=0
2026-06-10 17:44:07 WARN TransactionalMessageCheckService - No new message. GetMessageStatus=NO_MESSAGE_IN_QUEUE, topic=RMQ_SYS_TRANS_HALF_TOPIC, groupId=CID_RMQ_SYS_TRANS, requestOffset=0
2026-06-10 17:44:07 WARN TransactionalMessageCheckService - No new message. GetMessageStatus=NO_MESSAGE_IN_QUEUE, topic=RMQ_SYS_TRANS_OP_HALF_TOPIC, groupId=CID_RMQ_SYS_TRANS, requestOffset=0
2026-06-10 17:44:07 INFO TransactionalMessageCheckService - After check, MessageQueue [topic=RMQ_SYS_TRANS_HALF_TOPIC, brokerName=broker-a, queueId=0] opOffset=0 opOffsetDiff=0 msgOffset=0 msgOffsetDiff=0 msgTime=Wed Jun 10 09:44:07 UTC 2026 msgTimeDelayInMs=0 putInQueueCount=0
2026-06-10 17:44:07 INFO TransactionalMessageCheckService - End to check prepare message, consumed time:0
2026-06-10 17:44:37 INFO TransactionalMessageCheckService - Begin to check prepare message, begin time:1781084677519
2026-06-10 17:44:37 INFO TransactionalMessageCheckService - Before check, the queue=MessageQueue [topic=RMQ_SYS_TRANS_HALF_TOPIC, brokerName=broker-a, queueId=0] msgOffset=0 opOffset=0
2026-06-10 17:44:37 WARN TransactionalMessageCheckService - No new message. GetMessageStatus=NO_MESSAGE_IN_QUEUE, topic=RMQ_SYS_TRANS_OP_HALF_TOPIC, groupId=CID_RMQ_SYS_TRANS, requestOffset=0
2026-06-10 17:44:37 WARN TransactionalMessageCheckService - The miss op offset=0 in queue=MessageQueue [topic=RMQ_SYS_TRANS_OP_HALF_TOPIC, brokerName=broker-a, queueId=0] is NO_NEW_MSG, pullResult=PullResult [pullStatus=NO_NEW_MSG, nextBeginOffset=0, minOffset=0, maxOffset=0, msgFoundList=0]
2026-06-10 17:44:37 WARN TransactionalMessageCheckService - No new message. GetMessageStatus=NO_MESSAGE_IN_QUEUE, topic=RMQ_SYS_TRANS_HALF_TOPIC, groupId=CID_RMQ_SYS_TRANS, requestOffset=0
2026-06-10 17:44:37 WARN TransactionalMessageCheckService - No new message. GetMessageStatus=NO_MESSAGE_IN_QUEUE, topic=RMQ_SYS_TRANS_HALF_TOPIC, groupId=CID_RMQ_SYS_TRANS, requestOffset=0
2026-06-10 17:44:37 WARN TransactionalMessageCheckService - No new message. GetMessageStatus=NO_MESSAGE_IN_QUEUE, topic=RMQ_SYS_TRANS_OP_HALF_TOPIC, groupId=CID_RMQ_SYS_TRANS, requestOffset=0
2026-06-10 17:44:37 INFO TransactionalMessageCheckService - After check, MessageQueue [topic=RMQ_SYS_TRANS_HALF_TOPIC, brokerName=broker-a, queueId=0] opOffset=0 opOffsetDiff=0 msgOffset=0 msgOffsetDiff=0 msgTime=Wed Jun 10 09:44:37 UTC 2026 msgTimeDelayInMs=0 putInQueueCount=0
2026-06-10 17:44:37 INFO TransactionalMessageCheckService - End to check prepare message, consumed time:0
2026-06-10 17:45:07 INFO TransactionalMessageCheckService - Begin to check prepare message, begin time:1781084707520
2026-06-10 17:45:07 INFO TransactionalMessageCheckService - Before check, the queue=MessageQueue [topic=RMQ_SYS_TRANS_HALF_TOPIC, brokerName=broker-a, queueId=0] msgOffset=0 opOffset=0
2026-06-10 17:45:07 WARN TransactionalMessageCheckService - No new message. GetMessageStatus=NO_MESSAGE_IN_QUEUE, topic=RMQ_SYS_TRANS_OP_HALF_TOPIC, groupId=CID_RMQ_SYS_TRANS, requestOffset=0
2026-06-10 17:45:07 WARN TransactionalMessageCheckService - The miss op offset=0 in queue=MessageQueue [topic=RMQ_SYS_TRANS_OP_HALF_TOPIC, brokerName=broker-a, queueId=0] is NO_NEW_MSG, pullResult=PullResult [pullStatus=NO_NEW_MSG, nextBeginOffset=0, minOffset=0, maxOffset=0, msgFoundList=0]
2026-06-10 17:45:07 WARN TransactionalMessageCheckService - No new message. GetMessageStatus=NO_MESSAGE_IN_QUEUE, topic=RMQ_SYS_TRANS_HALF_TOPIC, groupId=CID_RMQ_SYS_TRANS, requestOffset=0
2026-06-10 17:45:07 WARN TransactionalMessageCheckService - No new message. GetMessageStatus=NO_MESSAGE_IN_QUEUE, topic=RMQ_SYS_TRANS_HALF_TOPIC, groupId=CID_RMQ_SYS_TRANS, requestOffset=0
2026-06-10 17:45:07 WARN TransactionalMessageCheckService - No new message. GetMessageStatus=NO_MESSAGE_IN_QUEUE, topic=RMQ_SYS_TRANS_OP_HALF_TOPIC, groupId=CID_RMQ_SYS_TRANS, requestOffset=0
2026-06-10 17:45:07 INFO TransactionalMessageCheckService - After check, MessageQueue [topic=RMQ_SYS_TRANS_HALF_TOPIC, brokerName=broker-a, queueId=0] opOffset=0 opOffsetDiff=0 msgOffset=0 msgOffsetDiff=0 msgTime=Wed Jun 10 09:45:07 UTC 2026 msgTimeDelayInMs=0 putInQueueCount=0
2026-06-10 17:45:07 INFO TransactionalMessageCheckService - End to check prepare message, consumed time:0
2026-06-10 17:45:37 INFO TransactionalMessageCheckService - Begin to check prepare message, begin time:1781084737520
2026-06-10 17:45:37 INFO TransactionalMessageCheckService - Before check, the queue=MessageQueue [topic=RMQ_SYS_TRANS_HALF_TOPIC, brokerName=broker-a, queueId=0] msgOffset=0 opOffset=0
2026-06-10 17:45:37 WARN TransactionalMessageCheckService - No new message. GetMessageStatus=NO_MESSAGE_IN_QUEUE, topic=RMQ_SYS_TRANS_OP_HALF_TOPIC, groupId=CID_RMQ_SYS_TRANS, requestOffset=0
2026-06-10 17:45:37 WARN TransactionalMessageCheckService - The miss op offset=0 in queue=MessageQueue [topic=RMQ_SYS_TRANS_OP_HALF_TOPIC, brokerName=broker-a, queueId=0] is NO_NEW_MSG, pullResult=PullResult [pullStatus=NO_NEW_MSG, nextBeginOffset=0, minOffset=0, maxOffset=0, msgFoundList=0]
2026-06-10 17:45:37 WARN TransactionalMessageCheckService - No new message. GetMessageStatus=NO_MESSAGE_IN_QUEUE, topic=RMQ_SYS_TRANS_HALF_TOPIC, groupId=CID_RMQ_SYS_TRANS, requestOffset=0
2026-06-10 17:45:37 WARN TransactionalMessageCheckService - No new message. GetMessageStatus=NO_MESSAGE_IN_QUEUE, topic=RMQ_SYS_TRANS_HALF_TOPIC, groupId=CID_RMQ_SYS_TRANS, requestOffset=0
2026-06-10 17:45:37 WARN TransactionalMessageCheckService - No new message. GetMessageStatus=NO_MESSAGE_IN_QUEUE, topic=RMQ_SYS_TRANS_OP_HALF_TOPIC, groupId=CID_RMQ_SYS_TRANS, requestOffset=0
2026-06-10 17:45:37 INFO TransactionalMessageCheckService - After check, MessageQueue [topic=RMQ_SYS_TRANS_HALF_TOPIC, brokerName=broker-a, queueId=0] opOffset=0 opOffsetDiff=0 msgOffset=0 msgOffsetDiff=0 msgTime=Wed Jun 10 09:45:37 UTC 2026 msgTimeDelayInMs=0 putInQueueCount=0
2026-06-10 17:45:37 INFO TransactionalMessageCheckService - End to check prepare message, consumed time:0
2026-06-10 17:46:07 INFO TransactionalMessageCheckService - Begin to check prepare message, begin time:1781084767520
2026-06-10 17:46:07 INFO TransactionalMessageCheckService - Before check, the queue=MessageQueue [topic=RMQ_SYS_TRANS_HALF_TOPIC, brokerName=broker-a, queueId=0] msgOffset=0 opOffset=0
2026-06-10 17:46:07 WARN TransactionalMessageCheckService - No new message. GetMessageStatus=NO_MESSAGE_IN_QUEUE, topic=RMQ_SYS_TRANS_OP_HALF_TOPIC, groupId=CID_RMQ_SYS_TRANS, requestOffset=0
2026-06-10 17:46:07 WARN TransactionalMessageCheckService - The miss op offset=0 in queue=MessageQueue [topic=RMQ_SYS_TRANS_OP_HALF_TOPIC, brokerName=broker-a, queueId=0] is NO_NEW_MSG, pullResult=PullResult [pullStatus=NO_NEW_MSG, nextBeginOffset=0, minOffset=0, maxOffset=0, msgFoundList=0]
2026-06-10 17:46:07 WARN TransactionalMessageCheckService - No new message. GetMessageStatus=NO_MESSAGE_IN_QUEUE, topic=RMQ_SYS_TRANS_HALF_TOPIC, groupId=CID_RMQ_SYS_TRANS, requestOffset=0
2026-06-10 17:46:07 WARN TransactionalMessageCheckService - No new message. GetMessageStatus=NO_MESSAGE_IN_QUEUE, topic=RMQ_SYS_TRANS_HALF_TOPIC, groupId=CID_RMQ_SYS_TRANS, requestOffset=0
2026-06-10 17:46:07 WARN TransactionalMessageCheckService - No new message. GetMessageStatus=NO_MESSAGE_IN_QUEUE, topic=RMQ_SYS_TRANS_OP_HALF_TOPIC, groupId=CID_RMQ_SYS_TRANS, requestOffset=0
2026-06-10 17:46:07 INFO TransactionalMessageCheckService - After check, MessageQueue [topic=RMQ_SYS_TRANS_HALF_TOPIC, brokerName=broker-a, queueId=0] opOffset=0 opOffsetDiff=0 msgOffset=0 msgOffsetDiff=0 msgTime=Wed Jun 10 09:46:07 UTC 2026 msgTimeDelayInMs=0 putInQueueCount=0
2026-06-10 17:46:07 INFO TransactionalMessageCheckService - End to check prepare message, consumed time:1
2026-06-10 17:46:37 INFO TransactionalMessageCheckService - Begin to check prepare message, begin time:1781084797521
2026-06-10 17:46:37 INFO TransactionalMessageCheckService - Before check, the queue=MessageQueue [topic=RMQ_SYS_TRANS_HALF_TOPIC, brokerName=broker-a, queueId=0] msgOffset=0 opOffset=0
2026-06-10 17:46:37 WARN TransactionalMessageCheckService - No new message. GetMessageStatus=NO_MESSAGE_IN_QUEUE, topic=RMQ_SYS_TRANS_OP_HALF_TOPIC, groupId=CID_RMQ_SYS_TRANS, requestOffset=0
2026-06-10 17:46:37 WARN TransactionalMessageCheckService - The miss op offset=0 in queue=MessageQueue [topic=RMQ_SYS_TRANS_OP_HALF_TOPIC, brokerName=broker-a, queueId=0] is NO_NEW_MSG, pullResult=PullResult [pullStatus=NO_NEW_MSG, nextBeginOffset=0, minOffset=0, maxOffset=0, msgFoundList=0]
2026-06-10 17:46:37 WARN TransactionalMessageCheckService - No new message. GetMessageStatus=NO_MESSAGE_IN_QUEUE, topic=RMQ_SYS_TRANS_HALF_TOPIC, groupId=CID_RMQ_SYS_TRANS, requestOffset=0
2026-06-10 17:46:37 WARN TransactionalMessageCheckService - No new message. GetMessageStatus=NO_MESSAGE_IN_QUEUE, topic=RMQ_SYS_TRANS_HALF_TOPIC, groupId=CID_RMQ_SYS_TRANS, requestOffset=0
2026-06-10 17:46:37 WARN TransactionalMessageCheckService - No new message. GetMessageStatus=NO_MESSAGE_IN_QUEUE, topic=RMQ_SYS_TRANS_OP_HALF_TOPIC, groupId=CID_RMQ_SYS_TRANS, requestOffset=0
2026-06-10 17:46:37 INFO TransactionalMessageCheckService - After check, MessageQueue [topic=RMQ_SYS_TRANS_HALF_TOPIC, brokerName=broker-a, queueId=0] opOffset=0 opOffsetDiff=0 msgOffset=0 msgOffsetDiff=0 msgTime=Wed Jun 10 09:46:37 UTC 2026 msgTimeDelayInMs=0 putInQueueCount=0
2026-06-10 17:46:37 INFO TransactionalMessageCheckService - End to check prepare message, consumed time:0
2026-06-10 17:47:07 INFO TransactionalMessageCheckService - Begin to check prepare message, begin time:1781084827521
2026-06-10 17:47:07 INFO TransactionalMessageCheckService - Before check, the queue=MessageQueue [topic=RMQ_SYS_TRANS_HALF_TOPIC, brokerName=broker-a, queueId=0] msgOffset=0 opOffset=0
2026-06-10 17:47:07 WARN TransactionalMessageCheckService - No new message. GetMessageStatus=NO_MESSAGE_IN_QUEUE, topic=RMQ_SYS_TRANS_OP_HALF_TOPIC, groupId=CID_RMQ_SYS_TRANS, requestOffset=0
2026-06-10 17:47:07 WARN TransactionalMessageCheckService - The miss op offset=0 in queue=MessageQueue [topic=RMQ_SYS_TRANS_OP_HALF_TOPIC, brokerName=broker-a, queueId=0] is NO_NEW_MSG, pullResult=PullResult [pullStatus=NO_NEW_MSG, nextBeginOffset=0, minOffset=0, maxOffset=0, msgFoundList=0]
2026-06-10 17:47:07 WARN TransactionalMessageCheckService - No new message. GetMessageStatus=NO_MESSAGE_IN_QUEUE, topic=RMQ_SYS_TRANS_HALF_TOPIC, groupId=CID_RMQ_SYS_TRANS, requestOffset=0
2026-06-10 17:47:07 WARN TransactionalMessageCheckService - No new message. GetMessageStatus=NO_MESSAGE_IN_QUEUE, topic=RMQ_SYS_TRANS_HALF_TOPIC, groupId=CID_RMQ_SYS_TRANS, requestOffset=0
2026-06-10 17:47:07 WARN TransactionalMessageCheckService - No new message. GetMessageStatus=NO_MESSAGE_IN_QUEUE, topic=RMQ_SYS_TRANS_OP_HALF_TOPIC, groupId=CID_RMQ_SYS_TRANS, requestOffset=0
2026-06-10 17:47:07 INFO TransactionalMessageCheckService - After check, MessageQueue [topic=RMQ_SYS_TRANS_HALF_TOPIC, brokerName=broker-a, queueId=0] opOffset=0 opOffsetDiff=0 msgOffset=0 msgOffsetDiff=0 msgTime=Wed Jun 10 09:47:07 UTC 2026 msgTimeDelayInMs=0 putInQueueCount=0
2026-06-10 17:47:07 INFO TransactionalMessageCheckService - End to check prepare message, consumed time:0
2026-06-10 17:47:37 INFO TransactionalMessageCheckService - Begin to check prepare message, begin time:1781084857521
2026-06-10 17:47:37 INFO TransactionalMessageCheckService - Before check, the queue=MessageQueue [topic=RMQ_SYS_TRANS_HALF_TOPIC, brokerName=broker-a, queueId=0] msgOffset=0 opOffset=0
2026-06-10 17:47:37 WARN TransactionalMessageCheckService - No new message. GetMessageStatus=NO_MESSAGE_IN_QUEUE, topic=RMQ_SYS_TRANS_OP_HALF_TOPIC, groupId=CID_RMQ_SYS_TRANS, requestOffset=0
2026-06-10 17:47:37 WARN TransactionalMessageCheckService - The miss op offset=0 in queue=MessageQueue [topic=RMQ_SYS_TRANS_OP_HALF_TOPIC, brokerName=broker-a, queueId=0] is NO_NEW_MSG, pullResult=PullResult [pullStatus=NO_NEW_MSG, nextBeginOffset=0, minOffset=0, maxOffset=0, msgFoundList=0]
2026-06-10 17:47:37 WARN TransactionalMessageCheckService - No new message. GetMessageStatus=NO_MESSAGE_IN_QUEUE, topic=RMQ_SYS_TRANS_HALF_TOPIC, groupId=CID_RMQ_SYS_TRANS, requestOffset=0
2026-06-10 17:47:37 WARN TransactionalMessageCheckService - No new message. GetMessageStatus=NO_MESSAGE_IN_QUEUE, topic=RMQ_SYS_TRANS_HALF_TOPIC, groupId=CID_RMQ_SYS_TRANS, requestOffset=0
2026-06-10 17:47:37 WARN TransactionalMessageCheckService - No new message. GetMessageStatus=NO_MESSAGE_IN_QUEUE, topic=RMQ_SYS_TRANS_OP_HALF_TOPIC, groupId=CID_RMQ_SYS_TRANS, requestOffset=0
2026-06-10 17:47:37 INFO TransactionalMessageCheckService - After check, MessageQueue [topic=RMQ_SYS_TRANS_HALF_TOPIC, brokerName=broker-a, queueId=0] opOffset=0 opOffsetDiff=0 msgOffset=0 msgOffsetDiff=0 msgTime=Wed Jun 10 09:47:37 UTC 2026 msgTimeDelayInMs=0 putInQueueCount=0
2026-06-10 17:47:37 INFO TransactionalMessageCheckService - End to check prepare message, consumed time:1
2026-06-10 17:48:07 INFO TransactionalMessageCheckService - Begin to check prepare message, begin time:1781084887522
2026-06-10 17:48:07 INFO TransactionalMessageCheckService - Before check, the queue=MessageQueue [topic=RMQ_SYS_TRANS_HALF_TOPIC, brokerName=broker-a, queueId=0] msgOffset=0 opOffset=0
2026-06-10 17:48:07 WARN TransactionalMessageCheckService - No new message. GetMessageStatus=NO_MESSAGE_IN_QUEUE, topic=RMQ_SYS_TRANS_OP_HALF_TOPIC, groupId=CID_RMQ_SYS_TRANS, requestOffset=0
2026-06-10 17:48:07 WARN TransactionalMessageCheckService - The miss op offset=0 in queue=MessageQueue [topic=RMQ_SYS_TRANS_OP_HALF_TOPIC, brokerName=broker-a, queueId=0] is NO_NEW_MSG, pullResult=PullResult [pullStatus=NO_NEW_MSG, nextBeginOffset=0, minOffset=0, maxOffset=0, msgFoundList=0]
2026-06-10 17:48:07 WARN TransactionalMessageCheckService - No new message. GetMessageStatus=NO_MESSAGE_IN_QUEUE, topic=RMQ_SYS_TRANS_HALF_TOPIC, groupId=CID_RMQ_SYS_TRANS, requestOffset=0
2026-06-10 17:48:07 WARN TransactionalMessageCheckService - No new message. GetMessageStatus=NO_MESSAGE_IN_QUEUE, topic=RMQ_SYS_TRANS_HALF_TOPIC, groupId=CID_RMQ_SYS_TRANS, requestOffset=0
2026-06-10 17:48:07 WARN TransactionalMessageCheckService - No new message. GetMessageStatus=NO_MESSAGE_IN_QUEUE, topic=RMQ_SYS_TRANS_OP_HALF_TOPIC, groupId=CID_RMQ_SYS_TRANS, requestOffset=0
2026-06-10 17:48:07 INFO TransactionalMessageCheckService - After check, MessageQueue [topic=RMQ_SYS_TRANS_HALF_TOPIC, brokerName=broker-a, queueId=0] opOffset=0 opOffsetDiff=0 msgOffset=0 msgOffsetDiff=0 msgTime=Wed Jun 10 09:48:07 UTC 2026 msgTimeDelayInMs=0 putInQueueCount=0
2026-06-10 17:48:07 INFO TransactionalMessageCheckService - End to check prepare message, consumed time:0
2026-06-10 17:48:37 INFO TransactionalMessageCheckService - Begin to check prepare message, begin time:1781084917522
2026-06-10 17:48:37 INFO TransactionalMessageCheckService - Before check, the queue=MessageQueue [topic=RMQ_SYS_TRANS_HALF_TOPIC, brokerName=broker-a, queueId=0] msgOffset=0 opOffset=0
2026-06-10 17:48:37 WARN TransactionalMessageCheckService - No new message. GetMessageStatus=NO_MESSAGE_IN_QUEUE, topic=RMQ_SYS_TRANS_OP_HALF_TOPIC, groupId=CID_RMQ_SYS_TRANS, requestOffset=0
2026-06-10 17:48:37 WARN TransactionalMessageCheckService - The miss op offset=0 in queue=MessageQueue [topic=RMQ_SYS_TRANS_OP_HALF_TOPIC, brokerName=broker-a, queueId=0] is NO_NEW_MSG, pullResult=PullResult [pullStatus=NO_NEW_MSG, nextBeginOffset=0, minOffset=0, maxOffset=0, msgFoundList=0]
2026-06-10 17:48:37 WARN TransactionalMessageCheckService - No new message. GetMessageStatus=NO_MESSAGE_IN_QUEUE, topic=RMQ_SYS_TRANS_HALF_TOPIC, groupId=CID_RMQ_SYS_TRANS, requestOffset=0
2026-06-10 17:48:37 WARN TransactionalMessageCheckService - No new message. GetMessageStatus=NO_MESSAGE_IN_QUEUE, topic=RMQ_SYS_TRANS_HALF_TOPIC, groupId=CID_RMQ_SYS_TRANS, requestOffset=0
2026-06-10 17:48:37 WARN TransactionalMessageCheckService - No new message. GetMessageStatus=NO_MESSAGE_IN_QUEUE, topic=RMQ_SYS_TRANS_OP_HALF_TOPIC, groupId=CID_RMQ_SYS_TRANS, requestOffset=0
2026-06-10 17:48:37 INFO TransactionalMessageCheckService - After check, MessageQueue [topic=RMQ_SYS_TRANS_HALF_TOPIC, brokerName=broker-a, queueId=0] opOffset=0 opOffsetDiff=0 msgOffset=0 msgOffsetDiff=0 msgTime=Wed Jun 10 09:48:37 UTC 2026 msgTimeDelayInMs=0 putInQueueCount=0
2026-06-10 17:48:37 INFO TransactionalMessageCheckService - End to check prepare message, consumed time:0
2026-06-10 17:49:07 INFO TransactionalMessageCheckService - Begin to check prepare message, begin time:1781084947523
2026-06-10 17:49:07 INFO TransactionalMessageCheckService - Before check, the queue=MessageQueue [topic=RMQ_SYS_TRANS_HALF_TOPIC, brokerName=broker-a, queueId=0] msgOffset=0 opOffset=0
2026-06-10 17:49:07 WARN TransactionalMessageCheckService - No new message. GetMessageStatus=NO_MESSAGE_IN_QUEUE, topic=RMQ_SYS_TRANS_OP_HALF_TOPIC, groupId=CID_RMQ_SYS_TRANS, requestOffset=0
2026-06-10 17:49:07 WARN TransactionalMessageCheckService - The miss op offset=0 in queue=MessageQueue [topic=RMQ_SYS_TRANS_OP_HALF_TOPIC, brokerName=broker-a, queueId=0] is NO_NEW_MSG, pullResult=PullResult [pullStatus=NO_NEW_MSG, nextBeginOffset=0, minOffset=0, maxOffset=0, msgFoundList=0]
2026-06-10 17:49:07 WARN TransactionalMessageCheckService - No new message. GetMessageStatus=NO_MESSAGE_IN_QUEUE, topic=RMQ_SYS_TRANS_HALF_TOPIC, groupId=CID_RMQ_SYS_TRANS, requestOffset=0
2026-06-10 17:49:07 WARN TransactionalMessageCheckService - No new message. GetMessageStatus=NO_MESSAGE_IN_QUEUE, topic=RMQ_SYS_TRANS_HALF_TOPIC, groupId=CID_RMQ_SYS_TRANS, requestOffset=0
2026-06-10 17:49:07 WARN TransactionalMessageCheckService - No new message. GetMessageStatus=NO_MESSAGE_IN_QUEUE, topic=RMQ_SYS_TRANS_OP_HALF_TOPIC, groupId=CID_RMQ_SYS_TRANS, requestOffset=0
2026-06-10 17:49:07 INFO TransactionalMessageCheckService - After check, MessageQueue [topic=RMQ_SYS_TRANS_HALF_TOPIC, brokerName=broker-a, queueId=0] opOffset=0 opOffsetDiff=0 msgOffset=0 msgOffsetDiff=0 msgTime=Wed Jun 10 09:49:07 UTC 2026 msgTimeDelayInMs=0 putInQueueCount=0
2026-06-10 17:49:07 INFO TransactionalMessageCheckService - End to check prepare message, consumed time:0
2026-06-10 17:49:37 INFO TransactionalMessageCheckService - Begin to check prepare message, begin time:1781084977523
2026-06-10 17:49:37 INFO TransactionalMessageCheckService - Before check, the queue=MessageQueue [topic=RMQ_SYS_TRANS_HALF_TOPIC, brokerName=broker-a, queueId=0] msgOffset=0 opOffset=0
2026-06-10 17:49:37 WARN TransactionalMessageCheckService - No new message. GetMessageStatus=NO_MESSAGE_IN_QUEUE, topic=RMQ_SYS_TRANS_OP_HALF_TOPIC, groupId=CID_RMQ_SYS_TRANS, requestOffset=0
2026-06-10 17:49:37 WARN TransactionalMessageCheckService - The miss op offset=0 in queue=MessageQueue [topic=RMQ_SYS_TRANS_OP_HALF_TOPIC, brokerName=broker-a, queueId=0] is NO_NEW_MSG, pullResult=PullResult [pullStatus=NO_NEW_MSG, nextBeginOffset=0, minOffset=0, maxOffset=0, msgFoundList=0]
2026-06-10 17:49:37 WARN TransactionalMessageCheckService - No new message. GetMessageStatus=NO_MESSAGE_IN_QUEUE, topic=RMQ_SYS_TRANS_HALF_TOPIC, groupId=CID_RMQ_SYS_TRANS, requestOffset=0
2026-06-10 17:49:37 WARN TransactionalMessageCheckService - No new message. GetMessageStatus=NO_MESSAGE_IN_QUEUE, topic=RMQ_SYS_TRANS_HALF_TOPIC, groupId=CID_RMQ_SYS_TRANS, requestOffset=0
2026-06-10 17:49:37 WARN TransactionalMessageCheckService - No new message. GetMessageStatus=NO_MESSAGE_IN_QUEUE, topic=RMQ_SYS_TRANS_OP_HALF_TOPIC, groupId=CID_RMQ_SYS_TRANS, requestOffset=0
2026-06-10 17:49:37 INFO TransactionalMessageCheckService - After check, MessageQueue [topic=RMQ_SYS_TRANS_HALF_TOPIC, brokerName=broker-a, queueId=0] opOffset=0 opOffsetDiff=0 msgOffset=0 msgOffsetDiff=0 msgTime=Wed Jun 10 09:49:37 UTC 2026 msgTimeDelayInMs=0 putInQueueCount=0
2026-06-10 17:49:37 INFO TransactionalMessageCheckService - End to check prepare message, consumed time:0
2026-06-10 17:50:07 INFO TransactionalMessageCheckService - Begin to check prepare message, begin time:1781085007523
2026-06-10 17:50:07 INFO TransactionalMessageCheckService - Before check, the queue=MessageQueue [topic=RMQ_SYS_TRANS_HALF_TOPIC, brokerName=broker-a, queueId=0] msgOffset=0 opOffset=0
2026-06-10 17:50:07 WARN TransactionalMessageCheckService - No new message. GetMessageStatus=NO_MESSAGE_IN_QUEUE, topic=RMQ_SYS_TRANS_OP_HALF_TOPIC, groupId=CID_RMQ_SYS_TRANS, requestOffset=0
2026-06-10 17:50:07 WARN TransactionalMessageCheckService - The miss op offset=0 in queue=MessageQueue [topic=RMQ_SYS_TRANS_OP_HALF_TOPIC, brokerName=broker-a, queueId=0] is NO_NEW_MSG, pullResult=PullResult [pullStatus=NO_NEW_MSG, nextBeginOffset=0, minOffset=0, maxOffset=0, msgFoundList=0]
2026-06-10 17:50:07 WARN TransactionalMessageCheckService - No new message. GetMessageStatus=NO_MESSAGE_IN_QUEUE, topic=RMQ_SYS_TRANS_HALF_TOPIC, groupId=CID_RMQ_SYS_TRANS, requestOffset=0
2026-06-10 17:50:07 WARN TransactionalMessageCheckService - No new message. GetMessageStatus=NO_MESSAGE_IN_QUEUE, topic=RMQ_SYS_TRANS_HALF_TOPIC, groupId=CID_RMQ_SYS_TRANS, requestOffset=0
2026-06-10 17:50:07 WARN TransactionalMessageCheckService - No new message. GetMessageStatus=NO_MESSAGE_IN_QUEUE, topic=RMQ_SYS_TRANS_OP_HALF_TOPIC, groupId=CID_RMQ_SYS_TRANS, requestOffset=0
2026-06-10 17:50:07 INFO TransactionalMessageCheckService - After check, MessageQueue [topic=RMQ_SYS_TRANS_HALF_TOPIC, brokerName=broker-a, queueId=0] opOffset=0 opOffsetDiff=0 msgOffset=0 msgOffsetDiff=0 msgTime=Wed Jun 10 09:50:07 UTC 2026 msgTimeDelayInMs=0 putInQueueCount=0
2026-06-10 17:50:07 INFO TransactionalMessageCheckService - End to check prepare message, consumed time:1
2026-06-10 17:50:37 INFO TransactionalMessageCheckService - Begin to check prepare message, begin time:1781085037524
2026-06-10 17:50:37 INFO TransactionalMessageCheckService - Before check, the queue=MessageQueue [topic=RMQ_SYS_TRANS_HALF_TOPIC, brokerName=broker-a, queueId=0] msgOffset=0 opOffset=0
2026-06-10 17:50:37 WARN TransactionalMessageCheckService - No new message. GetMessageStatus=NO_MESSAGE_IN_QUEUE, topic=RMQ_SYS_TRANS_OP_HALF_TOPIC, groupId=CID_RMQ_SYS_TRANS, requestOffset=0
2026-06-10 17:50:37 WARN TransactionalMessageCheckService - The miss op offset=0 in queue=MessageQueue [topic=RMQ_SYS_TRANS_OP_HALF_TOPIC, brokerName=broker-a, queueId=0] is NO_NEW_MSG, pullResult=PullResult [pullStatus=NO_NEW_MSG, nextBeginOffset=0, minOffset=0, maxOffset=0, msgFoundList=0]
2026-06-10 17:50:37 WARN TransactionalMessageCheckService - No new message. GetMessageStatus=NO_MESSAGE_IN_QUEUE, topic=RMQ_SYS_TRANS_HALF_TOPIC, groupId=CID_RMQ_SYS_TRANS, requestOffset=0
2026-06-10 17:50:37 WARN TransactionalMessageCheckService - No new message. GetMessageStatus=NO_MESSAGE_IN_QUEUE, topic=RMQ_SYS_TRANS_HALF_TOPIC, groupId=CID_RMQ_SYS_TRANS, requestOffset=0
2026-06-10 17:50:37 WARN TransactionalMessageCheckService - No new message. GetMessageStatus=NO_MESSAGE_IN_QUEUE, topic=RMQ_SYS_TRANS_OP_HALF_TOPIC, groupId=CID_RMQ_SYS_TRANS, requestOffset=0
2026-06-10 17:50:37 INFO TransactionalMessageCheckService - After check, MessageQueue [topic=RMQ_SYS_TRANS_HALF_TOPIC, brokerName=broker-a, queueId=0] opOffset=0 opOffsetDiff=0 msgOffset=0 msgOffsetDiff=0 msgTime=Wed Jun 10 09:50:37 UTC 2026 msgTimeDelayInMs=0 putInQueueCount=0
2026-06-10 17:50:37 INFO TransactionalMessageCheckService - End to check prepare message, consumed time:0
2026-06-10 17:51:07 INFO TransactionalMessageCheckService - Begin to check prepare message, begin time:1781085067524
2026-06-10 17:51:07 INFO TransactionalMessageCheckService - Before check, the queue=MessageQueue [topic=RMQ_SYS_TRANS_HALF_TOPIC, brokerName=broker-a, queueId=0] msgOffset=0 opOffset=0
2026-06-10 17:51:07 WARN TransactionalMessageCheckService - No new message. GetMessageStatus=NO_MESSAGE_IN_QUEUE, topic=RMQ_SYS_TRANS_OP_HALF_TOPIC, groupId=CID_RMQ_SYS_TRANS, requestOffset=0
2026-06-10 17:51:07 WARN TransactionalMessageCheckService - The miss op offset=0 in queue=MessageQueue [topic=RMQ_SYS_TRANS_OP_HALF_TOPIC, brokerName=broker-a, queueId=0] is NO_NEW_MSG, pullResult=PullResult [pullStatus=NO_NEW_MSG, nextBeginOffset=0, minOffset=0, maxOffset=0, msgFoundList=0]
2026-06-10 17:51:07 WARN TransactionalMessageCheckService - No new message. GetMessageStatus=NO_MESSAGE_IN_QUEUE, topic=RMQ_SYS_TRANS_HALF_TOPIC, groupId=CID_RMQ_SYS_TRANS, requestOffset=0
2026-06-10 17:51:07 WARN TransactionalMessageCheckService - No new message. GetMessageStatus=NO_MESSAGE_IN_QUEUE, topic=RMQ_SYS_TRANS_HALF_TOPIC, groupId=CID_RMQ_SYS_TRANS, requestOffset=0
2026-06-10 17:51:07 WARN TransactionalMessageCheckService - No new message. GetMessageStatus=NO_MESSAGE_IN_QUEUE, topic=RMQ_SYS_TRANS_OP_HALF_TOPIC, groupId=CID_RMQ_SYS_TRANS, requestOffset=0
2026-06-10 17:51:07 INFO TransactionalMessageCheckService - After check, MessageQueue [topic=RMQ_SYS_TRANS_HALF_TOPIC, brokerName=broker-a, queueId=0] opOffset=0 opOffsetDiff=0 msgOffset=0 msgOffsetDiff=0 msgTime=Wed Jun 10 09:51:07 UTC 2026 msgTimeDelayInMs=0 putInQueueCount=0
2026-06-10 17:51:07 INFO TransactionalMessageCheckService - End to check prepare message, consumed time:0
2026-06-10 17:51:37 INFO TransactionalMessageCheckService - Begin to check prepare message, begin time:1781085097524
2026-06-10 17:51:37 INFO TransactionalMessageCheckService - Before check, the queue=MessageQueue [topic=RMQ_SYS_TRANS_HALF_TOPIC, brokerName=broker-a, queueId=0] msgOffset=0 opOffset=0
2026-06-10 17:51:37 WARN TransactionalMessageCheckService - No new message. GetMessageStatus=NO_MESSAGE_IN_QUEUE, topic=RMQ_SYS_TRANS_OP_HALF_TOPIC, groupId=CID_RMQ_SYS_TRANS, requestOffset=0
2026-06-10 17:51:37 WARN TransactionalMessageCheckService - The miss op offset=0 in queue=MessageQueue [topic=RMQ_SYS_TRANS_OP_HALF_TOPIC, brokerName=broker-a, queueId=0] is NO_NEW_MSG, pullResult=PullResult [pullStatus=NO_NEW_MSG, nextBeginOffset=0, minOffset=0, maxOffset=0, msgFoundList=0]
2026-06-10 17:51:37 WARN TransactionalMessageCheckService - No new message. GetMessageStatus=NO_MESSAGE_IN_QUEUE, topic=RMQ_SYS_TRANS_HALF_TOPIC, groupId=CID_RMQ_SYS_TRANS, requestOffset=0
2026-06-10 17:51:37 WARN TransactionalMessageCheckService - No new message. GetMessageStatus=NO_MESSAGE_IN_QUEUE, topic=RMQ_SYS_TRANS_HALF_TOPIC, groupId=CID_RMQ_SYS_TRANS, requestOffset=0
2026-06-10 17:51:37 WARN TransactionalMessageCheckService - No new message. GetMessageStatus=NO_MESSAGE_IN_QUEUE, topic=RMQ_SYS_TRANS_OP_HALF_TOPIC, groupId=CID_RMQ_SYS_TRANS, requestOffset=0
2026-06-10 17:51:37 INFO TransactionalMessageCheckService - After check, MessageQueue [topic=RMQ_SYS_TRANS_HALF_TOPIC, brokerName=broker-a, queueId=0] opOffset=0 opOffsetDiff=0 msgOffset=0 msgOffsetDiff=0 msgTime=Wed Jun 10 09:51:37 UTC 2026 msgTimeDelayInMs=0 putInQueueCount=0
2026-06-10 17:51:37 INFO TransactionalMessageCheckService - End to check prepare message, consumed time:1
2026-06-10 17:52:07 INFO TransactionalMessageCheckService - Begin to check prepare message, begin time:1781085127525
2026-06-10 17:52:07 INFO TransactionalMessageCheckService - Before check, the queue=MessageQueue [topic=RMQ_SYS_TRANS_HALF_TOPIC, brokerName=broker-a, queueId=0] msgOffset=0 opOffset=0
2026-06-10 17:52:07 WARN TransactionalMessageCheckService - No new message. GetMessageStatus=NO_MESSAGE_IN_QUEUE, topic=RMQ_SYS_TRANS_OP_HALF_TOPIC, groupId=CID_RMQ_SYS_TRANS, requestOffset=0
2026-06-10 17:52:07 WARN TransactionalMessageCheckService - The miss op offset=0 in queue=MessageQueue [topic=RMQ_SYS_TRANS_OP_HALF_TOPIC, brokerName=broker-a, queueId=0] is NO_NEW_MSG, pullResult=PullResult [pullStatus=NO_NEW_MSG, nextBeginOffset=0, minOffset=0, maxOffset=0, msgFoundList=0]
2026-06-10 17:52:07 WARN TransactionalMessageCheckService - No new message. GetMessageStatus=NO_MESSAGE_IN_QUEUE, topic=RMQ_SYS_TRANS_HALF_TOPIC, groupId=CID_RMQ_SYS_TRANS, requestOffset=0
2026-06-10 17:52:07 WARN TransactionalMessageCheckService - No new message. GetMessageStatus=NO_MESSAGE_IN_QUEUE, topic=RMQ_SYS_TRANS_HALF_TOPIC, groupId=CID_RMQ_SYS_TRANS, requestOffset=0
2026-06-10 17:52:07 WARN TransactionalMessageCheckService - No new message. GetMessageStatus=NO_MESSAGE_IN_QUEUE, topic=RMQ_SYS_TRANS_OP_HALF_TOPIC, groupId=CID_RMQ_SYS_TRANS, requestOffset=0
2026-06-10 17:52:07 INFO TransactionalMessageCheckService - After check, MessageQueue [topic=RMQ_SYS_TRANS_HALF_TOPIC, brokerName=broker-a, queueId=0] opOffset=0 opOffsetDiff=0 msgOffset=0 msgOffsetDiff=0 msgTime=Wed Jun 10 09:52:07 UTC 2026 msgTimeDelayInMs=0 putInQueueCount=0
2026-06-10 17:52:07 INFO TransactionalMessageCheckService - End to check prepare message, consumed time:0
2026-06-10 17:52:37 INFO TransactionalMessageCheckService - Begin to check prepare message, begin time:1781085157525
2026-06-10 17:52:37 INFO TransactionalMessageCheckService - Before check, the queue=MessageQueue [topic=RMQ_SYS_TRANS_HALF_TOPIC, brokerName=broker-a, queueId=0] msgOffset=0 opOffset=0
2026-06-10 17:52:37 WARN TransactionalMessageCheckService - No new message. GetMessageStatus=NO_MESSAGE_IN_QUEUE, topic=RMQ_SYS_TRANS_OP_HALF_TOPIC, groupId=CID_RMQ_SYS_TRANS, requestOffset=0
2026-06-10 17:52:37 WARN TransactionalMessageCheckService - The miss op offset=0 in queue=MessageQueue [topic=RMQ_SYS_TRANS_OP_HALF_TOPIC, brokerName=broker-a, queueId=0] is NO_NEW_MSG, pullResult=PullResult [pullStatus=NO_NEW_MSG, nextBeginOffset=0, minOffset=0, maxOffset=0, msgFoundList=0]
2026-06-10 17:52:37 WARN TransactionalMessageCheckService - No new message. GetMessageStatus=NO_MESSAGE_IN_QUEUE, topic=RMQ_SYS_TRANS_HALF_TOPIC, groupId=CID_RMQ_SYS_TRANS, requestOffset=0
2026-06-10 17:52:37 WARN TransactionalMessageCheckService - No new message. GetMessageStatus=NO_MESSAGE_IN_QUEUE, topic=RMQ_SYS_TRANS_HALF_TOPIC, groupId=CID_RMQ_SYS_TRANS, requestOffset=0
2026-06-10 17:52:37 WARN TransactionalMessageCheckService - No new message. GetMessageStatus=NO_MESSAGE_IN_QUEUE, topic=RMQ_SYS_TRANS_OP_HALF_TOPIC, groupId=CID_RMQ_SYS_TRANS, requestOffset=0
2026-06-10 17:52:37 INFO TransactionalMessageCheckService - After check, MessageQueue [topic=RMQ_SYS_TRANS_HALF_TOPIC, brokerName=broker-a, queueId=0] opOffset=0 opOffsetDiff=0 msgOffset=0 msgOffsetDiff=0 msgTime=Wed Jun 10 09:52:37 UTC 2026 msgTimeDelayInMs=0 putInQueueCount=0
2026-06-10 17:52:37 INFO TransactionalMessageCheckService - End to check prepare message, consumed time:0
2026-06-10 17:53:07 INFO TransactionalMessageCheckService - Begin to check prepare message, begin time:1781085187525
2026-06-10 17:53:07 INFO TransactionalMessageCheckService - Before check, the queue=MessageQueue [topic=RMQ_SYS_TRANS_HALF_TOPIC, brokerName=broker-a, queueId=0] msgOffset=0 opOffset=0
2026-06-10 17:53:07 WARN TransactionalMessageCheckService - No new message. GetMessageStatus=NO_MESSAGE_IN_QUEUE, topic=RMQ_SYS_TRANS_OP_HALF_TOPIC, groupId=CID_RMQ_SYS_TRANS, requestOffset=0
2026-06-10 17:53:07 WARN TransactionalMessageCheckService - The miss op offset=0 in queue=MessageQueue [topic=RMQ_SYS_TRANS_OP_HALF_TOPIC, brokerName=broker-a, queueId=0] is NO_NEW_MSG, pullResult=PullResult [pullStatus=NO_NEW_MSG, nextBeginOffset=0, minOffset=0, maxOffset=0, msgFoundList=0]
2026-06-10 17:53:07 WARN TransactionalMessageCheckService - No new message. GetMessageStatus=NO_MESSAGE_IN_QUEUE, topic=RMQ_SYS_TRANS_HALF_TOPIC, groupId=CID_RMQ_SYS_TRANS, requestOffset=0
2026-06-10 17:53:07 WARN TransactionalMessageCheckService - No new message. GetMessageStatus=NO_MESSAGE_IN_QUEUE, topic=RMQ_SYS_TRANS_HALF_TOPIC, groupId=CID_RMQ_SYS_TRANS, requestOffset=0
2026-06-10 17:53:07 WARN TransactionalMessageCheckService - No new message. GetMessageStatus=NO_MESSAGE_IN_QUEUE, topic=RMQ_SYS_TRANS_OP_HALF_TOPIC, groupId=CID_RMQ_SYS_TRANS, requestOffset=0
2026-06-10 17:53:07 INFO TransactionalMessageCheckService - After check, MessageQueue [topic=RMQ_SYS_TRANS_HALF_TOPIC, brokerName=broker-a, queueId=0] opOffset=0 opOffsetDiff=0 msgOffset=0 msgOffsetDiff=0 msgTime=Wed Jun 10 09:53:07 UTC 2026 msgTimeDelayInMs=0 putInQueueCount=0
2026-06-10 17:53:07 INFO TransactionalMessageCheckService - End to check prepare message, consumed time:1
2026-06-10 17:53:37 INFO TransactionalMessageCheckService - Begin to check prepare message, begin time:1781085217526
2026-06-10 17:53:37 INFO TransactionalMessageCheckService - Before check, the queue=MessageQueue [topic=RMQ_SYS_TRANS_HALF_TOPIC, brokerName=broker-a, queueId=0] msgOffset=0 opOffset=0
2026-06-10 17:53:37 WARN TransactionalMessageCheckService - No new message. GetMessageStatus=NO_MESSAGE_IN_QUEUE, topic=RMQ_SYS_TRANS_OP_HALF_TOPIC, groupId=CID_RMQ_SYS_TRANS, requestOffset=0
2026-06-10 17:53:37 WARN TransactionalMessageCheckService - The miss op offset=0 in queue=MessageQueue [topic=RMQ_SYS_TRANS_OP_HALF_TOPIC, brokerName=broker-a, queueId=0] is NO_NEW_MSG, pullResult=PullResult [pullStatus=NO_NEW_MSG, nextBeginOffset=0, minOffset=0, maxOffset=0, msgFoundList=0]
2026-06-10 17:53:37 WARN TransactionalMessageCheckService - No new message. GetMessageStatus=NO_MESSAGE_IN_QUEUE, topic=RMQ_SYS_TRANS_HALF_TOPIC, groupId=CID_RMQ_SYS_TRANS, requestOffset=0
2026-06-10 17:53:37 WARN TransactionalMessageCheckService - No new message. GetMessageStatus=NO_MESSAGE_IN_QUEUE, topic=RMQ_SYS_TRANS_HALF_TOPIC, groupId=CID_RMQ_SYS_TRANS, requestOffset=0
2026-06-10 17:53:37 WARN TransactionalMessageCheckService - No new message. GetMessageStatus=NO_MESSAGE_IN_QUEUE, topic=RMQ_SYS_TRANS_OP_HALF_TOPIC, groupId=CID_RMQ_SYS_TRANS, requestOffset=0
2026-06-10 17:53:37 INFO TransactionalMessageCheckService - After check, MessageQueue [topic=RMQ_SYS_TRANS_HALF_TOPIC, brokerName=broker-a, queueId=0] opOffset=0 opOffsetDiff=0 msgOffset=0 msgOffsetDiff=0 msgTime=Wed Jun 10 09:53:37 UTC 2026 msgTimeDelayInMs=0 putInQueueCount=0
2026-06-10 17:53:37 INFO TransactionalMessageCheckService - End to check prepare message, consumed time:0
2026-06-10 17:54:07 INFO TransactionalMessageCheckService - Begin to check prepare message, begin time:1781085247526
2026-06-10 17:54:07 INFO TransactionalMessageCheckService - Before check, the queue=MessageQueue [topic=RMQ_SYS_TRANS_HALF_TOPIC, brokerName=broker-a, queueId=0] msgOffset=0 opOffset=0
2026-06-10 17:54:07 WARN TransactionalMessageCheckService - No new message. GetMessageStatus=NO_MESSAGE_IN_QUEUE, topic=RMQ_SYS_TRANS_OP_HALF_TOPIC, groupId=CID_RMQ_SYS_TRANS, requestOffset=0
2026-06-10 17:54:07 WARN TransactionalMessageCheckService - The miss op offset=0 in queue=MessageQueue [topic=RMQ_SYS_TRANS_OP_HALF_TOPIC, brokerName=broker-a, queueId=0] is NO_NEW_MSG, pullResult=PullResult [pullStatus=NO_NEW_MSG, nextBeginOffset=0, minOffset=0, maxOffset=0, msgFoundList=0]
2026-06-10 17:54:07 WARN TransactionalMessageCheckService - No new message. GetMessageStatus=NO_MESSAGE_IN_QUEUE, topic=RMQ_SYS_TRANS_HALF_TOPIC, groupId=CID_RMQ_SYS_TRANS, requestOffset=0
2026-06-10 17:54:07 WARN TransactionalMessageCheckService - No new message. GetMessageStatus=NO_MESSAGE_IN_QUEUE, topic=RMQ_SYS_TRANS_HALF_TOPIC, groupId=CID_RMQ_SYS_TRANS, requestOffset=0
2026-06-10 17:54:07 WARN TransactionalMessageCheckService - No new message. GetMessageStatus=NO_MESSAGE_IN_QUEUE, topic=RMQ_SYS_TRANS_OP_HALF_TOPIC, groupId=CID_RMQ_SYS_TRANS, requestOffset=0
2026-06-10 17:54:07 INFO TransactionalMessageCheckService - After check, MessageQueue [topic=RMQ_SYS_TRANS_HALF_TOPIC, brokerName=broker-a, queueId=0] opOffset=0 opOffsetDiff=0 msgOffset=0 msgOffsetDiff=0 msgTime=Wed Jun 10 09:54:07 UTC 2026 msgTimeDelayInMs=0 putInQueueCount=0
2026-06-10 17:54:07 INFO TransactionalMessageCheckService - End to check prepare message, consumed time:1
2026-06-10 17:54:37 INFO TransactionalMessageCheckService - Begin to check prepare message, begin time:1781085277527
2026-06-10 17:54:37 INFO TransactionalMessageCheckService - Before check, the queue=MessageQueue [topic=RMQ_SYS_TRANS_HALF_TOPIC, brokerName=broker-a, queueId=0] msgOffset=0 opOffset=0
2026-06-10 17:54:37 WARN TransactionalMessageCheckService - No new message. GetMessageStatus=NO_MESSAGE_IN_QUEUE, topic=RMQ_SYS_TRANS_OP_HALF_TOPIC, groupId=CID_RMQ_SYS_TRANS, requestOffset=0
2026-06-10 17:54:37 WARN TransactionalMessageCheckService - The miss op offset=0 in queue=MessageQueue [topic=RMQ_SYS_TRANS_OP_HALF_TOPIC, brokerName=broker-a, queueId=0] is NO_NEW_MSG, pullResult=PullResult [pullStatus=NO_NEW_MSG, nextBeginOffset=0, minOffset=0, maxOffset=0, msgFoundList=0]
2026-06-10 17:54:37 WARN TransactionalMessageCheckService - No new message. GetMessageStatus=NO_MESSAGE_IN_QUEUE, topic=RMQ_SYS_TRANS_HALF_TOPIC, groupId=CID_RMQ_SYS_TRANS, requestOffset=0
2026-06-10 17:54:37 WARN TransactionalMessageCheckService - No new message. GetMessageStatus=NO_MESSAGE_IN_QUEUE, topic=RMQ_SYS_TRANS_HALF_TOPIC, groupId=CID_RMQ_SYS_TRANS, requestOffset=0
2026-06-10 17:54:37 WARN TransactionalMessageCheckService - No new message. GetMessageStatus=NO_MESSAGE_IN_QUEUE, topic=RMQ_SYS_TRANS_OP_HALF_TOPIC, groupId=CID_RMQ_SYS_TRANS, requestOffset=0
2026-06-10 17:54:37 INFO TransactionalMessageCheckService - After check, MessageQueue [topic=RMQ_SYS_TRANS_HALF_TOPIC, brokerName=broker-a, queueId=0] opOffset=0 opOffsetDiff=0 msgOffset=0 msgOffsetDiff=0 msgTime=Wed Jun 10 09:54:37 UTC 2026 msgTimeDelayInMs=0 putInQueueCount=0
2026-06-10 17:54:37 INFO TransactionalMessageCheckService - End to check prepare message, consumed time:0
2026-06-10 17:55:07 INFO TransactionalMessageCheckService - Begin to check prepare message, begin time:1781085307527
2026-06-10 17:55:07 INFO TransactionalMessageCheckService - Before check, the queue=MessageQueue [topic=RMQ_SYS_TRANS_HALF_TOPIC, brokerName=broker-a, queueId=0] msgOffset=0 opOffset=0
2026-06-10 17:55:07 WARN TransactionalMessageCheckService - No new message. GetMessageStatus=NO_MESSAGE_IN_QUEUE, topic=RMQ_SYS_TRANS_OP_HALF_TOPIC, groupId=CID_RMQ_SYS_TRANS, requestOffset=0
2026-06-10 17:55:07 WARN TransactionalMessageCheckService - The miss op offset=0 in queue=MessageQueue [topic=RMQ_SYS_TRANS_OP_HALF_TOPIC, brokerName=broker-a, queueId=0] is NO_NEW_MSG, pullResult=PullResult [pullStatus=NO_NEW_MSG, nextBeginOffset=0, minOffset=0, maxOffset=0, msgFoundList=0]
2026-06-10 17:55:07 WARN TransactionalMessageCheckService - No new message. GetMessageStatus=NO_MESSAGE_IN_QUEUE, topic=RMQ_SYS_TRANS_HALF_TOPIC, groupId=CID_RMQ_SYS_TRANS, requestOffset=0
2026-06-10 17:55:07 WARN TransactionalMessageCheckService - No new message. GetMessageStatus=NO_MESSAGE_IN_QUEUE, topic=RMQ_SYS_TRANS_HALF_TOPIC, groupId=CID_RMQ_SYS_TRANS, requestOffset=0
2026-06-10 17:55:07 WARN TransactionalMessageCheckService - No new message. GetMessageStatus=NO_MESSAGE_IN_QUEUE, topic=RMQ_SYS_TRANS_OP_HALF_TOPIC, groupId=CID_RMQ_SYS_TRANS, requestOffset=0
2026-06-10 17:55:07 INFO TransactionalMessageCheckService - After check, MessageQueue [topic=RMQ_SYS_TRANS_HALF_TOPIC, brokerName=broker-a, queueId=0] opOffset=0 opOffsetDiff=0 msgOffset=0 msgOffsetDiff=0 msgTime=Wed Jun 10 09:55:07 UTC 2026 msgTimeDelayInMs=0 putInQueueCount=0
2026-06-10 17:55:07 INFO TransactionalMessageCheckService - End to check prepare message, consumed time:0
2026-06-10 17:55:37 INFO TransactionalMessageCheckService - Begin to check prepare message, begin time:1781085337527
2026-06-10 17:55:37 INFO TransactionalMessageCheckService - Before check, the queue=MessageQueue [topic=RMQ_SYS_TRANS_HALF_TOPIC, brokerName=broker-a, queueId=0] msgOffset=0 opOffset=0
2026-06-10 17:55:37 WARN TransactionalMessageCheckService - No new message. GetMessageStatus=NO_MESSAGE_IN_QUEUE, topic=RMQ_SYS_TRANS_OP_HALF_TOPIC, groupId=CID_RMQ_SYS_TRANS, requestOffset=0
2026-06-10 17:55:37 WARN TransactionalMessageCheckService - The miss op offset=0 in queue=MessageQueue [topic=RMQ_SYS_TRANS_OP_HALF_TOPIC, brokerName=broker-a, queueId=0] is NO_NEW_MSG, pullResult=PullResult [pullStatus=NO_NEW_MSG, nextBeginOffset=0, minOffset=0, maxOffset=0, msgFoundList=0]
2026-06-10 17:55:37 WARN TransactionalMessageCheckService - No new message. GetMessageStatus=NO_MESSAGE_IN_QUEUE, topic=RMQ_SYS_TRANS_HALF_TOPIC, groupId=CID_RMQ_SYS_TRANS, requestOffset=0
2026-06-10 17:55:37 WARN TransactionalMessageCheckService - No new message. GetMessageStatus=NO_MESSAGE_IN_QUEUE, topic=RMQ_SYS_TRANS_HALF_TOPIC, groupId=CID_RMQ_SYS_TRANS, requestOffset=0
2026-06-10 17:55:37 WARN TransactionalMessageCheckService - No new message. GetMessageStatus=NO_MESSAGE_IN_QUEUE, topic=RMQ_SYS_TRANS_OP_HALF_TOPIC, groupId=CID_RMQ_SYS_TRANS, requestOffset=0
2026-06-10 17:55:37 INFO TransactionalMessageCheckService - After check, MessageQueue [topic=RMQ_SYS_TRANS_HALF_TOPIC, brokerName=broker-a, queueId=0] opOffset=0 opOffsetDiff=0 msgOffset=0 msgOffsetDiff=0 msgTime=Wed Jun 10 09:55:37 UTC 2026 msgTimeDelayInMs=0 putInQueueCount=0
2026-06-10 17:55:37 INFO TransactionalMessageCheckService - End to check prepare message, consumed time:0
2026-06-10 17:56:07 INFO TransactionalMessageCheckService - Begin to check prepare message, begin time:1781085367528
2026-06-10 17:56:07 INFO TransactionalMessageCheckService - Before check, the queue=MessageQueue [topic=RMQ_SYS_TRANS_HALF_TOPIC, brokerName=broker-a, queueId=0] msgOffset=0 opOffset=0
2026-06-10 17:56:07 WARN TransactionalMessageCheckService - No new message. GetMessageStatus=NO_MESSAGE_IN_QUEUE, topic=RMQ_SYS_TRANS_OP_HALF_TOPIC, groupId=CID_RMQ_SYS_TRANS, requestOffset=0
2026-06-10 17:56:07 WARN TransactionalMessageCheckService - The miss op offset=0 in queue=MessageQueue [topic=RMQ_SYS_TRANS_OP_HALF_TOPIC, brokerName=broker-a, queueId=0] is NO_NEW_MSG, pullResult=PullResult [pullStatus=NO_NEW_MSG, nextBeginOffset=0, minOffset=0, maxOffset=0, msgFoundList=0]
2026-06-10 17:56:07 WARN TransactionalMessageCheckService - No new message. GetMessageStatus=NO_MESSAGE_IN_QUEUE, topic=RMQ_SYS_TRANS_HALF_TOPIC, groupId=CID_RMQ_SYS_TRANS, requestOffset=0
2026-06-10 17:56:07 WARN TransactionalMessageCheckService - No new message. GetMessageStatus=NO_MESSAGE_IN_QUEUE, topic=RMQ_SYS_TRANS_HALF_TOPIC, groupId=CID_RMQ_SYS_TRANS, requestOffset=0
2026-06-10 17:56:07 WARN TransactionalMessageCheckService - No new message. GetMessageStatus=NO_MESSAGE_IN_QUEUE, topic=RMQ_SYS_TRANS_OP_HALF_TOPIC, groupId=CID_RMQ_SYS_TRANS, requestOffset=0
2026-06-10 17:56:07 INFO TransactionalMessageCheckService - After check, MessageQueue [topic=RMQ_SYS_TRANS_HALF_TOPIC, brokerName=broker-a, queueId=0] opOffset=0 opOffsetDiff=0 msgOffset=0 msgOffsetDiff=0 msgTime=Wed Jun 10 09:56:07 UTC 2026 msgTimeDelayInMs=0 putInQueueCount=0
2026-06-10 17:56:07 INFO TransactionalMessageCheckService - End to check prepare message, consumed time:0
2026-06-10 17:56:37 INFO TransactionalMessageCheckService - Begin to check prepare message, begin time:1781085397528
2026-06-10 17:56:37 INFO TransactionalMessageCheckService - Before check, the queue=MessageQueue [topic=RMQ_SYS_TRANS_HALF_TOPIC, brokerName=broker-a, queueId=0] msgOffset=0 opOffset=0
2026-06-10 17:56:37 WARN TransactionalMessageCheckService - No new message. GetMessageStatus=NO_MESSAGE_IN_QUEUE, topic=RMQ_SYS_TRANS_OP_HALF_TOPIC, groupId=CID_RMQ_SYS_TRANS, requestOffset=0
2026-06-10 17:56:37 WARN TransactionalMessageCheckService - The miss op offset=0 in queue=MessageQueue [topic=RMQ_SYS_TRANS_OP_HALF_TOPIC, brokerName=broker-a, queueId=0] is NO_NEW_MSG, pullResult=PullResult [pullStatus=NO_NEW_MSG, nextBeginOffset=0, minOffset=0, maxOffset=0, msgFoundList=0]
2026-06-10 17:56:37 WARN TransactionalMessageCheckService - No new message. GetMessageStatus=NO_MESSAGE_IN_QUEUE, topic=RMQ_SYS_TRANS_HALF_TOPIC, groupId=CID_RMQ_SYS_TRANS, requestOffset=0
2026-06-10 17:56:37 WARN TransactionalMessageCheckService - No new message. GetMessageStatus=NO_MESSAGE_IN_QUEUE, topic=RMQ_SYS_TRANS_HALF_TOPIC, groupId=CID_RMQ_SYS_TRANS, requestOffset=0
2026-06-10 17:56:37 WARN TransactionalMessageCheckService - No new message. GetMessageStatus=NO_MESSAGE_IN_QUEUE, topic=RMQ_SYS_TRANS_OP_HALF_TOPIC, groupId=CID_RMQ_SYS_TRANS, requestOffset=0
2026-06-10 17:56:37 INFO TransactionalMessageCheckService - After check, MessageQueue [topic=RMQ_SYS_TRANS_HALF_TOPIC, brokerName=broker-a, queueId=0] opOffset=0 opOffsetDiff=0 msgOffset=0 msgOffsetDiff=0 msgTime=Wed Jun 10 09:56:37 UTC 2026 msgTimeDelayInMs=0 putInQueueCount=0
2026-06-10 17:56:37 INFO TransactionalMessageCheckService - End to check prepare message, consumed time:0
2026-06-10 17:57:07 INFO TransactionalMessageCheckService - Begin to check prepare message, begin time:1781085427531
2026-06-10 17:57:07 INFO TransactionalMessageCheckService - Before check, the queue=MessageQueue [topic=RMQ_SYS_TRANS_HALF_TOPIC, brokerName=broker-a, queueId=0] msgOffset=0 opOffset=0
2026-06-10 17:57:07 WARN TransactionalMessageCheckService - No new message. GetMessageStatus=NO_MESSAGE_IN_QUEUE, topic=RMQ_SYS_TRANS_OP_HALF_TOPIC, groupId=CID_RMQ_SYS_TRANS, requestOffset=0
2026-06-10 17:57:07 WARN TransactionalMessageCheckService - The miss op offset=0 in queue=MessageQueue [topic=RMQ_SYS_TRANS_OP_HALF_TOPIC, brokerName=broker-a, queueId=0] is NO_NEW_MSG, pullResult=PullResult [pullStatus=NO_NEW_MSG, nextBeginOffset=0, minOffset=0, maxOffset=0, msgFoundList=0]
2026-06-10 17:57:07 WARN TransactionalMessageCheckService - No new message. GetMessageStatus=NO_MESSAGE_IN_QUEUE, topic=RMQ_SYS_TRANS_HALF_TOPIC, groupId=CID_RMQ_SYS_TRANS, requestOffset=0
2026-06-10 17:57:07 WARN TransactionalMessageCheckService - No new message. GetMessageStatus=NO_MESSAGE_IN_QUEUE, topic=RMQ_SYS_TRANS_HALF_TOPIC, groupId=CID_RMQ_SYS_TRANS, requestOffset=0
2026-06-10 17:57:07 WARN TransactionalMessageCheckService - No new message. GetMessageStatus=NO_MESSAGE_IN_QUEUE, topic=RMQ_SYS_TRANS_OP_HALF_TOPIC, groupId=CID_RMQ_SYS_TRANS, requestOffset=0
2026-06-10 17:57:07 INFO TransactionalMessageCheckService - After check, MessageQueue [topic=RMQ_SYS_TRANS_HALF_TOPIC, brokerName=broker-a, queueId=0] opOffset=0 opOffsetDiff=0 msgOffset=0 msgOffsetDiff=0 msgTime=Wed Jun 10 09:57:07 UTC 2026 msgTimeDelayInMs=0 putInQueueCount=0
2026-06-10 17:57:07 INFO TransactionalMessageCheckService - End to check prepare message, consumed time:1
2026-06-10 17:57:37 INFO TransactionalMessageCheckService - Begin to check prepare message, begin time:1781085457532
2026-06-10 17:57:37 INFO TransactionalMessageCheckService - Before check, the queue=MessageQueue [topic=RMQ_SYS_TRANS_HALF_TOPIC, brokerName=broker-a, queueId=0] msgOffset=0 opOffset=0
2026-06-10 17:57:37 WARN TransactionalMessageCheckService - No new message. GetMessageStatus=NO_MESSAGE_IN_QUEUE, topic=RMQ_SYS_TRANS_OP_HALF_TOPIC, groupId=CID_RMQ_SYS_TRANS, requestOffset=0
2026-06-10 17:57:37 WARN TransactionalMessageCheckService - The miss op offset=0 in queue=MessageQueue [topic=RMQ_SYS_TRANS_OP_HALF_TOPIC, brokerName=broker-a, queueId=0] is NO_NEW_MSG, pullResult=PullResult [pullStatus=NO_NEW_MSG, nextBeginOffset=0, minOffset=0, maxOffset=0, msgFoundList=0]
2026-06-10 17:57:37 WARN TransactionalMessageCheckService - No new message. GetMessageStatus=NO_MESSAGE_IN_QUEUE, topic=RMQ_SYS_TRANS_HALF_TOPIC, groupId=CID_RMQ_SYS_TRANS, requestOffset=0
2026-06-10 17:57:37 WARN TransactionalMessageCheckService - No new message. GetMessageStatus=NO_MESSAGE_IN_QUEUE, topic=RMQ_SYS_TRANS_HALF_TOPIC, groupId=CID_RMQ_SYS_TRANS, requestOffset=0
2026-06-10 17:57:37 WARN TransactionalMessageCheckService - No new message. GetMessageStatus=NO_MESSAGE_IN_QUEUE, topic=RMQ_SYS_TRANS_OP_HALF_TOPIC, groupId=CID_RMQ_SYS_TRANS, requestOffset=0
2026-06-10 17:57:37 INFO TransactionalMessageCheckService - After check, MessageQueue [topic=RMQ_SYS_TRANS_HALF_TOPIC, brokerName=broker-a, queueId=0] opOffset=0 opOffsetDiff=0 msgOffset=0 msgOffsetDiff=0 msgTime=Wed Jun 10 09:57:37 UTC 2026 msgTimeDelayInMs=0 putInQueueCount=0
2026-06-10 17:57:37 INFO TransactionalMessageCheckService - End to check prepare message, consumed time:1
2026-06-10 17:58:07 INFO TransactionalMessageCheckService - Begin to check prepare message, begin time:1781085487533
2026-06-10 17:58:07 INFO TransactionalMessageCheckService - Before check, the queue=MessageQueue [topic=RMQ_SYS_TRANS_HALF_TOPIC, brokerName=broker-a, queueId=0] msgOffset=0 opOffset=0
2026-06-10 17:58:07 WARN TransactionalMessageCheckService - No new message. GetMessageStatus=NO_MESSAGE_IN_QUEUE, topic=RMQ_SYS_TRANS_OP_HALF_TOPIC, groupId=CID_RMQ_SYS_TRANS, requestOffset=0
2026-06-10 17:58:07 WARN TransactionalMessageCheckService - The miss op offset=0 in queue=MessageQueue [topic=RMQ_SYS_TRANS_OP_HALF_TOPIC, brokerName=broker-a, queueId=0] is NO_NEW_MSG, pullResult=PullResult [pullStatus=NO_NEW_MSG, nextBeginOffset=0, minOffset=0, maxOffset=0, msgFoundList=0]
2026-06-10 17:58:07 WARN TransactionalMessageCheckService - No new message. GetMessageStatus=NO_MESSAGE_IN_QUEUE, topic=RMQ_SYS_TRANS_HALF_TOPIC, groupId=CID_RMQ_SYS_TRANS, requestOffset=0
2026-06-10 17:58:07 WARN TransactionalMessageCheckService - No new message. GetMessageStatus=NO_MESSAGE_IN_QUEUE, topic=RMQ_SYS_TRANS_HALF_TOPIC, groupId=CID_RMQ_SYS_TRANS, requestOffset=0
2026-06-10 17:58:07 WARN TransactionalMessageCheckService - No new message. GetMessageStatus=NO_MESSAGE_IN_QUEUE, topic=RMQ_SYS_TRANS_OP_HALF_TOPIC, groupId=CID_RMQ_SYS_TRANS, requestOffset=0
2026-06-10 17:58:07 INFO TransactionalMessageCheckService - After check, MessageQueue [topic=RMQ_SYS_TRANS_HALF_TOPIC, brokerName=broker-a, queueId=0] opOffset=0 opOffsetDiff=0 msgOffset=0 msgOffsetDiff=0 msgTime=Wed Jun 10 09:58:07 UTC 2026 msgTimeDelayInMs=0 putInQueueCount=0
2026-06-10 17:58:07 INFO TransactionalMessageCheckService - End to check prepare message, consumed time:0
2026-06-10 17:58:37 INFO TransactionalMessageCheckService - Begin to check prepare message, begin time:1781085517534
2026-06-10 17:58:37 INFO TransactionalMessageCheckService - Before check, the queue=MessageQueue [topic=RMQ_SYS_TRANS_HALF_TOPIC, brokerName=broker-a, queueId=0] msgOffset=0 opOffset=0
2026-06-10 17:58:37 WARN TransactionalMessageCheckService - No new message. GetMessageStatus=NO_MESSAGE_IN_QUEUE, topic=RMQ_SYS_TRANS_OP_HALF_TOPIC, groupId=CID_RMQ_SYS_TRANS, requestOffset=0
2026-06-10 17:58:37 WARN TransactionalMessageCheckService - The miss op offset=0 in queue=MessageQueue [topic=RMQ_SYS_TRANS_OP_HALF_TOPIC, brokerName=broker-a, queueId=0] is NO_NEW_MSG, pullResult=PullResult [pullStatus=NO_NEW_MSG, nextBeginOffset=0, minOffset=0, maxOffset=0, msgFoundList=0]
2026-06-10 17:58:37 WARN TransactionalMessageCheckService - No new message. GetMessageStatus=NO_MESSAGE_IN_QUEUE, topic=RMQ_SYS_TRANS_HALF_TOPIC, groupId=CID_RMQ_SYS_TRANS, requestOffset=0
2026-06-10 17:58:37 WARN TransactionalMessageCheckService - No new message. GetMessageStatus=NO_MESSAGE_IN_QUEUE, topic=RMQ_SYS_TRANS_HALF_TOPIC, groupId=CID_RMQ_SYS_TRANS, requestOffset=0
2026-06-10 17:58:37 WARN TransactionalMessageCheckService - No new message. GetMessageStatus=NO_MESSAGE_IN_QUEUE, topic=RMQ_SYS_TRANS_OP_HALF_TOPIC, groupId=CID_RMQ_SYS_TRANS, requestOffset=0
2026-06-10 17:58:37 INFO TransactionalMessageCheckService - After check, MessageQueue [topic=RMQ_SYS_TRANS_HALF_TOPIC, brokerName=broker-a, queueId=0] opOffset=0 opOffsetDiff=0 msgOffset=0 msgOffsetDiff=0 msgTime=Wed Jun 10 09:58:37 UTC 2026 msgTimeDelayInMs=0 putInQueueCount=0
2026-06-10 17:58:37 INFO TransactionalMessageCheckService - End to check prepare message, consumed time:0
2026-06-10 17:59:07 INFO TransactionalMessageCheckService - Begin to check prepare message, begin time:1781085547534
2026-06-10 17:59:07 INFO TransactionalMessageCheckService - Before check, the queue=MessageQueue [topic=RMQ_SYS_TRANS_HALF_TOPIC, brokerName=broker-a, queueId=0] msgOffset=0 opOffset=0
2026-06-10 17:59:07 WARN TransactionalMessageCheckService - No new message. GetMessageStatus=NO_MESSAGE_IN_QUEUE, topic=RMQ_SYS_TRANS_OP_HALF_TOPIC, groupId=CID_RMQ_SYS_TRANS, requestOffset=0
2026-06-10 17:59:07 WARN TransactionalMessageCheckService - The miss op offset=0 in queue=MessageQueue [topic=RMQ_SYS_TRANS_OP_HALF_TOPIC, brokerName=broker-a, queueId=0] is NO_NEW_MSG, pullResult=PullResult [pullStatus=NO_NEW_MSG, nextBeginOffset=0, minOffset=0, maxOffset=0, msgFoundList=0]
2026-06-10 17:59:07 WARN TransactionalMessageCheckService - No new message. GetMessageStatus=NO_MESSAGE_IN_QUEUE, topic=RMQ_SYS_TRANS_HALF_TOPIC, groupId=CID_RMQ_SYS_TRANS, requestOffset=0
2026-06-10 17:59:07 WARN TransactionalMessageCheckService - No new message. GetMessageStatus=NO_MESSAGE_IN_QUEUE, topic=RMQ_SYS_TRANS_HALF_TOPIC, groupId=CID_RMQ_SYS_TRANS, requestOffset=0
2026-06-10 17:59:07 WARN TransactionalMessageCheckService - No new message. GetMessageStatus=NO_MESSAGE_IN_QUEUE, topic=RMQ_SYS_TRANS_OP_HALF_TOPIC, groupId=CID_RMQ_SYS_TRANS, requestOffset=0
2026-06-10 17:59:07 INFO TransactionalMessageCheckService - After check, MessageQueue [topic=RMQ_SYS_TRANS_HALF_TOPIC, brokerName=broker-a, queueId=0] opOffset=0 opOffsetDiff=0 msgOffset=0 msgOffsetDiff=0 msgTime=Wed Jun 10 09:59:07 UTC 2026 msgTimeDelayInMs=0 putInQueueCount=0
2026-06-10 17:59:07 INFO TransactionalMessageCheckService - End to check prepare message, consumed time:1
2026-06-10 17:59:37 INFO TransactionalMessageCheckService - Begin to check prepare message, begin time:1781085577535
2026-06-10 17:59:37 INFO TransactionalMessageCheckService - Before check, the queue=MessageQueue [topic=RMQ_SYS_TRANS_HALF_TOPIC, brokerName=broker-a, queueId=0] msgOffset=0 opOffset=0
2026-06-10 17:59:37 WARN TransactionalMessageCheckService - No new message. GetMessageStatus=NO_MESSAGE_IN_QUEUE, topic=RMQ_SYS_TRANS_OP_HALF_TOPIC, groupId=CID_RMQ_SYS_TRANS, requestOffset=0
2026-06-10 17:59:37 WARN TransactionalMessageCheckService - The miss op offset=0 in queue=MessageQueue [topic=RMQ_SYS_TRANS_OP_HALF_TOPIC, brokerName=broker-a, queueId=0] is NO_NEW_MSG, pullResult=PullResult [pullStatus=NO_NEW_MSG, nextBeginOffset=0, minOffset=0, maxOffset=0, msgFoundList=0]
2026-06-10 17:59:37 WARN TransactionalMessageCheckService - No new message. GetMessageStatus=NO_MESSAGE_IN_QUEUE, topic=RMQ_SYS_TRANS_HALF_TOPIC, groupId=CID_RMQ_SYS_TRANS, requestOffset=0
2026-06-10 17:59:37 WARN TransactionalMessageCheckService - No new message. GetMessageStatus=NO_MESSAGE_IN_QUEUE, topic=RMQ_SYS_TRANS_HALF_TOPIC, groupId=CID_RMQ_SYS_TRANS, requestOffset=0
2026-06-10 17:59:37 WARN TransactionalMessageCheckService - No new message. GetMessageStatus=NO_MESSAGE_IN_QUEUE, topic=RMQ_SYS_TRANS_OP_HALF_TOPIC, groupId=CID_RMQ_SYS_TRANS, requestOffset=0
2026-06-10 17:59:37 INFO TransactionalMessageCheckService - After check, MessageQueue [topic=RMQ_SYS_TRANS_HALF_TOPIC, brokerName=broker-a, queueId=0] opOffset=0 opOffsetDiff=0 msgOffset=0 msgOffsetDiff=0 msgTime=Wed Jun 10 09:59:37 UTC 2026 msgTimeDelayInMs=0 putInQueueCount=0
2026-06-10 17:59:37 INFO TransactionalMessageCheckService - End to check prepare message, consumed time:1
2026-06-10 18:00:07 INFO TransactionalMessageCheckService - Begin to check prepare message, begin time:1781085607536
2026-06-10 18:00:07 INFO TransactionalMessageCheckService - Before check, the queue=MessageQueue [topic=RMQ_SYS_TRANS_HALF_TOPIC, brokerName=broker-a, queueId=0] msgOffset=0 opOffset=0
2026-06-10 18:00:07 WARN TransactionalMessageCheckService - No new message. GetMessageStatus=NO_MESSAGE_IN_QUEUE, topic=RMQ_SYS_TRANS_OP_HALF_TOPIC, groupId=CID_RMQ_SYS_TRANS, requestOffset=0
2026-06-10 18:00:07 WARN TransactionalMessageCheckService - The miss op offset=0 in queue=MessageQueue [topic=RMQ_SYS_TRANS_OP_HALF_TOPIC, brokerName=broker-a, queueId=0] is NO_NEW_MSG, pullResult=PullResult [pullStatus=NO_NEW_MSG, nextBeginOffset=0, minOffset=0, maxOffset=0, msgFoundList=0]
2026-06-10 18:00:07 WARN TransactionalMessageCheckService - No new message. GetMessageStatus=NO_MESSAGE_IN_QUEUE, topic=RMQ_SYS_TRANS_HALF_TOPIC, groupId=CID_RMQ_SYS_TRANS, requestOffset=0
2026-06-10 18:00:07 WARN TransactionalMessageCheckService - No new message. GetMessageStatus=NO_MESSAGE_IN_QUEUE, topic=RMQ_SYS_TRANS_HALF_TOPIC, groupId=CID_RMQ_SYS_TRANS, requestOffset=0
2026-06-10 18:00:07 WARN TransactionalMessageCheckService - No new message. GetMessageStatus=NO_MESSAGE_IN_QUEUE, topic=RMQ_SYS_TRANS_OP_HALF_TOPIC, groupId=CID_RMQ_SYS_TRANS, requestOffset=0
2026-06-10 18:00:07 INFO TransactionalMessageCheckService - After check, MessageQueue [topic=RMQ_SYS_TRANS_HALF_TOPIC, brokerName=broker-a, queueId=0] opOffset=0 opOffsetDiff=0 msgOffset=0 msgOffsetDiff=0 msgTime=Wed Jun 10 10:00:07 UTC 2026 msgTimeDelayInMs=0 putInQueueCount=0
2026-06-10 18:00:07 INFO TransactionalMessageCheckService - End to check prepare message, consumed time:0
2026-06-10 18:00:37 INFO TransactionalMessageCheckService - Begin to check prepare message, begin time:1781085637536
2026-06-10 18:00:37 INFO TransactionalMessageCheckService - Before check, the queue=MessageQueue [topic=RMQ_SYS_TRANS_HALF_TOPIC, brokerName=broker-a, queueId=0] msgOffset=0 opOffset=0
2026-06-10 18:00:37 WARN TransactionalMessageCheckService - No new message. GetMessageStatus=NO_MESSAGE_IN_QUEUE, topic=RMQ_SYS_TRANS_OP_HALF_TOPIC, groupId=CID_RMQ_SYS_TRANS, requestOffset=0
2026-06-10 18:00:37 WARN TransactionalMessageCheckService - The miss op offset=0 in queue=MessageQueue [topic=RMQ_SYS_TRANS_OP_HALF_TOPIC, brokerName=broker-a, queueId=0] is NO_NEW_MSG, pullResult=PullResult [pullStatus=NO_NEW_MSG, nextBeginOffset=0, minOffset=0, maxOffset=0, msgFoundList=0]
2026-06-10 18:00:37 WARN TransactionalMessageCheckService - No new message. GetMessageStatus=NO_MESSAGE_IN_QUEUE, topic=RMQ_SYS_TRANS_HALF_TOPIC, groupId=CID_RMQ_SYS_TRANS, requestOffset=0
2026-06-10 18:00:37 WARN TransactionalMessageCheckService - No new message. GetMessageStatus=NO_MESSAGE_IN_QUEUE, topic=RMQ_SYS_TRANS_HALF_TOPIC, groupId=CID_RMQ_SYS_TRANS, requestOffset=0
2026-06-10 18:00:37 WARN TransactionalMessageCheckService - No new message. GetMessageStatus=NO_MESSAGE_IN_QUEUE, topic=RMQ_SYS_TRANS_OP_HALF_TOPIC, groupId=CID_RMQ_SYS_TRANS, requestOffset=0
2026-06-10 18:00:37 INFO TransactionalMessageCheckService - After check, MessageQueue [topic=RMQ_SYS_TRANS_HALF_TOPIC, brokerName=broker-a, queueId=0] opOffset=0 opOffsetDiff=0 msgOffset=0 msgOffsetDiff=0 msgTime=Wed Jun 10 10:00:37 UTC 2026 msgTimeDelayInMs=0 putInQueueCount=0
2026-06-10 18:00:37 INFO TransactionalMessageCheckService - End to check prepare message, consumed time:0
2026-06-10 18:01:07 INFO TransactionalMessageCheckService - Begin to check prepare message, begin time:1781085667536
2026-06-10 18:01:07 INFO TransactionalMessageCheckService - Before check, the queue=MessageQueue [topic=RMQ_SYS_TRANS_HALF_TOPIC, brokerName=broker-a, queueId=0] msgOffset=0 opOffset=0
2026-06-10 18:01:07 WARN TransactionalMessageCheckService - No new message. GetMessageStatus=NO_MESSAGE_IN_QUEUE, topic=RMQ_SYS_TRANS_OP_HALF_TOPIC, groupId=CID_RMQ_SYS_TRANS, requestOffset=0
2026-06-10 18:01:07 WARN TransactionalMessageCheckService - The miss op offset=0 in queue=MessageQueue [topic=RMQ_SYS_TRANS_OP_HALF_TOPIC, brokerName=broker-a, queueId=0] is NO_NEW_MSG, pullResult=PullResult [pullStatus=NO_NEW_MSG, nextBeginOffset=0, minOffset=0, maxOffset=0, msgFoundList=0]
2026-06-10 18:01:07 WARN TransactionalMessageCheckService - No new message. GetMessageStatus=NO_MESSAGE_IN_QUEUE, topic=RMQ_SYS_TRANS_HALF_TOPIC, groupId=CID_RMQ_SYS_TRANS, requestOffset=0
2026-06-10 18:01:07 WARN TransactionalMessageCheckService - No new message. GetMessageStatus=NO_MESSAGE_IN_QUEUE, topic=RMQ_SYS_TRANS_HALF_TOPIC, groupId=CID_RMQ_SYS_TRANS, requestOffset=0
2026-06-10 18:01:07 WARN TransactionalMessageCheckService - No new message. GetMessageStatus=NO_MESSAGE_IN_QUEUE, topic=RMQ_SYS_TRANS_OP_HALF_TOPIC, groupId=CID_RMQ_SYS_TRANS, requestOffset=0
2026-06-10 18:01:07 INFO TransactionalMessageCheckService - After check, MessageQueue [topic=RMQ_SYS_TRANS_HALF_TOPIC, brokerName=broker-a, queueId=0] opOffset=0 opOffsetDiff=0 msgOffset=0 msgOffsetDiff=0 msgTime=Wed Jun 10 10:01:07 UTC 2026 msgTimeDelayInMs=0 putInQueueCount=0
2026-06-10 18:01:07 INFO TransactionalMessageCheckService - End to check prepare message, consumed time:1
2026-06-10 18:01:37 INFO TransactionalMessageCheckService - Begin to check prepare message, begin time:1781085697537
2026-06-10 18:01:37 INFO TransactionalMessageCheckService - Before check, the queue=MessageQueue [topic=RMQ_SYS_TRANS_HALF_TOPIC, brokerName=broker-a, queueId=0] msgOffset=0 opOffset=0
2026-06-10 18:01:37 WARN TransactionalMessageCheckService - No new message. GetMessageStatus=NO_MESSAGE_IN_QUEUE, topic=RMQ_SYS_TRANS_OP_HALF_TOPIC, groupId=CID_RMQ_SYS_TRANS, requestOffset=0
2026-06-10 18:01:37 WARN TransactionalMessageCheckService - The miss op offset=0 in queue=MessageQueue [topic=RMQ_SYS_TRANS_OP_HALF_TOPIC, brokerName=broker-a, queueId=0] is NO_NEW_MSG, pullResult=PullResult [pullStatus=NO_NEW_MSG, nextBeginOffset=0, minOffset=0, maxOffset=0, msgFoundList=0]
2026-06-10 18:01:37 WARN TransactionalMessageCheckService - No new message. GetMessageStatus=NO_MESSAGE_IN_QUEUE, topic=RMQ_SYS_TRANS_HALF_TOPIC, groupId=CID_RMQ_SYS_TRANS, requestOffset=0
2026-06-10 18:01:37 WARN TransactionalMessageCheckService - No new message. GetMessageStatus=NO_MESSAGE_IN_QUEUE, topic=RMQ_SYS_TRANS_HALF_TOPIC, groupId=CID_RMQ_SYS_TRANS, requestOffset=0
2026-06-10 18:01:37 WARN TransactionalMessageCheckService - No new message. GetMessageStatus=NO_MESSAGE_IN_QUEUE, topic=RMQ_SYS_TRANS_OP_HALF_TOPIC, groupId=CID_RMQ_SYS_TRANS, requestOffset=0
2026-06-10 18:01:37 INFO TransactionalMessageCheckService - After check, MessageQueue [topic=RMQ_SYS_TRANS_HALF_TOPIC, brokerName=broker-a, queueId=0] opOffset=0 opOffsetDiff=0 msgOffset=0 msgOffsetDiff=0 msgTime=Wed Jun 10 10:01:37 UTC 2026 msgTimeDelayInMs=0 putInQueueCount=0
2026-06-10 18:01:37 INFO TransactionalMessageCheckService - End to check prepare message, consumed time:0
2026-06-10 18:02:07 INFO TransactionalMessageCheckService - Begin to check prepare message, begin time:1781085727537
2026-06-10 18:02:07 INFO TransactionalMessageCheckService - Before check, the queue=MessageQueue [topic=RMQ_SYS_TRANS_HALF_TOPIC, brokerName=broker-a, queueId=0] msgOffset=0 opOffset=0
2026-06-10 18:02:07 WARN TransactionalMessageCheckService - No new message. GetMessageStatus=NO_MESSAGE_IN_QUEUE, topic=RMQ_SYS_TRANS_OP_HALF_TOPIC, groupId=CID_RMQ_SYS_TRANS, requestOffset=0
2026-06-10 18:02:07 WARN TransactionalMessageCheckService - The miss op offset=0 in queue=MessageQueue [topic=RMQ_SYS_TRANS_OP_HALF_TOPIC, brokerName=broker-a, queueId=0] is NO_NEW_MSG, pullResult=PullResult [pullStatus=NO_NEW_MSG, nextBeginOffset=0, minOffset=0, maxOffset=0, msgFoundList=0]
2026-06-10 18:02:07 WARN TransactionalMessageCheckService - No new message. GetMessageStatus=NO_MESSAGE_IN_QUEUE, topic=RMQ_SYS_TRANS_HALF_TOPIC, groupId=CID_RMQ_SYS_TRANS, requestOffset=0
2026-06-10 18:02:07 WARN TransactionalMessageCheckService - No new message. GetMessageStatus=NO_MESSAGE_IN_QUEUE, topic=RMQ_SYS_TRANS_HALF_TOPIC, groupId=CID_RMQ_SYS_TRANS, requestOffset=0
2026-06-10 18:02:07 WARN TransactionalMessageCheckService - No new message. GetMessageStatus=NO_MESSAGE_IN_QUEUE, topic=RMQ_SYS_TRANS_OP_HALF_TOPIC, groupId=CID_RMQ_SYS_TRANS, requestOffset=0
2026-06-10 18:02:07 INFO TransactionalMessageCheckService - After check, MessageQueue [topic=RMQ_SYS_TRANS_HALF_TOPIC, brokerName=broker-a, queueId=0] opOffset=0 opOffsetDiff=0 msgOffset=0 msgOffsetDiff=0 msgTime=Wed Jun 10 10:02:07 UTC 2026 msgTimeDelayInMs=0 putInQueueCount=0
2026-06-10 18:02:07 INFO TransactionalMessageCheckService - End to check prepare message, consumed time:1
2026-06-10 18:02:37 INFO TransactionalMessageCheckService - Begin to check prepare message, begin time:1781085757538
2026-06-10 18:02:37 INFO TransactionalMessageCheckService - Before check, the queue=MessageQueue [topic=RMQ_SYS_TRANS_HALF_TOPIC, brokerName=broker-a, queueId=0] msgOffset=0 opOffset=0
2026-06-10 18:02:37 WARN TransactionalMessageCheckService - No new message. GetMessageStatus=NO_MESSAGE_IN_QUEUE, topic=RMQ_SYS_TRANS_OP_HALF_TOPIC, groupId=CID_RMQ_SYS_TRANS, requestOffset=0
2026-06-10 18:02:37 WARN TransactionalMessageCheckService - The miss op offset=0 in queue=MessageQueue [topic=RMQ_SYS_TRANS_OP_HALF_TOPIC, brokerName=broker-a, queueId=0] is NO_NEW_MSG, pullResult=PullResult [pullStatus=NO_NEW_MSG, nextBeginOffset=0, minOffset=0, maxOffset=0, msgFoundList=0]
2026-06-10 18:02:37 WARN TransactionalMessageCheckService - No new message. GetMessageStatus=NO_MESSAGE_IN_QUEUE, topic=RMQ_SYS_TRANS_HALF_TOPIC, groupId=CID_RMQ_SYS_TRANS, requestOffset=0
2026-06-10 18:02:37 WARN TransactionalMessageCheckService - No new message. GetMessageStatus=NO_MESSAGE_IN_QUEUE, topic=RMQ_SYS_TRANS_HALF_TOPIC, groupId=CID_RMQ_SYS_TRANS, requestOffset=0
2026-06-10 18:02:37 WARN TransactionalMessageCheckService - No new message. GetMessageStatus=NO_MESSAGE_IN_QUEUE, topic=RMQ_SYS_TRANS_OP_HALF_TOPIC, groupId=CID_RMQ_SYS_TRANS, requestOffset=0
2026-06-10 18:02:37 INFO TransactionalMessageCheckService - After check, MessageQueue [topic=RMQ_SYS_TRANS_HALF_TOPIC, brokerName=broker-a, queueId=0] opOffset=0 opOffsetDiff=0 msgOffset=0 msgOffsetDiff=0 msgTime=Wed Jun 10 10:02:37 UTC 2026 msgTimeDelayInMs=0 putInQueueCount=0
2026-06-10 18:02:37 INFO TransactionalMessageCheckService - End to check prepare message, consumed time:0
2026-06-10 18:03:07 INFO TransactionalMessageCheckService - Begin to check prepare message, begin time:1781085787538
2026-06-10 18:03:07 INFO TransactionalMessageCheckService - Before check, the queue=MessageQueue [topic=RMQ_SYS_TRANS_HALF_TOPIC, brokerName=broker-a, queueId=0] msgOffset=0 opOffset=0
2026-06-10 18:03:07 WARN TransactionalMessageCheckService - No new message. GetMessageStatus=NO_MESSAGE_IN_QUEUE, topic=RMQ_SYS_TRANS_OP_HALF_TOPIC, groupId=CID_RMQ_SYS_TRANS, requestOffset=0
2026-06-10 18:03:07 WARN TransactionalMessageCheckService - The miss op offset=0 in queue=MessageQueue [topic=RMQ_SYS_TRANS_OP_HALF_TOPIC, brokerName=broker-a, queueId=0] is NO_NEW_MSG, pullResult=PullResult [pullStatus=NO_NEW_MSG, nextBeginOffset=0, minOffset=0, maxOffset=0, msgFoundList=0]
2026-06-10 18:03:07 WARN TransactionalMessageCheckService - No new message. GetMessageStatus=NO_MESSAGE_IN_QUEUE, topic=RMQ_SYS_TRANS_HALF_TOPIC, groupId=CID_RMQ_SYS_TRANS, requestOffset=0
2026-06-10 18:03:07 WARN TransactionalMessageCheckService - No new message. GetMessageStatus=NO_MESSAGE_IN_QUEUE, topic=RMQ_SYS_TRANS_HALF_TOPIC, groupId=CID_RMQ_SYS_TRANS, requestOffset=0
2026-06-10 18:03:07 WARN TransactionalMessageCheckService - No new message. GetMessageStatus=NO_MESSAGE_IN_QUEUE, topic=RMQ_SYS_TRANS_OP_HALF_TOPIC, groupId=CID_RMQ_SYS_TRANS, requestOffset=0
2026-06-10 18:03:07 INFO TransactionalMessageCheckService - After check, MessageQueue [topic=RMQ_SYS_TRANS_HALF_TOPIC, brokerName=broker-a, queueId=0] opOffset=0 opOffsetDiff=0 msgOffset=0 msgOffsetDiff=0 msgTime=Wed Jun 10 10:03:07 UTC 2026 msgTimeDelayInMs=0 putInQueueCount=0
2026-06-10 18:03:07 INFO TransactionalMessageCheckService - End to check prepare message, consumed time:0
2026-06-10 18:03:37 INFO TransactionalMessageCheckService - Begin to check prepare message, begin time:1781085817539
2026-06-10 18:03:37 INFO TransactionalMessageCheckService - Before check, the queue=MessageQueue [topic=RMQ_SYS_TRANS_HALF_TOPIC, brokerName=broker-a, queueId=0] msgOffset=0 opOffset=0
2026-06-10 18:03:37 WARN TransactionalMessageCheckService - No new message. GetMessageStatus=NO_MESSAGE_IN_QUEUE, topic=RMQ_SYS_TRANS_OP_HALF_TOPIC, groupId=CID_RMQ_SYS_TRANS, requestOffset=0
2026-06-10 18:03:37 WARN TransactionalMessageCheckService - The miss op offset=0 in queue=MessageQueue [topic=RMQ_SYS_TRANS_OP_HALF_TOPIC, brokerName=broker-a, queueId=0] is NO_NEW_MSG, pullResult=PullResult [pullStatus=NO_NEW_MSG, nextBeginOffset=0, minOffset=0, maxOffset=0, msgFoundList=0]
2026-06-10 18:03:37 WARN TransactionalMessageCheckService - No new message. GetMessageStatus=NO_MESSAGE_IN_QUEUE, topic=RMQ_SYS_TRANS_HALF_TOPIC, groupId=CID_RMQ_SYS_TRANS, requestOffset=0
2026-06-10 18:03:37 WARN TransactionalMessageCheckService - No new message. GetMessageStatus=NO_MESSAGE_IN_QUEUE, topic=RMQ_SYS_TRANS_HALF_TOPIC, groupId=CID_RMQ_SYS_TRANS, requestOffset=0
2026-06-10 18:03:37 WARN TransactionalMessageCheckService - No new message. GetMessageStatus=NO_MESSAGE_IN_QUEUE, topic=RMQ_SYS_TRANS_OP_HALF_TOPIC, groupId=CID_RMQ_SYS_TRANS, requestOffset=0
2026-06-10 18:03:37 INFO TransactionalMessageCheckService - After check, MessageQueue [topic=RMQ_SYS_TRANS_HALF_TOPIC, brokerName=broker-a, queueId=0] opOffset=0 opOffsetDiff=0 msgOffset=0 msgOffsetDiff=0 msgTime=Wed Jun 10 10:03:37 UTC 2026 msgTimeDelayInMs=0 putInQueueCount=0
2026-06-10 18:03:37 INFO TransactionalMessageCheckService - End to check prepare message, consumed time:0
2026-06-10 18:04:07 INFO TransactionalMessageCheckService - Begin to check prepare message, begin time:1781085847539
2026-06-10 18:04:07 INFO TransactionalMessageCheckService - Before check, the queue=MessageQueue [topic=RMQ_SYS_TRANS_HALF_TOPIC, brokerName=broker-a, queueId=0] msgOffset=0 opOffset=0
2026-06-10 18:04:07 WARN TransactionalMessageCheckService - No new message. GetMessageStatus=NO_MESSAGE_IN_QUEUE, topic=RMQ_SYS_TRANS_OP_HALF_TOPIC, groupId=CID_RMQ_SYS_TRANS, requestOffset=0
2026-06-10 18:04:07 WARN TransactionalMessageCheckService - The miss op offset=0 in queue=MessageQueue [topic=RMQ_SYS_TRANS_OP_HALF_TOPIC, brokerName=broker-a, queueId=0] is NO_NEW_MSG, pullResult=PullResult [pullStatus=NO_NEW_MSG, nextBeginOffset=0, minOffset=0, maxOffset=0, msgFoundList=0]
2026-06-10 18:04:07 WARN TransactionalMessageCheckService - No new message. GetMessageStatus=NO_MESSAGE_IN_QUEUE, topic=RMQ_SYS_TRANS_HALF_TOPIC, groupId=CID_RMQ_SYS_TRANS, requestOffset=0
2026-06-10 18:04:07 WARN TransactionalMessageCheckService - No new message. GetMessageStatus=NO_MESSAGE_IN_QUEUE, topic=RMQ_SYS_TRANS_HALF_TOPIC, groupId=CID_RMQ_SYS_TRANS, requestOffset=0
2026-06-10 18:04:07 WARN TransactionalMessageCheckService - No new message. GetMessageStatus=NO_MESSAGE_IN_QUEUE, topic=RMQ_SYS_TRANS_OP_HALF_TOPIC, groupId=CID_RMQ_SYS_TRANS, requestOffset=0
2026-06-10 18:04:07 INFO TransactionalMessageCheckService - After check, MessageQueue [topic=RMQ_SYS_TRANS_HALF_TOPIC, brokerName=broker-a, queueId=0] opOffset=0 opOffsetDiff=0 msgOffset=0 msgOffsetDiff=0 msgTime=Wed Jun 10 10:04:07 UTC 2026 msgTimeDelayInMs=0 putInQueueCount=0
2026-06-10 18:04:07 INFO TransactionalMessageCheckService - End to check prepare message, consumed time:1
2026-06-10 18:04:37 INFO TransactionalMessageCheckService - Begin to check prepare message, begin time:1781085877540
2026-06-10 18:04:37 INFO TransactionalMessageCheckService - Before check, the queue=MessageQueue [topic=RMQ_SYS_TRANS_HALF_TOPIC, brokerName=broker-a, queueId=0] msgOffset=0 opOffset=0
2026-06-10 18:04:37 WARN TransactionalMessageCheckService - No new message. GetMessageStatus=NO_MESSAGE_IN_QUEUE, topic=RMQ_SYS_TRANS_OP_HALF_TOPIC, groupId=CID_RMQ_SYS_TRANS, requestOffset=0
2026-06-10 18:04:37 WARN TransactionalMessageCheckService - The miss op offset=0 in queue=MessageQueue [topic=RMQ_SYS_TRANS_OP_HALF_TOPIC, brokerName=broker-a, queueId=0] is NO_NEW_MSG, pullResult=PullResult [pullStatus=NO_NEW_MSG, nextBeginOffset=0, minOffset=0, maxOffset=0, msgFoundList=0]
2026-06-10 18:04:37 WARN TransactionalMessageCheckService - No new message. GetMessageStatus=NO_MESSAGE_IN_QUEUE, topic=RMQ_SYS_TRANS_HALF_TOPIC, groupId=CID_RMQ_SYS_TRANS, requestOffset=0
2026-06-10 18:04:37 WARN TransactionalMessageCheckService - No new message. GetMessageStatus=NO_MESSAGE_IN_QUEUE, topic=RMQ_SYS_TRANS_HALF_TOPIC, groupId=CID_RMQ_SYS_TRANS, requestOffset=0
2026-06-10 18:04:37 WARN TransactionalMessageCheckService - No new message. GetMessageStatus=NO_MESSAGE_IN_QUEUE, topic=RMQ_SYS_TRANS_OP_HALF_TOPIC, groupId=CID_RMQ_SYS_TRANS, requestOffset=0
2026-06-10 18:04:37 INFO TransactionalMessageCheckService - After check, MessageQueue [topic=RMQ_SYS_TRANS_HALF_TOPIC, brokerName=broker-a, queueId=0] opOffset=0 opOffsetDiff=0 msgOffset=0 msgOffsetDiff=0 msgTime=Wed Jun 10 10:04:37 UTC 2026 msgTimeDelayInMs=0 putInQueueCount=0
2026-06-10 18:04:37 INFO TransactionalMessageCheckService - End to check prepare message, consumed time:1
2026-06-10 18:05:07 INFO TransactionalMessageCheckService - Begin to check prepare message, begin time:1781085907541
2026-06-10 18:05:07 INFO TransactionalMessageCheckService - Before check, the queue=MessageQueue [topic=RMQ_SYS_TRANS_HALF_TOPIC, brokerName=broker-a, queueId=0] msgOffset=0 opOffset=0
2026-06-10 18:05:07 WARN TransactionalMessageCheckService - No new message. GetMessageStatus=NO_MESSAGE_IN_QUEUE, topic=RMQ_SYS_TRANS_OP_HALF_TOPIC, groupId=CID_RMQ_SYS_TRANS, requestOffset=0
2026-06-10 18:05:07 WARN TransactionalMessageCheckService - The miss op offset=0 in queue=MessageQueue [topic=RMQ_SYS_TRANS_OP_HALF_TOPIC, brokerName=broker-a, queueId=0] is NO_NEW_MSG, pullResult=PullResult [pullStatus=NO_NEW_MSG, nextBeginOffset=0, minOffset=0, maxOffset=0, msgFoundList=0]
2026-06-10 18:05:07 WARN TransactionalMessageCheckService - No new message. GetMessageStatus=NO_MESSAGE_IN_QUEUE, topic=RMQ_SYS_TRANS_HALF_TOPIC, groupId=CID_RMQ_SYS_TRANS, requestOffset=0
2026-06-10 18:05:07 WARN TransactionalMessageCheckService - No new message. GetMessageStatus=NO_MESSAGE_IN_QUEUE, topic=RMQ_SYS_TRANS_HALF_TOPIC, groupId=CID_RMQ_SYS_TRANS, requestOffset=0
2026-06-10 18:05:07 WARN TransactionalMessageCheckService - No new message. GetMessageStatus=NO_MESSAGE_IN_QUEUE, topic=RMQ_SYS_TRANS_OP_HALF_TOPIC, groupId=CID_RMQ_SYS_TRANS, requestOffset=0
2026-06-10 18:05:07 INFO TransactionalMessageCheckService - After check, MessageQueue [topic=RMQ_SYS_TRANS_HALF_TOPIC, brokerName=broker-a, queueId=0] opOffset=0 opOffsetDiff=0 msgOffset=0 msgOffsetDiff=0 msgTime=Wed Jun 10 10:05:07 UTC 2026 msgTimeDelayInMs=0 putInQueueCount=0
2026-06-10 18:05:07 INFO TransactionalMessageCheckService - End to check prepare message, consumed time:0
2026-06-10 18:05:37 INFO TransactionalMessageCheckService - Begin to check prepare message, begin time:1781085937541
2026-06-10 18:05:37 INFO TransactionalMessageCheckService - Before check, the queue=MessageQueue [topic=RMQ_SYS_TRANS_HALF_TOPIC, brokerName=broker-a, queueId=0] msgOffset=0 opOffset=0
2026-06-10 18:05:37 WARN TransactionalMessageCheckService - No new message. GetMessageStatus=NO_MESSAGE_IN_QUEUE, topic=RMQ_SYS_TRANS_OP_HALF_TOPIC, groupId=CID_RMQ_SYS_TRANS, requestOffset=0
2026-06-10 18:05:37 WARN TransactionalMessageCheckService - The miss op offset=0 in queue=MessageQueue [topic=RMQ_SYS_TRANS_OP_HALF_TOPIC, brokerName=broker-a, queueId=0] is NO_NEW_MSG, pullResult=PullResult [pullStatus=NO_NEW_MSG, nextBeginOffset=0, minOffset=0, maxOffset=0, msgFoundList=0]
2026-06-10 18:05:37 WARN TransactionalMessageCheckService - No new message. GetMessageStatus=NO_MESSAGE_IN_QUEUE, topic=RMQ_SYS_TRANS_HALF_TOPIC, groupId=CID_RMQ_SYS_TRANS, requestOffset=0
2026-06-10 18:05:37 WARN TransactionalMessageCheckService - No new message. GetMessageStatus=NO_MESSAGE_IN_QUEUE, topic=RMQ_SYS_TRANS_HALF_TOPIC, groupId=CID_RMQ_SYS_TRANS, requestOffset=0
2026-06-10 18:05:37 WARN TransactionalMessageCheckService - No new message. GetMessageStatus=NO_MESSAGE_IN_QUEUE, topic=RMQ_SYS_TRANS_OP_HALF_TOPIC, groupId=CID_RMQ_SYS_TRANS, requestOffset=0
2026-06-10 18:05:37 INFO TransactionalMessageCheckService - After check, MessageQueue [topic=RMQ_SYS_TRANS_HALF_TOPIC, brokerName=broker-a, queueId=0] opOffset=0 opOffsetDiff=0 msgOffset=0 msgOffsetDiff=0 msgTime=Wed Jun 10 10:05:37 UTC 2026 msgTimeDelayInMs=0 putInQueueCount=0
2026-06-10 18:05:37 INFO TransactionalMessageCheckService - End to check prepare message, consumed time:0
2026-06-10 18:06:07 INFO TransactionalMessageCheckService - Begin to check prepare message, begin time:1781085967542
2026-06-10 18:06:07 INFO TransactionalMessageCheckService - Before check, the queue=MessageQueue [topic=RMQ_SYS_TRANS_HALF_TOPIC, brokerName=broker-a, queueId=0] msgOffset=0 opOffset=0
2026-06-10 18:06:07 WARN TransactionalMessageCheckService - No new message. GetMessageStatus=NO_MESSAGE_IN_QUEUE, topic=RMQ_SYS_TRANS_OP_HALF_TOPIC, groupId=CID_RMQ_SYS_TRANS, requestOffset=0
2026-06-10 18:06:07 WARN TransactionalMessageCheckService - The miss op offset=0 in queue=MessageQueue [topic=RMQ_SYS_TRANS_OP_HALF_TOPIC, brokerName=broker-a, queueId=0] is NO_NEW_MSG, pullResult=PullResult [pullStatus=NO_NEW_MSG, nextBeginOffset=0, minOffset=0, maxOffset=0, msgFoundList=0]
2026-06-10 18:06:07 WARN TransactionalMessageCheckService - No new message. GetMessageStatus=NO_MESSAGE_IN_QUEUE, topic=RMQ_SYS_TRANS_HALF_TOPIC, groupId=CID_RMQ_SYS_TRANS, requestOffset=0
2026-06-10 18:06:07 WARN TransactionalMessageCheckService - No new message. GetMessageStatus=NO_MESSAGE_IN_QUEUE, topic=RMQ_SYS_TRANS_HALF_TOPIC, groupId=CID_RMQ_SYS_TRANS, requestOffset=0
2026-06-10 18:06:07 WARN TransactionalMessageCheckService - No new message. GetMessageStatus=NO_MESSAGE_IN_QUEUE, topic=RMQ_SYS_TRANS_OP_HALF_TOPIC, groupId=CID_RMQ_SYS_TRANS, requestOffset=0
2026-06-10 18:06:07 INFO TransactionalMessageCheckService - After check, MessageQueue [topic=RMQ_SYS_TRANS_HALF_TOPIC, brokerName=broker-a, queueId=0] opOffset=0 opOffsetDiff=0 msgOffset=0 msgOffsetDiff=0 msgTime=Wed Jun 10 10:06:07 UTC 2026 msgTimeDelayInMs=0 putInQueueCount=0
2026-06-10 18:06:07 INFO TransactionalMessageCheckService - End to check prepare message, consumed time:0
2026-06-10 18:06:37 INFO TransactionalMessageCheckService - Begin to check prepare message, begin time:1781085997542
2026-06-10 18:06:37 INFO TransactionalMessageCheckService - Before check, the queue=MessageQueue [topic=RMQ_SYS_TRANS_HALF_TOPIC, brokerName=broker-a, queueId=0] msgOffset=0 opOffset=0
2026-06-10 18:06:37 WARN TransactionalMessageCheckService - No new message. GetMessageStatus=NO_MESSAGE_IN_QUEUE, topic=RMQ_SYS_TRANS_OP_HALF_TOPIC, groupId=CID_RMQ_SYS_TRANS, requestOffset=0
2026-06-10 18:06:37 WARN TransactionalMessageCheckService - The miss op offset=0 in queue=MessageQueue [topic=RMQ_SYS_TRANS_OP_HALF_TOPIC, brokerName=broker-a, queueId=0] is NO_NEW_MSG, pullResult=PullResult [pullStatus=NO_NEW_MSG, nextBeginOffset=0, minOffset=0, maxOffset=0, msgFoundList=0]
2026-06-10 18:06:37 WARN TransactionalMessageCheckService - No new message. GetMessageStatus=NO_MESSAGE_IN_QUEUE, topic=RMQ_SYS_TRANS_HALF_TOPIC, groupId=CID_RMQ_SYS_TRANS, requestOffset=0
2026-06-10 18:06:37 WARN TransactionalMessageCheckService - No new message. GetMessageStatus=NO_MESSAGE_IN_QUEUE, topic=RMQ_SYS_TRANS_HALF_TOPIC, groupId=CID_RMQ_SYS_TRANS, requestOffset=0
2026-06-10 18:06:37 WARN TransactionalMessageCheckService - No new message. GetMessageStatus=NO_MESSAGE_IN_QUEUE, topic=RMQ_SYS_TRANS_OP_HALF_TOPIC, groupId=CID_RMQ_SYS_TRANS, requestOffset=0
2026-06-10 18:06:37 INFO TransactionalMessageCheckService - After check, MessageQueue [topic=RMQ_SYS_TRANS_HALF_TOPIC, brokerName=broker-a, queueId=0] opOffset=0 opOffsetDiff=0 msgOffset=0 msgOffsetDiff=0 msgTime=Wed Jun 10 10:06:37 UTC 2026 msgTimeDelayInMs=0 putInQueueCount=0
2026-06-10 18:06:37 INFO TransactionalMessageCheckService - End to check prepare message, consumed time:1
2026-06-10 18:07:07 INFO TransactionalMessageCheckService - Begin to check prepare message, begin time:1781086027543
2026-06-10 18:07:07 INFO TransactionalMessageCheckService - Before check, the queue=MessageQueue [topic=RMQ_SYS_TRANS_HALF_TOPIC, brokerName=broker-a, queueId=0] msgOffset=0 opOffset=0
2026-06-10 18:07:07 WARN TransactionalMessageCheckService - No new message. GetMessageStatus=NO_MESSAGE_IN_QUEUE, topic=RMQ_SYS_TRANS_OP_HALF_TOPIC, groupId=CID_RMQ_SYS_TRANS, requestOffset=0
2026-06-10 18:07:07 WARN TransactionalMessageCheckService - The miss op offset=0 in queue=MessageQueue [topic=RMQ_SYS_TRANS_OP_HALF_TOPIC, brokerName=broker-a, queueId=0] is NO_NEW_MSG, pullResult=PullResult [pullStatus=NO_NEW_MSG, nextBeginOffset=0, minOffset=0, maxOffset=0, msgFoundList=0]
2026-06-10 18:07:07 WARN TransactionalMessageCheckService - No new message. GetMessageStatus=NO_MESSAGE_IN_QUEUE, topic=RMQ_SYS_TRANS_HALF_TOPIC, groupId=CID_RMQ_SYS_TRANS, requestOffset=0
2026-06-10 18:07:07 WARN TransactionalMessageCheckService - No new message. GetMessageStatus=NO_MESSAGE_IN_QUEUE, topic=RMQ_SYS_TRANS_HALF_TOPIC, groupId=CID_RMQ_SYS_TRANS, requestOffset=0
2026-06-10 18:07:07 WARN TransactionalMessageCheckService - No new message. GetMessageStatus=NO_MESSAGE_IN_QUEUE, topic=RMQ_SYS_TRANS_OP_HALF_TOPIC, groupId=CID_RMQ_SYS_TRANS, requestOffset=0
2026-06-10 18:07:07 INFO TransactionalMessageCheckService - After check, MessageQueue [topic=RMQ_SYS_TRANS_HALF_TOPIC, brokerName=broker-a, queueId=0] opOffset=0 opOffsetDiff=0 msgOffset=0 msgOffsetDiff=0 msgTime=Wed Jun 10 10:07:07 UTC 2026 msgTimeDelayInMs=0 putInQueueCount=0
2026-06-10 18:07:07 INFO TransactionalMessageCheckService - End to check prepare message, consumed time:1
2026-06-10 18:07:37 INFO TransactionalMessageCheckService - Begin to check prepare message, begin time:1781086057544
2026-06-10 18:07:37 INFO TransactionalMessageCheckService - Before check, the queue=MessageQueue [topic=RMQ_SYS_TRANS_HALF_TOPIC, brokerName=broker-a, queueId=0] msgOffset=0 opOffset=0
2026-06-10 18:07:37 WARN TransactionalMessageCheckService - No new message. GetMessageStatus=NO_MESSAGE_IN_QUEUE, topic=RMQ_SYS_TRANS_OP_HALF_TOPIC, groupId=CID_RMQ_SYS_TRANS, requestOffset=0
2026-06-10 18:07:37 WARN TransactionalMessageCheckService - The miss op offset=0 in queue=MessageQueue [topic=RMQ_SYS_TRANS_OP_HALF_TOPIC, brokerName=broker-a, queueId=0] is NO_NEW_MSG, pullResult=PullResult [pullStatus=NO_NEW_MSG, nextBeginOffset=0, minOffset=0, maxOffset=0, msgFoundList=0]
2026-06-10 18:07:37 WARN TransactionalMessageCheckService - No new message. GetMessageStatus=NO_MESSAGE_IN_QUEUE, topic=RMQ_SYS_TRANS_HALF_TOPIC, groupId=CID_RMQ_SYS_TRANS, requestOffset=0
2026-06-10 18:07:37 WARN TransactionalMessageCheckService - No new message. GetMessageStatus=NO_MESSAGE_IN_QUEUE, topic=RMQ_SYS_TRANS_HALF_TOPIC, groupId=CID_RMQ_SYS_TRANS, requestOffset=0
2026-06-10 18:07:37 WARN TransactionalMessageCheckService - No new message. GetMessageStatus=NO_MESSAGE_IN_QUEUE, topic=RMQ_SYS_TRANS_OP_HALF_TOPIC, groupId=CID_RMQ_SYS_TRANS, requestOffset=0
2026-06-10 18:07:37 INFO TransactionalMessageCheckService - After check, MessageQueue [topic=RMQ_SYS_TRANS_HALF_TOPIC, brokerName=broker-a, queueId=0] opOffset=0 opOffsetDiff=0 msgOffset=0 msgOffsetDiff=0 msgTime=Wed Jun 10 10:07:37 UTC 2026 msgTimeDelayInMs=0 putInQueueCount=0
2026-06-10 18:07:37 INFO TransactionalMessageCheckService - End to check prepare message, consumed time:0
2026-06-10 18:08:07 INFO TransactionalMessageCheckService - Begin to check prepare message, begin time:1781086087544
2026-06-10 18:08:07 INFO TransactionalMessageCheckService - Before check, the queue=MessageQueue [topic=RMQ_SYS_TRANS_HALF_TOPIC, brokerName=broker-a, queueId=0] msgOffset=0 opOffset=0
2026-06-10 18:08:07 WARN TransactionalMessageCheckService - No new message. GetMessageStatus=NO_MESSAGE_IN_QUEUE, topic=RMQ_SYS_TRANS_OP_HALF_TOPIC, groupId=CID_RMQ_SYS_TRANS, requestOffset=0
2026-06-10 18:08:07 WARN TransactionalMessageCheckService - The miss op offset=0 in queue=MessageQueue [topic=RMQ_SYS_TRANS_OP_HALF_TOPIC, brokerName=broker-a, queueId=0] is NO_NEW_MSG, pullResult=PullResult [pullStatus=NO_NEW_MSG, nextBeginOffset=0, minOffset=0, maxOffset=0, msgFoundList=0]
2026-06-10 18:08:07 WARN TransactionalMessageCheckService - No new message. GetMessageStatus=NO_MESSAGE_IN_QUEUE, topic=RMQ_SYS_TRANS_HALF_TOPIC, groupId=CID_RMQ_SYS_TRANS, requestOffset=0
2026-06-10 18:08:07 WARN TransactionalMessageCheckService - No new message. GetMessageStatus=NO_MESSAGE_IN_QUEUE, topic=RMQ_SYS_TRANS_HALF_TOPIC, groupId=CID_RMQ_SYS_TRANS, requestOffset=0
2026-06-10 18:08:07 WARN TransactionalMessageCheckService - No new message. GetMessageStatus=NO_MESSAGE_IN_QUEUE, topic=RMQ_SYS_TRANS_OP_HALF_TOPIC, groupId=CID_RMQ_SYS_TRANS, requestOffset=0
2026-06-10 18:08:07 INFO TransactionalMessageCheckService - After check, MessageQueue [topic=RMQ_SYS_TRANS_HALF_TOPIC, brokerName=broker-a, queueId=0] opOffset=0 opOffsetDiff=0 msgOffset=0 msgOffsetDiff=0 msgTime=Wed Jun 10 10:08:07 UTC 2026 msgTimeDelayInMs=0 putInQueueCount=0
2026-06-10 18:08:07 INFO TransactionalMessageCheckService - End to check prepare message, consumed time:0
2026-06-10 18:08:37 INFO TransactionalMessageCheckService - Begin to check prepare message, begin time:1781086117544
2026-06-10 18:08:37 INFO TransactionalMessageCheckService - Before check, the queue=MessageQueue [topic=RMQ_SYS_TRANS_HALF_TOPIC, brokerName=broker-a, queueId=0] msgOffset=0 opOffset=0
2026-06-10 18:08:37 WARN TransactionalMessageCheckService - No new message. GetMessageStatus=NO_MESSAGE_IN_QUEUE, topic=RMQ_SYS_TRANS_OP_HALF_TOPIC, groupId=CID_RMQ_SYS_TRANS, requestOffset=0
2026-06-10 18:08:37 WARN TransactionalMessageCheckService - The miss op offset=0 in queue=MessageQueue [topic=RMQ_SYS_TRANS_OP_HALF_TOPIC, brokerName=broker-a, queueId=0] is NO_NEW_MSG, pullResult=PullResult [pullStatus=NO_NEW_MSG, nextBeginOffset=0, minOffset=0, maxOffset=0, msgFoundList=0]
2026-06-10 18:08:37 WARN TransactionalMessageCheckService - No new message. GetMessageStatus=NO_MESSAGE_IN_QUEUE, topic=RMQ_SYS_TRANS_HALF_TOPIC, groupId=CID_RMQ_SYS_TRANS, requestOffset=0
2026-06-10 18:08:37 WARN TransactionalMessageCheckService - No new message. GetMessageStatus=NO_MESSAGE_IN_QUEUE, topic=RMQ_SYS_TRANS_HALF_TOPIC, groupId=CID_RMQ_SYS_TRANS, requestOffset=0
2026-06-10 18:08:37 WARN TransactionalMessageCheckService - No new message. GetMessageStatus=NO_MESSAGE_IN_QUEUE, topic=RMQ_SYS_TRANS_OP_HALF_TOPIC, groupId=CID_RMQ_SYS_TRANS, requestOffset=0
2026-06-10 18:08:37 INFO TransactionalMessageCheckService - After check, MessageQueue [topic=RMQ_SYS_TRANS_HALF_TOPIC, brokerName=broker-a, queueId=0] opOffset=0 opOffsetDiff=0 msgOffset=0 msgOffsetDiff=0 msgTime=Wed Jun 10 10:08:37 UTC 2026 msgTimeDelayInMs=0 putInQueueCount=0
2026-06-10 18:08:37 INFO TransactionalMessageCheckService - End to check prepare message, consumed time:1
2026-06-10 18:09:07 INFO TransactionalMessageCheckService - Begin to check prepare message, begin time:1781086147545
2026-06-10 18:09:07 INFO TransactionalMessageCheckService - Before check, the queue=MessageQueue [topic=RMQ_SYS_TRANS_HALF_TOPIC, brokerName=broker-a, queueId=0] msgOffset=0 opOffset=0
2026-06-10 18:09:07 WARN TransactionalMessageCheckService - No new message. GetMessageStatus=NO_MESSAGE_IN_QUEUE, topic=RMQ_SYS_TRANS_OP_HALF_TOPIC, groupId=CID_RMQ_SYS_TRANS, requestOffset=0
2026-06-10 18:09:07 WARN TransactionalMessageCheckService - The miss op offset=0 in queue=MessageQueue [topic=RMQ_SYS_TRANS_OP_HALF_TOPIC, brokerName=broker-a, queueId=0] is NO_NEW_MSG, pullResult=PullResult [pullStatus=NO_NEW_MSG, nextBeginOffset=0, minOffset=0, maxOffset=0, msgFoundList=0]
2026-06-10 18:09:07 WARN TransactionalMessageCheckService - No new message. GetMessageStatus=NO_MESSAGE_IN_QUEUE, topic=RMQ_SYS_TRANS_HALF_TOPIC, groupId=CID_RMQ_SYS_TRANS, requestOffset=0
2026-06-10 18:09:07 WARN TransactionalMessageCheckService - No new message. GetMessageStatus=NO_MESSAGE_IN_QUEUE, topic=RMQ_SYS_TRANS_HALF_TOPIC, groupId=CID_RMQ_SYS_TRANS, requestOffset=0
2026-06-10 18:09:07 WARN TransactionalMessageCheckService - No new message. GetMessageStatus=NO_MESSAGE_IN_QUEUE, topic=RMQ_SYS_TRANS_OP_HALF_TOPIC, groupId=CID_RMQ_SYS_TRANS, requestOffset=0
2026-06-10 18:09:07 INFO TransactionalMessageCheckService - After check, MessageQueue [topic=RMQ_SYS_TRANS_HALF_TOPIC, brokerName=broker-a, queueId=0] opOffset=0 opOffsetDiff=0 msgOffset=0 msgOffsetDiff=0 msgTime=Wed Jun 10 10:09:07 UTC 2026 msgTimeDelayInMs=0 putInQueueCount=0
2026-06-10 18:09:07 INFO TransactionalMessageCheckService - End to check prepare message, consumed time:0
2026-06-10 18:09:37 INFO TransactionalMessageCheckService - Begin to check prepare message, begin time:1781086177545
2026-06-10 18:09:37 INFO TransactionalMessageCheckService - Before check, the queue=MessageQueue [topic=RMQ_SYS_TRANS_HALF_TOPIC, brokerName=broker-a, queueId=0] msgOffset=0 opOffset=0
2026-06-10 18:09:37 WARN TransactionalMessageCheckService - No new message. GetMessageStatus=NO_MESSAGE_IN_QUEUE, topic=RMQ_SYS_TRANS_OP_HALF_TOPIC, groupId=CID_RMQ_SYS_TRANS, requestOffset=0
2026-06-10 18:09:37 WARN TransactionalMessageCheckService - The miss op offset=0 in queue=MessageQueue [topic=RMQ_SYS_TRANS_OP_HALF_TOPIC, brokerName=broker-a, queueId=0] is NO_NEW_MSG, pullResult=PullResult [pullStatus=NO_NEW_MSG, nextBeginOffset=0, minOffset=0, maxOffset=0, msgFoundList=0]
2026-06-10 18:09:37 WARN TransactionalMessageCheckService - No new message. GetMessageStatus=NO_MESSAGE_IN_QUEUE, topic=RMQ_SYS_TRANS_HALF_TOPIC, groupId=CID_RMQ_SYS_TRANS, requestOffset=0
2026-06-10 18:09:37 WARN TransactionalMessageCheckService - No new message. GetMessageStatus=NO_MESSAGE_IN_QUEUE, topic=RMQ_SYS_TRANS_HALF_TOPIC, groupId=CID_RMQ_SYS_TRANS, requestOffset=0
2026-06-10 18:09:37 WARN TransactionalMessageCheckService - No new message. GetMessageStatus=NO_MESSAGE_IN_QUEUE, topic=RMQ_SYS_TRANS_OP_HALF_TOPIC, groupId=CID_RMQ_SYS_TRANS, requestOffset=0
2026-06-10 18:09:37 INFO TransactionalMessageCheckService - After check, MessageQueue [topic=RMQ_SYS_TRANS_HALF_TOPIC, brokerName=broker-a, queueId=0] opOffset=0 opOffsetDiff=0 msgOffset=0 msgOffsetDiff=0 msgTime=Wed Jun 10 10:09:37 UTC 2026 msgTimeDelayInMs=0 putInQueueCount=0
2026-06-10 18:09:37 INFO TransactionalMessageCheckService - End to check prepare message, consumed time:1
2026-06-10 18:10:07 INFO TransactionalMessageCheckService - Begin to check prepare message, begin time:1781086207546
2026-06-10 18:10:07 INFO TransactionalMessageCheckService - Before check, the queue=MessageQueue [topic=RMQ_SYS_TRANS_HALF_TOPIC, brokerName=broker-a, queueId=0] msgOffset=0 opOffset=0
2026-06-10 18:10:07 WARN TransactionalMessageCheckService - No new message. GetMessageStatus=NO_MESSAGE_IN_QUEUE, topic=RMQ_SYS_TRANS_OP_HALF_TOPIC, groupId=CID_RMQ_SYS_TRANS, requestOffset=0
2026-06-10 18:10:07 WARN TransactionalMessageCheckService - The miss op offset=0 in queue=MessageQueue [topic=RMQ_SYS_TRANS_OP_HALF_TOPIC, brokerName=broker-a, queueId=0] is NO_NEW_MSG, pullResult=PullResult [pullStatus=NO_NEW_MSG, nextBeginOffset=0, minOffset=0, maxOffset=0, msgFoundList=0]
2026-06-10 18:10:07 WARN TransactionalMessageCheckService - No new message. GetMessageStatus=NO_MESSAGE_IN_QUEUE, topic=RMQ_SYS_TRANS_HALF_TOPIC, groupId=CID_RMQ_SYS_TRANS, requestOffset=0
2026-06-10 18:10:07 WARN TransactionalMessageCheckService - No new message. GetMessageStatus=NO_MESSAGE_IN_QUEUE, topic=RMQ_SYS_TRANS_HALF_TOPIC, groupId=CID_RMQ_SYS_TRANS, requestOffset=0
2026-06-10 18:10:07 WARN TransactionalMessageCheckService - No new message. GetMessageStatus=NO_MESSAGE_IN_QUEUE, topic=RMQ_SYS_TRANS_OP_HALF_TOPIC, groupId=CID_RMQ_SYS_TRANS, requestOffset=0
2026-06-10 18:10:07 INFO TransactionalMessageCheckService - After check, MessageQueue [topic=RMQ_SYS_TRANS_HALF_TOPIC, brokerName=broker-a, queueId=0] opOffset=0 opOffsetDiff=0 msgOffset=0 msgOffsetDiff=0 msgTime=Wed Jun 10 10:10:07 UTC 2026 msgTimeDelayInMs=0 putInQueueCount=0
2026-06-10 18:10:07 INFO TransactionalMessageCheckService - End to check prepare message, consumed time:1
2026-06-10 18:10:37 INFO TransactionalMessageCheckService - Begin to check prepare message, begin time:1781086237547
2026-06-10 18:10:37 INFO TransactionalMessageCheckService - Before check, the queue=MessageQueue [topic=RMQ_SYS_TRANS_HALF_TOPIC, brokerName=broker-a, queueId=0] msgOffset=0 opOffset=0
2026-06-10 18:10:37 WARN TransactionalMessageCheckService - No new message. GetMessageStatus=NO_MESSAGE_IN_QUEUE, topic=RMQ_SYS_TRANS_OP_HALF_TOPIC, groupId=CID_RMQ_SYS_TRANS, requestOffset=0
2026-06-10 18:10:37 WARN TransactionalMessageCheckService - The miss op offset=0 in queue=MessageQueue [topic=RMQ_SYS_TRANS_OP_HALF_TOPIC, brokerName=broker-a, queueId=0] is NO_NEW_MSG, pullResult=PullResult [pullStatus=NO_NEW_MSG, nextBeginOffset=0, minOffset=0, maxOffset=0, msgFoundList=0]
2026-06-10 18:10:37 WARN TransactionalMessageCheckService - No new message. GetMessageStatus=NO_MESSAGE_IN_QUEUE, topic=RMQ_SYS_TRANS_HALF_TOPIC, groupId=CID_RMQ_SYS_TRANS, requestOffset=0
2026-06-10 18:10:37 WARN TransactionalMessageCheckService - No new message. GetMessageStatus=NO_MESSAGE_IN_QUEUE, topic=RMQ_SYS_TRANS_HALF_TOPIC, groupId=CID_RMQ_SYS_TRANS, requestOffset=0
2026-06-10 18:10:37 WARN TransactionalMessageCheckService - No new message. GetMessageStatus=NO_MESSAGE_IN_QUEUE, topic=RMQ_SYS_TRANS_OP_HALF_TOPIC, groupId=CID_RMQ_SYS_TRANS, requestOffset=0
2026-06-10 18:10:37 INFO TransactionalMessageCheckService - After check, MessageQueue [topic=RMQ_SYS_TRANS_HALF_TOPIC, brokerName=broker-a, queueId=0] opOffset=0 opOffsetDiff=0 msgOffset=0 msgOffsetDiff=0 msgTime=Wed Jun 10 10:10:37 UTC 2026 msgTimeDelayInMs=0 putInQueueCount=0
2026-06-10 18:10:37 INFO TransactionalMessageCheckService - End to check prepare message, consumed time:0
2026-06-10 18:11:07 INFO TransactionalMessageCheckService - Begin to check prepare message, begin time:1781086267548
2026-06-10 18:11:07 INFO TransactionalMessageCheckService - Before check, the queue=MessageQueue [topic=RMQ_SYS_TRANS_HALF_TOPIC, brokerName=broker-a, queueId=0] msgOffset=0 opOffset=0
2026-06-10 18:11:07 WARN TransactionalMessageCheckService - No new message. GetMessageStatus=NO_MESSAGE_IN_QUEUE, topic=RMQ_SYS_TRANS_OP_HALF_TOPIC, groupId=CID_RMQ_SYS_TRANS, requestOffset=0
2026-06-10 18:11:07 WARN TransactionalMessageCheckService - The miss op offset=0 in queue=MessageQueue [topic=RMQ_SYS_TRANS_OP_HALF_TOPIC, brokerName=broker-a, queueId=0] is NO_NEW_MSG, pullResult=PullResult [pullStatus=NO_NEW_MSG, nextBeginOffset=0, minOffset=0, maxOffset=0, msgFoundList=0]
2026-06-10 18:11:07 WARN TransactionalMessageCheckService - No new message. GetMessageStatus=NO_MESSAGE_IN_QUEUE, topic=RMQ_SYS_TRANS_HALF_TOPIC, groupId=CID_RMQ_SYS_TRANS, requestOffset=0
2026-06-10 18:11:07 WARN TransactionalMessageCheckService - No new message. GetMessageStatus=NO_MESSAGE_IN_QUEUE, topic=RMQ_SYS_TRANS_HALF_TOPIC, groupId=CID_RMQ_SYS_TRANS, requestOffset=0
2026-06-10 18:11:07 WARN TransactionalMessageCheckService - No new message. GetMessageStatus=NO_MESSAGE_IN_QUEUE, topic=RMQ_SYS_TRANS_OP_HALF_TOPIC, groupId=CID_RMQ_SYS_TRANS, requestOffset=0
2026-06-10 18:11:07 INFO TransactionalMessageCheckService - After check, MessageQueue [topic=RMQ_SYS_TRANS_HALF_TOPIC, brokerName=broker-a, queueId=0] opOffset=0 opOffsetDiff=0 msgOffset=0 msgOffsetDiff=0 msgTime=Wed Jun 10 10:11:07 UTC 2026 msgTimeDelayInMs=0 putInQueueCount=0
2026-06-10 18:11:07 INFO TransactionalMessageCheckService - End to check prepare message, consumed time:0
2026-06-10 18:11:37 INFO TransactionalMessageCheckService - Begin to check prepare message, begin time:1781086297548
2026-06-10 18:11:37 INFO TransactionalMessageCheckService - Before check, the queue=MessageQueue [topic=RMQ_SYS_TRANS_HALF_TOPIC, brokerName=broker-a, queueId=0] msgOffset=0 opOffset=0
2026-06-10 18:11:37 WARN TransactionalMessageCheckService - No new message. GetMessageStatus=NO_MESSAGE_IN_QUEUE, topic=RMQ_SYS_TRANS_OP_HALF_TOPIC, groupId=CID_RMQ_SYS_TRANS, requestOffset=0
2026-06-10 18:11:37 WARN TransactionalMessageCheckService - The miss op offset=0 in queue=MessageQueue [topic=RMQ_SYS_TRANS_OP_HALF_TOPIC, brokerName=broker-a, queueId=0] is NO_NEW_MSG, pullResult=PullResult [pullStatus=NO_NEW_MSG, nextBeginOffset=0, minOffset=0, maxOffset=0, msgFoundList=0]
2026-06-10 18:11:37 WARN TransactionalMessageCheckService - No new message. GetMessageStatus=NO_MESSAGE_IN_QUEUE, topic=RMQ_SYS_TRANS_HALF_TOPIC, groupId=CID_RMQ_SYS_TRANS, requestOffset=0
2026-06-10 18:11:37 WARN TransactionalMessageCheckService - No new message. GetMessageStatus=NO_MESSAGE_IN_QUEUE, topic=RMQ_SYS_TRANS_HALF_TOPIC, groupId=CID_RMQ_SYS_TRANS, requestOffset=0
2026-06-10 18:11:37 WARN TransactionalMessageCheckService - No new message. GetMessageStatus=NO_MESSAGE_IN_QUEUE, topic=RMQ_SYS_TRANS_OP_HALF_TOPIC, groupId=CID_RMQ_SYS_TRANS, requestOffset=0
2026-06-10 18:11:37 INFO TransactionalMessageCheckService - After check, MessageQueue [topic=RMQ_SYS_TRANS_HALF_TOPIC, brokerName=broker-a, queueId=0] opOffset=0 opOffsetDiff=0 msgOffset=0 msgOffsetDiff=0 msgTime=Wed Jun 10 10:11:37 UTC 2026 msgTimeDelayInMs=0 putInQueueCount=0
2026-06-10 18:11:37 INFO TransactionalMessageCheckService - End to check prepare message, consumed time:0
2026-06-10 18:12:07 INFO TransactionalMessageCheckService - Begin to check prepare message, begin time:1781086327548
2026-06-10 18:12:07 INFO TransactionalMessageCheckService - Before check, the queue=MessageQueue [topic=RMQ_SYS_TRANS_HALF_TOPIC, brokerName=broker-a, queueId=0] msgOffset=0 opOffset=0
2026-06-10 18:12:07 WARN TransactionalMessageCheckService - No new message. GetMessageStatus=NO_MESSAGE_IN_QUEUE, topic=RMQ_SYS_TRANS_OP_HALF_TOPIC, groupId=CID_RMQ_SYS_TRANS, requestOffset=0
2026-06-10 18:12:07 WARN TransactionalMessageCheckService - The miss op offset=0 in queue=MessageQueue [topic=RMQ_SYS_TRANS_OP_HALF_TOPIC, brokerName=broker-a, queueId=0] is NO_NEW_MSG, pullResult=PullResult [pullStatus=NO_NEW_MSG, nextBeginOffset=0, minOffset=0, maxOffset=0, msgFoundList=0]
2026-06-10 18:12:07 WARN TransactionalMessageCheckService - No new message. GetMessageStatus=NO_MESSAGE_IN_QUEUE, topic=RMQ_SYS_TRANS_HALF_TOPIC, groupId=CID_RMQ_SYS_TRANS, requestOffset=0
2026-06-10 18:12:07 WARN TransactionalMessageCheckService - No new message. GetMessageStatus=NO_MESSAGE_IN_QUEUE, topic=RMQ_SYS_TRANS_HALF_TOPIC, groupId=CID_RMQ_SYS_TRANS, requestOffset=0
2026-06-10 18:12:07 WARN TransactionalMessageCheckService - No new message. GetMessageStatus=NO_MESSAGE_IN_QUEUE, topic=RMQ_SYS_TRANS_OP_HALF_TOPIC, groupId=CID_RMQ_SYS_TRANS, requestOffset=0
2026-06-10 18:12:07 INFO TransactionalMessageCheckService - After check, MessageQueue [topic=RMQ_SYS_TRANS_HALF_TOPIC, brokerName=broker-a, queueId=0] opOffset=0 opOffsetDiff=0 msgOffset=0 msgOffsetDiff=0 msgTime=Wed Jun 10 10:12:07 UTC 2026 msgTimeDelayInMs=0 putInQueueCount=0
2026-06-10 18:12:07 INFO TransactionalMessageCheckService - End to check prepare message, consumed time:1
2026-06-10 18:12:37 INFO TransactionalMessageCheckService - Begin to check prepare message, begin time:1781086357549
2026-06-10 18:12:37 INFO TransactionalMessageCheckService - Before check, the queue=MessageQueue [topic=RMQ_SYS_TRANS_HALF_TOPIC, brokerName=broker-a, queueId=0] msgOffset=0 opOffset=0
2026-06-10 18:12:37 WARN TransactionalMessageCheckService - No new message. GetMessageStatus=NO_MESSAGE_IN_QUEUE, topic=RMQ_SYS_TRANS_OP_HALF_TOPIC, groupId=CID_RMQ_SYS_TRANS, requestOffset=0
2026-06-10 18:12:37 WARN TransactionalMessageCheckService - The miss op offset=0 in queue=MessageQueue [topic=RMQ_SYS_TRANS_OP_HALF_TOPIC, brokerName=broker-a, queueId=0] is NO_NEW_MSG, pullResult=PullResult [pullStatus=NO_NEW_MSG, nextBeginOffset=0, minOffset=0, maxOffset=0, msgFoundList=0]
2026-06-10 18:12:37 WARN TransactionalMessageCheckService - No new message. GetMessageStatus=NO_MESSAGE_IN_QUEUE, topic=RMQ_SYS_TRANS_HALF_TOPIC, groupId=CID_RMQ_SYS_TRANS, requestOffset=0
2026-06-10 18:12:37 WARN TransactionalMessageCheckService - No new message. GetMessageStatus=NO_MESSAGE_IN_QUEUE, topic=RMQ_SYS_TRANS_HALF_TOPIC, groupId=CID_RMQ_SYS_TRANS, requestOffset=0
2026-06-10 18:12:37 WARN TransactionalMessageCheckService - No new message. GetMessageStatus=NO_MESSAGE_IN_QUEUE, topic=RMQ_SYS_TRANS_OP_HALF_TOPIC, groupId=CID_RMQ_SYS_TRANS, requestOffset=0
2026-06-10 18:12:37 INFO TransactionalMessageCheckService - After check, MessageQueue [topic=RMQ_SYS_TRANS_HALF_TOPIC, brokerName=broker-a, queueId=0] opOffset=0 opOffsetDiff=0 msgOffset=0 msgOffsetDiff=0 msgTime=Wed Jun 10 10:12:37 UTC 2026 msgTimeDelayInMs=0 putInQueueCount=0
2026-06-10 18:12:37 INFO TransactionalMessageCheckService - End to check prepare message, consumed time:1
2026-06-10 18:13:07 INFO TransactionalMessageCheckService - Begin to check prepare message, begin time:1781086387550
2026-06-10 18:13:07 INFO TransactionalMessageCheckService - Before check, the queue=MessageQueue [topic=RMQ_SYS_TRANS_HALF_TOPIC, brokerName=broker-a, queueId=0] msgOffset=0 opOffset=0
2026-06-10 18:13:07 WARN TransactionalMessageCheckService - No new message. GetMessageStatus=NO_MESSAGE_IN_QUEUE, topic=RMQ_SYS_TRANS_OP_HALF_TOPIC, groupId=CID_RMQ_SYS_TRANS, requestOffset=0
2026-06-10 18:13:07 WARN TransactionalMessageCheckService - The miss op offset=0 in queue=MessageQueue [topic=RMQ_SYS_TRANS_OP_HALF_TOPIC, brokerName=broker-a, queueId=0] is NO_NEW_MSG, pullResult=PullResult [pullStatus=NO_NEW_MSG, nextBeginOffset=0, minOffset=0, maxOffset=0, msgFoundList=0]
2026-06-10 18:13:07 WARN TransactionalMessageCheckService - No new message. GetMessageStatus=NO_MESSAGE_IN_QUEUE, topic=RMQ_SYS_TRANS_HALF_TOPIC, groupId=CID_RMQ_SYS_TRANS, requestOffset=0
2026-06-10 18:13:07 WARN TransactionalMessageCheckService - No new message. GetMessageStatus=NO_MESSAGE_IN_QUEUE, topic=RMQ_SYS_TRANS_HALF_TOPIC, groupId=CID_RMQ_SYS_TRANS, requestOffset=0
2026-06-10 18:13:07 WARN TransactionalMessageCheckService - No new message. GetMessageStatus=NO_MESSAGE_IN_QUEUE, topic=RMQ_SYS_TRANS_OP_HALF_TOPIC, groupId=CID_RMQ_SYS_TRANS, requestOffset=0
2026-06-10 18:13:07 INFO TransactionalMessageCheckService - After check, MessageQueue [topic=RMQ_SYS_TRANS_HALF_TOPIC, brokerName=broker-a, queueId=0] opOffset=0 opOffsetDiff=0 msgOffset=0 msgOffsetDiff=0 msgTime=Wed Jun 10 10:13:07 UTC 2026 msgTimeDelayInMs=0 putInQueueCount=0
2026-06-10 18:13:07 INFO TransactionalMessageCheckService - End to check prepare message, consumed time:0
2026-06-10 18:13:37 INFO TransactionalMessageCheckService - Begin to check prepare message, begin time:1781086417550
2026-06-10 18:13:37 INFO TransactionalMessageCheckService - Before check, the queue=MessageQueue [topic=RMQ_SYS_TRANS_HALF_TOPIC, brokerName=broker-a, queueId=0] msgOffset=0 opOffset=0
2026-06-10 18:13:37 WARN TransactionalMessageCheckService - No new message. GetMessageStatus=NO_MESSAGE_IN_QUEUE, topic=RMQ_SYS_TRANS_OP_HALF_TOPIC, groupId=CID_RMQ_SYS_TRANS, requestOffset=0
2026-06-10 18:13:37 WARN TransactionalMessageCheckService - The miss op offset=0 in queue=MessageQueue [topic=RMQ_SYS_TRANS_OP_HALF_TOPIC, brokerName=broker-a, queueId=0] is NO_NEW_MSG, pullResult=PullResult [pullStatus=NO_NEW_MSG, nextBeginOffset=0, minOffset=0, maxOffset=0, msgFoundList=0]
2026-06-10 18:13:37 WARN TransactionalMessageCheckService - No new message. GetMessageStatus=NO_MESSAGE_IN_QUEUE, topic=RMQ_SYS_TRANS_HALF_TOPIC, groupId=CID_RMQ_SYS_TRANS, requestOffset=0
2026-06-10 18:13:37 WARN TransactionalMessageCheckService - No new message. GetMessageStatus=NO_MESSAGE_IN_QUEUE, topic=RMQ_SYS_TRANS_HALF_TOPIC, groupId=CID_RMQ_SYS_TRANS, requestOffset=0
2026-06-10 18:13:37 WARN TransactionalMessageCheckService - No new message. GetMessageStatus=NO_MESSAGE_IN_QUEUE, topic=RMQ_SYS_TRANS_OP_HALF_TOPIC, groupId=CID_RMQ_SYS_TRANS, requestOffset=0
2026-06-10 18:13:37 INFO TransactionalMessageCheckService - After check, MessageQueue [topic=RMQ_SYS_TRANS_HALF_TOPIC, brokerName=broker-a, queueId=0] opOffset=0 opOffsetDiff=0 msgOffset=0 msgOffsetDiff=0 msgTime=Wed Jun 10 10:13:37 UTC 2026 msgTimeDelayInMs=0 putInQueueCount=0
2026-06-10 18:13:37 INFO TransactionalMessageCheckService - End to check prepare message, consumed time:0
2026-06-10 18:14:07 INFO TransactionalMessageCheckService - Begin to check prepare message, begin time:1781086447551
2026-06-10 18:14:07 INFO TransactionalMessageCheckService - Before check, the queue=MessageQueue [topic=RMQ_SYS_TRANS_HALF_TOPIC, brokerName=broker-a, queueId=0] msgOffset=0 opOffset=0
2026-06-10 18:14:07 WARN TransactionalMessageCheckService - No new message. GetMessageStatus=NO_MESSAGE_IN_QUEUE, topic=RMQ_SYS_TRANS_OP_HALF_TOPIC, groupId=CID_RMQ_SYS_TRANS, requestOffset=0
2026-06-10 18:14:07 WARN TransactionalMessageCheckService - The miss op offset=0 in queue=MessageQueue [topic=RMQ_SYS_TRANS_OP_HALF_TOPIC, brokerName=broker-a, queueId=0] is NO_NEW_MSG, pullResult=PullResult [pullStatus=NO_NEW_MSG, nextBeginOffset=0, minOffset=0, maxOffset=0, msgFoundList=0]
2026-06-10 18:14:07 WARN TransactionalMessageCheckService - No new message. GetMessageStatus=NO_MESSAGE_IN_QUEUE, topic=RMQ_SYS_TRANS_HALF_TOPIC, groupId=CID_RMQ_SYS_TRANS, requestOffset=0
2026-06-10 18:14:07 WARN TransactionalMessageCheckService - No new message. GetMessageStatus=NO_MESSAGE_IN_QUEUE, topic=RMQ_SYS_TRANS_HALF_TOPIC, groupId=CID_RMQ_SYS_TRANS, requestOffset=0
2026-06-10 18:14:07 WARN TransactionalMessageCheckService - No new message. GetMessageStatus=NO_MESSAGE_IN_QUEUE, topic=RMQ_SYS_TRANS_OP_HALF_TOPIC, groupId=CID_RMQ_SYS_TRANS, requestOffset=0
2026-06-10 18:14:07 INFO TransactionalMessageCheckService - After check, MessageQueue [topic=RMQ_SYS_TRANS_HALF_TOPIC, brokerName=broker-a, queueId=0] opOffset=0 opOffsetDiff=0 msgOffset=0 msgOffsetDiff=0 msgTime=Wed Jun 10 10:14:07 UTC 2026 msgTimeDelayInMs=0 putInQueueCount=0
2026-06-10 18:14:07 INFO TransactionalMessageCheckService - End to check prepare message, consumed time:0
2026-06-10 18:14:37 INFO TransactionalMessageCheckService - Begin to check prepare message, begin time:1781086477552
2026-06-10 18:14:37 INFO TransactionalMessageCheckService - Before check, the queue=MessageQueue [topic=RMQ_SYS_TRANS_HALF_TOPIC, brokerName=broker-a, queueId=0] msgOffset=0 opOffset=0
2026-06-10 18:14:37 WARN TransactionalMessageCheckService - No new message. GetMessageStatus=NO_MESSAGE_IN_QUEUE, topic=RMQ_SYS_TRANS_OP_HALF_TOPIC, groupId=CID_RMQ_SYS_TRANS, requestOffset=0
2026-06-10 18:14:37 WARN TransactionalMessageCheckService - The miss op offset=0 in queue=MessageQueue [topic=RMQ_SYS_TRANS_OP_HALF_TOPIC, brokerName=broker-a, queueId=0] is NO_NEW_MSG, pullResult=PullResult [pullStatus=NO_NEW_MSG, nextBeginOffset=0, minOffset=0, maxOffset=0, msgFoundList=0]
2026-06-10 18:14:37 WARN TransactionalMessageCheckService - No new message. GetMessageStatus=NO_MESSAGE_IN_QUEUE, topic=RMQ_SYS_TRANS_HALF_TOPIC, groupId=CID_RMQ_SYS_TRANS, requestOffset=0
2026-06-10 18:14:37 WARN TransactionalMessageCheckService - No new message. GetMessageStatus=NO_MESSAGE_IN_QUEUE, topic=RMQ_SYS_TRANS_HALF_TOPIC, groupId=CID_RMQ_SYS_TRANS, requestOffset=0
2026-06-10 18:14:37 WARN TransactionalMessageCheckService - No new message. GetMessageStatus=NO_MESSAGE_IN_QUEUE, topic=RMQ_SYS_TRANS_OP_HALF_TOPIC, groupId=CID_RMQ_SYS_TRANS, requestOffset=0
2026-06-10 18:14:37 INFO TransactionalMessageCheckService - After check, MessageQueue [topic=RMQ_SYS_TRANS_HALF_TOPIC, brokerName=broker-a, queueId=0] opOffset=0 opOffsetDiff=0 msgOffset=0 msgOffsetDiff=0 msgTime=Wed Jun 10 10:14:37 UTC 2026 msgTimeDelayInMs=0 putInQueueCount=0
2026-06-10 18:14:37 INFO TransactionalMessageCheckService - End to check prepare message, consumed time:0
2026-06-10 18:15:07 INFO TransactionalMessageCheckService - Begin to check prepare message, begin time:1781086507552
2026-06-10 18:15:07 INFO TransactionalMessageCheckService - Before check, the queue=MessageQueue [topic=RMQ_SYS_TRANS_HALF_TOPIC, brokerName=broker-a, queueId=0] msgOffset=0 opOffset=0
2026-06-10 18:15:07 WARN TransactionalMessageCheckService - No new message. GetMessageStatus=NO_MESSAGE_IN_QUEUE, topic=RMQ_SYS_TRANS_OP_HALF_TOPIC, groupId=CID_RMQ_SYS_TRANS, requestOffset=0
2026-06-10 18:15:07 WARN TransactionalMessageCheckService - The miss op offset=0 in queue=MessageQueue [topic=RMQ_SYS_TRANS_OP_HALF_TOPIC, brokerName=broker-a, queueId=0] is NO_NEW_MSG, pullResult=PullResult [pullStatus=NO_NEW_MSG, nextBeginOffset=0, minOffset=0, maxOffset=0, msgFoundList=0]
2026-06-10 18:15:07 WARN TransactionalMessageCheckService - No new message. GetMessageStatus=NO_MESSAGE_IN_QUEUE, topic=RMQ_SYS_TRANS_HALF_TOPIC, groupId=CID_RMQ_SYS_TRANS, requestOffset=0
2026-06-10 18:15:07 WARN TransactionalMessageCheckService - No new message. GetMessageStatus=NO_MESSAGE_IN_QUEUE, topic=RMQ_SYS_TRANS_HALF_TOPIC, groupId=CID_RMQ_SYS_TRANS, requestOffset=0
2026-06-10 18:15:07 WARN TransactionalMessageCheckService - No new message. GetMessageStatus=NO_MESSAGE_IN_QUEUE, topic=RMQ_SYS_TRANS_OP_HALF_TOPIC, groupId=CID_RMQ_SYS_TRANS, requestOffset=0
2026-06-10 18:15:07 INFO TransactionalMessageCheckService - After check, MessageQueue [topic=RMQ_SYS_TRANS_HALF_TOPIC, brokerName=broker-a, queueId=0] opOffset=0 opOffsetDiff=0 msgOffset=0 msgOffsetDiff=0 msgTime=Wed Jun 10 10:15:07 UTC 2026 msgTimeDelayInMs=0 putInQueueCount=0
2026-06-10 18:15:07 INFO TransactionalMessageCheckService - End to check prepare message, consumed time:1
2026-06-10 18:15:37 INFO TransactionalMessageCheckService - Begin to check prepare message, begin time:1781086537553
2026-06-10 18:15:37 INFO TransactionalMessageCheckService - Before check, the queue=MessageQueue [topic=RMQ_SYS_TRANS_HALF_TOPIC, brokerName=broker-a, queueId=0] msgOffset=0 opOffset=0
2026-06-10 18:15:37 WARN TransactionalMessageCheckService - No new message. GetMessageStatus=NO_MESSAGE_IN_QUEUE, topic=RMQ_SYS_TRANS_OP_HALF_TOPIC, groupId=CID_RMQ_SYS_TRANS, requestOffset=0
2026-06-10 18:15:37 WARN TransactionalMessageCheckService - The miss op offset=0 in queue=MessageQueue [topic=RMQ_SYS_TRANS_OP_HALF_TOPIC, brokerName=broker-a, queueId=0] is NO_NEW_MSG, pullResult=PullResult [pullStatus=NO_NEW_MSG, nextBeginOffset=0, minOffset=0, maxOffset=0, msgFoundList=0]
2026-06-10 18:15:37 WARN TransactionalMessageCheckService - No new message. GetMessageStatus=NO_MESSAGE_IN_QUEUE, topic=RMQ_SYS_TRANS_HALF_TOPIC, groupId=CID_RMQ_SYS_TRANS, requestOffset=0
2026-06-10 18:15:37 WARN TransactionalMessageCheckService - No new message. GetMessageStatus=NO_MESSAGE_IN_QUEUE, topic=RMQ_SYS_TRANS_HALF_TOPIC, groupId=CID_RMQ_SYS_TRANS, requestOffset=0
2026-06-10 18:15:37 WARN TransactionalMessageCheckService - No new message. GetMessageStatus=NO_MESSAGE_IN_QUEUE, topic=RMQ_SYS_TRANS_OP_HALF_TOPIC, groupId=CID_RMQ_SYS_TRANS, requestOffset=0
2026-06-10 18:15:37 INFO TransactionalMessageCheckService - After check, MessageQueue [topic=RMQ_SYS_TRANS_HALF_TOPIC, brokerName=broker-a, queueId=0] opOffset=0 opOffsetDiff=0 msgOffset=0 msgOffsetDiff=0 msgTime=Wed Jun 10 10:15:37 UTC 2026 msgTimeDelayInMs=0 putInQueueCount=0
2026-06-10 18:15:37 INFO TransactionalMessageCheckService - End to check prepare message, consumed time:0
2026-06-10 18:16:07 INFO TransactionalMessageCheckService - Begin to check prepare message, begin time:1781086567553
2026-06-10 18:16:07 INFO TransactionalMessageCheckService - Before check, the queue=MessageQueue [topic=RMQ_SYS_TRANS_HALF_TOPIC, brokerName=broker-a, queueId=0] msgOffset=0 opOffset=0
2026-06-10 18:16:07 WARN TransactionalMessageCheckService - No new message. GetMessageStatus=NO_MESSAGE_IN_QUEUE, topic=RMQ_SYS_TRANS_OP_HALF_TOPIC, groupId=CID_RMQ_SYS_TRANS, requestOffset=0
2026-06-10 18:16:07 WARN TransactionalMessageCheckService - The miss op offset=0 in queue=MessageQueue [topic=RMQ_SYS_TRANS_OP_HALF_TOPIC, brokerName=broker-a, queueId=0] is NO_NEW_MSG, pullResult=PullResult [pullStatus=NO_NEW_MSG, nextBeginOffset=0, minOffset=0, maxOffset=0, msgFoundList=0]
2026-06-10 18:16:07 WARN TransactionalMessageCheckService - No new message. GetMessageStatus=NO_MESSAGE_IN_QUEUE, topic=RMQ_SYS_TRANS_HALF_TOPIC, groupId=CID_RMQ_SYS_TRANS, requestOffset=0
2026-06-10 18:16:07 WARN TransactionalMessageCheckService - No new message. GetMessageStatus=NO_MESSAGE_IN_QUEUE, topic=RMQ_SYS_TRANS_HALF_TOPIC, groupId=CID_RMQ_SYS_TRANS, requestOffset=0
2026-06-10 18:16:07 WARN TransactionalMessageCheckService - No new message. GetMessageStatus=NO_MESSAGE_IN_QUEUE, topic=RMQ_SYS_TRANS_OP_HALF_TOPIC, groupId=CID_RMQ_SYS_TRANS, requestOffset=0
2026-06-10 18:16:07 INFO TransactionalMessageCheckService - After check, MessageQueue [topic=RMQ_SYS_TRANS_HALF_TOPIC, brokerName=broker-a, queueId=0] opOffset=0 opOffsetDiff=0 msgOffset=0 msgOffsetDiff=0 msgTime=Wed Jun 10 10:16:07 UTC 2026 msgTimeDelayInMs=0 putInQueueCount=0
2026-06-10 18:16:07 INFO TransactionalMessageCheckService - End to check prepare message, consumed time:1
2026-06-10 18:16:37 INFO TransactionalMessageCheckService - Begin to check prepare message, begin time:1781086597554
2026-06-10 18:16:37 INFO TransactionalMessageCheckService - Before check, the queue=MessageQueue [topic=RMQ_SYS_TRANS_HALF_TOPIC, brokerName=broker-a, queueId=0] msgOffset=0 opOffset=0
2026-06-10 18:16:37 WARN TransactionalMessageCheckService - No new message. GetMessageStatus=NO_MESSAGE_IN_QUEUE, topic=RMQ_SYS_TRANS_OP_HALF_TOPIC, groupId=CID_RMQ_SYS_TRANS, requestOffset=0
2026-06-10 18:16:37 WARN TransactionalMessageCheckService - The miss op offset=0 in queue=MessageQueue [topic=RMQ_SYS_TRANS_OP_HALF_TOPIC, brokerName=broker-a, queueId=0] is NO_NEW_MSG, pullResult=PullResult [pullStatus=NO_NEW_MSG, nextBeginOffset=0, minOffset=0, maxOffset=0, msgFoundList=0]
2026-06-10 18:16:37 WARN TransactionalMessageCheckService - No new message. GetMessageStatus=NO_MESSAGE_IN_QUEUE, topic=RMQ_SYS_TRANS_HALF_TOPIC, groupId=CID_RMQ_SYS_TRANS, requestOffset=0
2026-06-10 18:16:37 WARN TransactionalMessageCheckService - No new message. GetMessageStatus=NO_MESSAGE_IN_QUEUE, topic=RMQ_SYS_TRANS_HALF_TOPIC, groupId=CID_RMQ_SYS_TRANS, requestOffset=0
2026-06-10 18:16:37 WARN TransactionalMessageCheckService - No new message. GetMessageStatus=NO_MESSAGE_IN_QUEUE, topic=RMQ_SYS_TRANS_OP_HALF_TOPIC, groupId=CID_RMQ_SYS_TRANS, requestOffset=0
2026-06-10 18:16:37 INFO TransactionalMessageCheckService - After check, MessageQueue [topic=RMQ_SYS_TRANS_HALF_TOPIC, brokerName=broker-a, queueId=0] opOffset=0 opOffsetDiff=0 msgOffset=0 msgOffsetDiff=0 msgTime=Wed Jun 10 10:16:37 UTC 2026 msgTimeDelayInMs=0 putInQueueCount=0
2026-06-10 18:16:37 INFO TransactionalMessageCheckService - End to check prepare message, consumed time:1
2026-06-10 18:17:07 INFO TransactionalMessageCheckService - Begin to check prepare message, begin time:1781086627555
2026-06-10 18:17:07 INFO TransactionalMessageCheckService - Before check, the queue=MessageQueue [topic=RMQ_SYS_TRANS_HALF_TOPIC, brokerName=broker-a, queueId=0] msgOffset=0 opOffset=0
2026-06-10 18:17:07 WARN TransactionalMessageCheckService - No new message. GetMessageStatus=NO_MESSAGE_IN_QUEUE, topic=RMQ_SYS_TRANS_OP_HALF_TOPIC, groupId=CID_RMQ_SYS_TRANS, requestOffset=0
2026-06-10 18:17:07 WARN TransactionalMessageCheckService - The miss op offset=0 in queue=MessageQueue [topic=RMQ_SYS_TRANS_OP_HALF_TOPIC, brokerName=broker-a, queueId=0] is NO_NEW_MSG, pullResult=PullResult [pullStatus=NO_NEW_MSG, nextBeginOffset=0, minOffset=0, maxOffset=0, msgFoundList=0]
2026-06-10 18:17:07 WARN TransactionalMessageCheckService - No new message. GetMessageStatus=NO_MESSAGE_IN_QUEUE, topic=RMQ_SYS_TRANS_HALF_TOPIC, groupId=CID_RMQ_SYS_TRANS, requestOffset=0
2026-06-10 18:17:07 WARN TransactionalMessageCheckService - No new message. GetMessageStatus=NO_MESSAGE_IN_QUEUE, topic=RMQ_SYS_TRANS_HALF_TOPIC, groupId=CID_RMQ_SYS_TRANS, requestOffset=0
2026-06-10 18:17:07 WARN TransactionalMessageCheckService - No new message. GetMessageStatus=NO_MESSAGE_IN_QUEUE, topic=RMQ_SYS_TRANS_OP_HALF_TOPIC, groupId=CID_RMQ_SYS_TRANS, requestOffset=0
2026-06-10 18:17:07 INFO TransactionalMessageCheckService - After check, MessageQueue [topic=RMQ_SYS_TRANS_HALF_TOPIC, brokerName=broker-a, queueId=0] opOffset=0 opOffsetDiff=0 msgOffset=0 msgOffsetDiff=0 msgTime=Wed Jun 10 10:17:07 UTC 2026 msgTimeDelayInMs=0 putInQueueCount=0
2026-06-10 18:17:07 INFO TransactionalMessageCheckService - End to check prepare message, consumed time:0
2026-06-10 18:17:37 INFO TransactionalMessageCheckService - Begin to check prepare message, begin time:1781086657556
2026-06-10 18:17:37 INFO TransactionalMessageCheckService - Before check, the queue=MessageQueue [topic=RMQ_SYS_TRANS_HALF_TOPIC, brokerName=broker-a, queueId=0] msgOffset=0 opOffset=0
2026-06-10 18:17:37 WARN TransactionalMessageCheckService - No new message. GetMessageStatus=NO_MESSAGE_IN_QUEUE, topic=RMQ_SYS_TRANS_OP_HALF_TOPIC, groupId=CID_RMQ_SYS_TRANS, requestOffset=0
2026-06-10 18:17:37 WARN TransactionalMessageCheckService - The miss op offset=0 in queue=MessageQueue [topic=RMQ_SYS_TRANS_OP_HALF_TOPIC, brokerName=broker-a, queueId=0] is NO_NEW_MSG, pullResult=PullResult [pullStatus=NO_NEW_MSG, nextBeginOffset=0, minOffset=0, maxOffset=0, msgFoundList=0]
2026-06-10 18:17:37 WARN TransactionalMessageCheckService - No new message. GetMessageStatus=NO_MESSAGE_IN_QUEUE, topic=RMQ_SYS_TRANS_HALF_TOPIC, groupId=CID_RMQ_SYS_TRANS, requestOffset=0
2026-06-10 18:17:37 WARN TransactionalMessageCheckService - No new message. GetMessageStatus=NO_MESSAGE_IN_QUEUE, topic=RMQ_SYS_TRANS_HALF_TOPIC, groupId=CID_RMQ_SYS_TRANS, requestOffset=0
2026-06-10 18:17:37 WARN TransactionalMessageCheckService - No new message. GetMessageStatus=NO_MESSAGE_IN_QUEUE, topic=RMQ_SYS_TRANS_OP_HALF_TOPIC, groupId=CID_RMQ_SYS_TRANS, requestOffset=0
2026-06-10 18:17:37 INFO TransactionalMessageCheckService - After check, MessageQueue [topic=RMQ_SYS_TRANS_HALF_TOPIC, brokerName=broker-a, queueId=0] opOffset=0 opOffsetDiff=0 msgOffset=0 msgOffsetDiff=0 msgTime=Wed Jun 10 10:17:37 UTC 2026 msgTimeDelayInMs=0 putInQueueCount=0
2026-06-10 18:17:37 INFO TransactionalMessageCheckService - End to check prepare message, consumed time:0
2026-06-10 18:18:07 INFO TransactionalMessageCheckService - Begin to check prepare message, begin time:1781086687556
2026-06-10 18:18:07 INFO TransactionalMessageCheckService - Before check, the queue=MessageQueue [topic=RMQ_SYS_TRANS_HALF_TOPIC, brokerName=broker-a, queueId=0] msgOffset=0 opOffset=0
2026-06-10 18:18:07 WARN TransactionalMessageCheckService - No new message. GetMessageStatus=NO_MESSAGE_IN_QUEUE, topic=RMQ_SYS_TRANS_OP_HALF_TOPIC, groupId=CID_RMQ_SYS_TRANS, requestOffset=0
2026-06-10 18:18:07 WARN TransactionalMessageCheckService - The miss op offset=0 in queue=MessageQueue [topic=RMQ_SYS_TRANS_OP_HALF_TOPIC, brokerName=broker-a, queueId=0] is NO_NEW_MSG, pullResult=PullResult [pullStatus=NO_NEW_MSG, nextBeginOffset=0, minOffset=0, maxOffset=0, msgFoundList=0]
2026-06-10 18:18:07 WARN TransactionalMessageCheckService - No new message. GetMessageStatus=NO_MESSAGE_IN_QUEUE, topic=RMQ_SYS_TRANS_HALF_TOPIC, groupId=CID_RMQ_SYS_TRANS, requestOffset=0
2026-06-10 18:18:07 WARN TransactionalMessageCheckService - No new message. GetMessageStatus=NO_MESSAGE_IN_QUEUE, topic=RMQ_SYS_TRANS_HALF_TOPIC, groupId=CID_RMQ_SYS_TRANS, requestOffset=0
2026-06-10 18:18:07 WARN TransactionalMessageCheckService - No new message. GetMessageStatus=NO_MESSAGE_IN_QUEUE, topic=RMQ_SYS_TRANS_OP_HALF_TOPIC, groupId=CID_RMQ_SYS_TRANS, requestOffset=0
2026-06-10 18:18:07 INFO TransactionalMessageCheckService - After check, MessageQueue [topic=RMQ_SYS_TRANS_HALF_TOPIC, brokerName=broker-a, queueId=0] opOffset=0 opOffsetDiff=0 msgOffset=0 msgOffsetDiff=0 msgTime=Wed Jun 10 10:18:07 UTC 2026 msgTimeDelayInMs=0 putInQueueCount=0
2026-06-10 18:18:07 INFO TransactionalMessageCheckService - End to check prepare message, consumed time:0
2026-06-10 18:18:37 INFO TransactionalMessageCheckService - Begin to check prepare message, begin time:1781086717556
2026-06-10 18:18:37 INFO TransactionalMessageCheckService - Before check, the queue=MessageQueue [topic=RMQ_SYS_TRANS_HALF_TOPIC, brokerName=broker-a, queueId=0] msgOffset=0 opOffset=0
2026-06-10 18:18:37 WARN TransactionalMessageCheckService - No new message. GetMessageStatus=NO_MESSAGE_IN_QUEUE, topic=RMQ_SYS_TRANS_OP_HALF_TOPIC, groupId=CID_RMQ_SYS_TRANS, requestOffset=0
2026-06-10 18:18:37 WARN TransactionalMessageCheckService - The miss op offset=0 in queue=MessageQueue [topic=RMQ_SYS_TRANS_OP_HALF_TOPIC, brokerName=broker-a, queueId=0] is NO_NEW_MSG, pullResult=PullResult [pullStatus=NO_NEW_MSG, nextBeginOffset=0, minOffset=0, maxOffset=0, msgFoundList=0]
2026-06-10 18:18:37 WARN TransactionalMessageCheckService - No new message. GetMessageStatus=NO_MESSAGE_IN_QUEUE, topic=RMQ_SYS_TRANS_HALF_TOPIC, groupId=CID_RMQ_SYS_TRANS, requestOffset=0
2026-06-10 18:18:37 WARN TransactionalMessageCheckService - No new message. GetMessageStatus=NO_MESSAGE_IN_QUEUE, topic=RMQ_SYS_TRANS_HALF_TOPIC, groupId=CID_RMQ_SYS_TRANS, requestOffset=0
2026-06-10 18:18:37 WARN TransactionalMessageCheckService - No new message. GetMessageStatus=NO_MESSAGE_IN_QUEUE, topic=RMQ_SYS_TRANS_OP_HALF_TOPIC, groupId=CID_RMQ_SYS_TRANS, requestOffset=0
2026-06-10 18:18:37 INFO TransactionalMessageCheckService - After check, MessageQueue [topic=RMQ_SYS_TRANS_HALF_TOPIC, brokerName=broker-a, queueId=0] opOffset=0 opOffsetDiff=0 msgOffset=0 msgOffsetDiff=0 msgTime=Wed Jun 10 10:18:37 UTC 2026 msgTimeDelayInMs=0 putInQueueCount=0
2026-06-10 18:18:37 INFO TransactionalMessageCheckService - End to check prepare message, consumed time:1
2026-06-10 18:19:07 INFO TransactionalMessageCheckService - Begin to check prepare message, begin time:1781086747557
2026-06-10 18:19:07 INFO TransactionalMessageCheckService - Before check, the queue=MessageQueue [topic=RMQ_SYS_TRANS_HALF_TOPIC, brokerName=broker-a, queueId=0] msgOffset=0 opOffset=0
2026-06-10 18:19:07 WARN TransactionalMessageCheckService - No new message. GetMessageStatus=NO_MESSAGE_IN_QUEUE, topic=RMQ_SYS_TRANS_OP_HALF_TOPIC, groupId=CID_RMQ_SYS_TRANS, requestOffset=0
2026-06-10 18:19:07 WARN TransactionalMessageCheckService - The miss op offset=0 in queue=MessageQueue [topic=RMQ_SYS_TRANS_OP_HALF_TOPIC, brokerName=broker-a, queueId=0] is NO_NEW_MSG, pullResult=PullResult [pullStatus=NO_NEW_MSG, nextBeginOffset=0, minOffset=0, maxOffset=0, msgFoundList=0]
2026-06-10 18:19:07 WARN TransactionalMessageCheckService - No new message. GetMessageStatus=NO_MESSAGE_IN_QUEUE, topic=RMQ_SYS_TRANS_HALF_TOPIC, groupId=CID_RMQ_SYS_TRANS, requestOffset=0
2026-06-10 18:19:07 WARN TransactionalMessageCheckService - No new message. GetMessageStatus=NO_MESSAGE_IN_QUEUE, topic=RMQ_SYS_TRANS_HALF_TOPIC, groupId=CID_RMQ_SYS_TRANS, requestOffset=0
2026-06-10 18:19:07 WARN TransactionalMessageCheckService - No new message. GetMessageStatus=NO_MESSAGE_IN_QUEUE, topic=RMQ_SYS_TRANS_OP_HALF_TOPIC, groupId=CID_RMQ_SYS_TRANS, requestOffset=0
2026-06-10 18:19:07 INFO TransactionalMessageCheckService - After check, MessageQueue [topic=RMQ_SYS_TRANS_HALF_TOPIC, brokerName=broker-a, queueId=0] opOffset=0 opOffsetDiff=0 msgOffset=0 msgOffsetDiff=0 msgTime=Wed Jun 10 10:19:07 UTC 2026 msgTimeDelayInMs=0 putInQueueCount=0
2026-06-10 18:19:07 INFO TransactionalMessageCheckService - End to check prepare message, consumed time:0
2026-06-10 18:19:37 INFO TransactionalMessageCheckService - Begin to check prepare message, begin time:1781086777557
2026-06-10 18:19:37 INFO TransactionalMessageCheckService - Before check, the queue=MessageQueue [topic=RMQ_SYS_TRANS_HALF_TOPIC, brokerName=broker-a, queueId=0] msgOffset=0 opOffset=0
2026-06-10 18:19:37 WARN TransactionalMessageCheckService - No new message. GetMessageStatus=NO_MESSAGE_IN_QUEUE, topic=RMQ_SYS_TRANS_OP_HALF_TOPIC, groupId=CID_RMQ_SYS_TRANS, requestOffset=0
2026-06-10 18:19:37 WARN TransactionalMessageCheckService - The miss op offset=0 in queue=MessageQueue [topic=RMQ_SYS_TRANS_OP_HALF_TOPIC, brokerName=broker-a, queueId=0] is NO_NEW_MSG, pullResult=PullResult [pullStatus=NO_NEW_MSG, nextBeginOffset=0, minOffset=0, maxOffset=0, msgFoundList=0]
2026-06-10 18:19:37 WARN TransactionalMessageCheckService - No new message. GetMessageStatus=NO_MESSAGE_IN_QUEUE, topic=RMQ_SYS_TRANS_HALF_TOPIC, groupId=CID_RMQ_SYS_TRANS, requestOffset=0
2026-06-10 18:19:37 WARN TransactionalMessageCheckService - No new message. GetMessageStatus=NO_MESSAGE_IN_QUEUE, topic=RMQ_SYS_TRANS_HALF_TOPIC, groupId=CID_RMQ_SYS_TRANS, requestOffset=0
2026-06-10 18:19:37 WARN TransactionalMessageCheckService - No new message. GetMessageStatus=NO_MESSAGE_IN_QUEUE, topic=RMQ_SYS_TRANS_OP_HALF_TOPIC, groupId=CID_RMQ_SYS_TRANS, requestOffset=0
2026-06-10 18:19:37 INFO TransactionalMessageCheckService - After check, MessageQueue [topic=RMQ_SYS_TRANS_HALF_TOPIC, brokerName=broker-a, queueId=0] opOffset=0 opOffsetDiff=0 msgOffset=0 msgOffsetDiff=0 msgTime=Wed Jun 10 10:19:37 UTC 2026 msgTimeDelayInMs=0 putInQueueCount=0
2026-06-10 18:19:37 INFO TransactionalMessageCheckService - End to check prepare message, consumed time:0
2026-06-10 18:20:07 INFO TransactionalMessageCheckService - Begin to check prepare message, begin time:1781086807557
2026-06-10 18:20:07 INFO TransactionalMessageCheckService - Before check, the queue=MessageQueue [topic=RMQ_SYS_TRANS_HALF_TOPIC, brokerName=broker-a, queueId=0] msgOffset=0 opOffset=0
2026-06-10 18:20:07 WARN TransactionalMessageCheckService - No new message. GetMessageStatus=NO_MESSAGE_IN_QUEUE, topic=RMQ_SYS_TRANS_OP_HALF_TOPIC, groupId=CID_RMQ_SYS_TRANS, requestOffset=0
2026-06-10 18:20:07 WARN TransactionalMessageCheckService - The miss op offset=0 in queue=MessageQueue [topic=RMQ_SYS_TRANS_OP_HALF_TOPIC, brokerName=broker-a, queueId=0] is NO_NEW_MSG, pullResult=PullResult [pullStatus=NO_NEW_MSG, nextBeginOffset=0, minOffset=0, maxOffset=0, msgFoundList=0]
2026-06-10 18:20:07 WARN TransactionalMessageCheckService - No new message. GetMessageStatus=NO_MESSAGE_IN_QUEUE, topic=RMQ_SYS_TRANS_HALF_TOPIC, groupId=CID_RMQ_SYS_TRANS, requestOffset=0
2026-06-10 18:20:07 WARN TransactionalMessageCheckService - No new message. GetMessageStatus=NO_MESSAGE_IN_QUEUE, topic=RMQ_SYS_TRANS_HALF_TOPIC, groupId=CID_RMQ_SYS_TRANS, requestOffset=0
2026-06-10 18:20:07 WARN TransactionalMessageCheckService - No new message. GetMessageStatus=NO_MESSAGE_IN_QUEUE, topic=RMQ_SYS_TRANS_OP_HALF_TOPIC, groupId=CID_RMQ_SYS_TRANS, requestOffset=0
2026-06-10 18:20:07 INFO TransactionalMessageCheckService - After check, MessageQueue [topic=RMQ_SYS_TRANS_HALF_TOPIC, brokerName=broker-a, queueId=0] opOffset=0 opOffsetDiff=0 msgOffset=0 msgOffsetDiff=0 msgTime=Wed Jun 10 10:20:07 UTC 2026 msgTimeDelayInMs=0 putInQueueCount=0
2026-06-10 18:20:07 INFO TransactionalMessageCheckService - End to check prepare message, consumed time:1
2026-06-10 18:20:37 INFO TransactionalMessageCheckService - Begin to check prepare message, begin time:1781086837558
2026-06-10 18:20:37 INFO TransactionalMessageCheckService - Before check, the queue=MessageQueue [topic=RMQ_SYS_TRANS_HALF_TOPIC, brokerName=broker-a, queueId=0] msgOffset=0 opOffset=0
2026-06-10 18:20:37 WARN TransactionalMessageCheckService - No new message. GetMessageStatus=NO_MESSAGE_IN_QUEUE, topic=RMQ_SYS_TRANS_OP_HALF_TOPIC, groupId=CID_RMQ_SYS_TRANS, requestOffset=0
2026-06-10 18:20:37 WARN TransactionalMessageCheckService - The miss op offset=0 in queue=MessageQueue [topic=RMQ_SYS_TRANS_OP_HALF_TOPIC, brokerName=broker-a, queueId=0] is NO_NEW_MSG, pullResult=PullResult [pullStatus=NO_NEW_MSG, nextBeginOffset=0, minOffset=0, maxOffset=0, msgFoundList=0]
2026-06-10 18:20:37 WARN TransactionalMessageCheckService - No new message. GetMessageStatus=NO_MESSAGE_IN_QUEUE, topic=RMQ_SYS_TRANS_HALF_TOPIC, groupId=CID_RMQ_SYS_TRANS, requestOffset=0
2026-06-10 18:20:37 WARN TransactionalMessageCheckService - No new message. GetMessageStatus=NO_MESSAGE_IN_QUEUE, topic=RMQ_SYS_TRANS_HALF_TOPIC, groupId=CID_RMQ_SYS_TRANS, requestOffset=0
2026-06-10 18:20:37 WARN TransactionalMessageCheckService - No new message. GetMessageStatus=NO_MESSAGE_IN_QUEUE, topic=RMQ_SYS_TRANS_OP_HALF_TOPIC, groupId=CID_RMQ_SYS_TRANS, requestOffset=0
2026-06-10 18:20:37 INFO TransactionalMessageCheckService - After check, MessageQueue [topic=RMQ_SYS_TRANS_HALF_TOPIC, brokerName=broker-a, queueId=0] opOffset=0 opOffsetDiff=0 msgOffset=0 msgOffsetDiff=0 msgTime=Wed Jun 10 10:20:37 UTC 2026 msgTimeDelayInMs=0 putInQueueCount=0
2026-06-10 18:20:37 INFO TransactionalMessageCheckService - End to check prepare message, consumed time:0
2026-06-10 18:21:07 INFO TransactionalMessageCheckService - Begin to check prepare message, begin time:1781086867558
2026-06-10 18:21:07 INFO TransactionalMessageCheckService - Before check, the queue=MessageQueue [topic=RMQ_SYS_TRANS_HALF_TOPIC, brokerName=broker-a, queueId=0] msgOffset=0 opOffset=0
2026-06-10 18:21:07 WARN TransactionalMessageCheckService - No new message. GetMessageStatus=NO_MESSAGE_IN_QUEUE, topic=RMQ_SYS_TRANS_OP_HALF_TOPIC, groupId=CID_RMQ_SYS_TRANS, requestOffset=0
2026-06-10 18:21:07 WARN TransactionalMessageCheckService - The miss op offset=0 in queue=MessageQueue [topic=RMQ_SYS_TRANS_OP_HALF_TOPIC, brokerName=broker-a, queueId=0] is NO_NEW_MSG, pullResult=PullResult [pullStatus=NO_NEW_MSG, nextBeginOffset=0, minOffset=0, maxOffset=0, msgFoundList=0]
2026-06-10 18:21:07 WARN TransactionalMessageCheckService - No new message. GetMessageStatus=NO_MESSAGE_IN_QUEUE, topic=RMQ_SYS_TRANS_HALF_TOPIC, groupId=CID_RMQ_SYS_TRANS, requestOffset=0
2026-06-10 18:21:07 WARN TransactionalMessageCheckService - No new message. GetMessageStatus=NO_MESSAGE_IN_QUEUE, topic=RMQ_SYS_TRANS_HALF_TOPIC, groupId=CID_RMQ_SYS_TRANS, requestOffset=0
2026-06-10 18:21:07 WARN TransactionalMessageCheckService - No new message. GetMessageStatus=NO_MESSAGE_IN_QUEUE, topic=RMQ_SYS_TRANS_OP_HALF_TOPIC, groupId=CID_RMQ_SYS_TRANS, requestOffset=0
2026-06-10 18:21:07 INFO TransactionalMessageCheckService - After check, MessageQueue [topic=RMQ_SYS_TRANS_HALF_TOPIC, brokerName=broker-a, queueId=0] opOffset=0 opOffsetDiff=0 msgOffset=0 msgOffsetDiff=0 msgTime=Wed Jun 10 10:21:07 UTC 2026 msgTimeDelayInMs=0 putInQueueCount=0
2026-06-10 18:21:07 INFO TransactionalMessageCheckService - End to check prepare message, consumed time:0
2026-06-10 18:21:37 INFO TransactionalMessageCheckService - Begin to check prepare message, begin time:1781086897558
2026-06-10 18:21:37 INFO TransactionalMessageCheckService - Before check, the queue=MessageQueue [topic=RMQ_SYS_TRANS_HALF_TOPIC, brokerName=broker-a, queueId=0] msgOffset=0 opOffset=0
2026-06-10 18:21:37 WARN TransactionalMessageCheckService - No new message. GetMessageStatus=NO_MESSAGE_IN_QUEUE, topic=RMQ_SYS_TRANS_OP_HALF_TOPIC, groupId=CID_RMQ_SYS_TRANS, requestOffset=0
2026-06-10 18:21:37 WARN TransactionalMessageCheckService - The miss op offset=0 in queue=MessageQueue [topic=RMQ_SYS_TRANS_OP_HALF_TOPIC, brokerName=broker-a, queueId=0] is NO_NEW_MSG, pullResult=PullResult [pullStatus=NO_NEW_MSG, nextBeginOffset=0, minOffset=0, maxOffset=0, msgFoundList=0]
2026-06-10 18:21:37 WARN TransactionalMessageCheckService - No new message. GetMessageStatus=NO_MESSAGE_IN_QUEUE, topic=RMQ_SYS_TRANS_HALF_TOPIC, groupId=CID_RMQ_SYS_TRANS, requestOffset=0
2026-06-10 18:21:37 WARN TransactionalMessageCheckService - No new message. GetMessageStatus=NO_MESSAGE_IN_QUEUE, topic=RMQ_SYS_TRANS_HALF_TOPIC, groupId=CID_RMQ_SYS_TRANS, requestOffset=0
2026-06-10 18:21:37 WARN TransactionalMessageCheckService - No new message. GetMessageStatus=NO_MESSAGE_IN_QUEUE, topic=RMQ_SYS_TRANS_OP_HALF_TOPIC, groupId=CID_RMQ_SYS_TRANS, requestOffset=0
2026-06-10 18:21:37 INFO TransactionalMessageCheckService - After check, MessageQueue [topic=RMQ_SYS_TRANS_HALF_TOPIC, brokerName=broker-a, queueId=0] opOffset=0 opOffsetDiff=0 msgOffset=0 msgOffsetDiff=0 msgTime=Wed Jun 10 10:21:37 UTC 2026 msgTimeDelayInMs=0 putInQueueCount=0
2026-06-10 18:21:37 INFO TransactionalMessageCheckService - End to check prepare message, consumed time:1
